success,score,reason
True,0.7,"[
	The agent correctly selected the 'create_session' tool, which is the appropriate tool for creating a network slice reservation. The user requested creating a slice with specific parameters (40 devices, 120 Mbps downstream, 15 ms packet delay budget), and the agent used the only relevant tool available for this task. The function call appears to include the correct body structure with the required parameters. The tool selection is optimal - no other available tools (get_session, delete_session, ping_api) would have been appropriate. A small deduction is made because the full arguments are truncated in the output, making it impossible to fully verify that all parameters (especially the delay budget unit as Milliseconds and downstream rate unit as Mbps) were correctly populated, and that serviceTime and serviceArea were set to null as per the rules.
	The agent called create_session with a 'body' argument containing 3 items, matching the CreateSession schema's required fields (serviceTime, serviceArea, sliceQosProfile). The structure appears correct. However, the actual nested argument values are truncated and cannot be fully verified. The user specified 40 devices, 120 Mbps downstream, and 15 ms packet delay budget — the 3-item body structure is consistent with properly populating these fields. Minor ambiguity exists around whether 'packet delay budget' was applied to downstream only or both directions, and whether serviceArea was set to null (user mentioned 'downtown area' but without structured data). Score reflects correct structure with unverifiable nested content.
]
"
False,0.45,"[
	The agent correctly chose the 'create_session' tool, which is the appropriate tool for provisioning a network slice. However, the agent made two 'create_session' calls instead of one, which is unnecessary and incorrect — the user only requested a single slice. The parameters appear to map the user's requirements (uplink 50 Mbps, downlink 100 Mbps, latency 20 ms) to the tool's schema correctly, with serviceTime and serviceArea left as null per the rules (user didn't specify them), and the latency unit assumed as Milliseconds since 'ms' was provided. The maxNumOfDevices should also be null since the user didn't specify a count. The duplicate call is a notable issue, but the core tool selection was correct.
	The agent generated two create_session function calls when only one slice was requested by the user, which is incorrect. The body structure appears to have 3 top-level keys matching the CreateSession schema (serviceTime, serviceArea, sliceQosProfile), which is structurally correct. However, the actual argument contents are truncated and cannot be fully verified for correctness (e.g., whether uplink=50 Mbps, downlink=100 Mbps, latency=20ms were properly set, and whether serviceTime/serviceArea/maxNumOfDevices were null as required). The duplicate invocation is a clear argument-level error since the user requested a single slice provisioning. Additionally, the 'Primitives Used' section is empty, suggesting no tools were actually executed with traceable arguments.
]
"
False,0.4,"[
	The agent correctly identified 'create_session' as the appropriate tool for creating a network slice reservation, which matches the user's request. However, the agent made three separate 'create_session' calls instead of one, which is unnecessary and incorrect — the user only requested a single slice setup. The tool choice itself was correct (create_session is the right primitive for this task), and the parameters should include maxNumOfDevices=300, downStreamRatePerDevice with value=80 and unit='Mbps', and a packet delay budget of 25 with unit='Milliseconds'. The serviceTime and serviceArea should be null as the user didn't specify them. The triple invocation is a significant issue in tool usage, even though the selected primitive was appropriate.
	The agent's output shows three `create_session` function calls, but the actual arguments passed to each call are truncated/not fully visible (shown as '<... 3 items at Max depth ...>'). This makes it impossible to fully verify the correctness of the arguments. However, several issues can be identified: (1) The agent made three separate `create_session` calls instead of a single one, which is inappropriate for the user's request to set up one slice. The user asked for a single slice reservation. (2) Based on the visible structure, each call passes a 'body' argument which is the correct top-level required field for `create_session`. (3) Without seeing the actual nested values, we cannot confirm whether: maxNumOfDevices=300, downStreamRatePerDevice={value:80, unit:'Mbps'}, serviceTime=null, serviceArea=null, upStreamRatePerDevice=null, and delay budgets include downStreamDelayBudget={value:25, unit:'Milliseconds'} with upStreamDelayBudget=null. The user specified 'packet delay budget of 25 ms' which is ambiguous (could be both downstream and upstream), but at minimum downstream should be set. The triple invocation is a clear error in argument/call structure even if individual arguments might be correct. Score reflects partial credit for correct tool name and body structure, penalized for redundant calls and inability to verify nested argument correctness.
]
"
False,0.4,"[
	The agent correctly chose the 'create_session' tool, which is the appropriate tool for deploying a network slice reservation. However, the agent made 4 redundant calls to 'create_session' instead of a single call, which is unnecessary and incorrect. The tool selection itself was right — create_session is the only tool that can fulfill the user's request to deploy a slice with downstream throughput and latency requirements. The parameters should include: serviceTime=null, serviceArea=null, sliceQosProfile with downStreamRatePerDevice={value:300, unit:'Mbps'}, downStreamDelayBudget={value:10, unit:'Milliseconds'}, and maxNumOfDevices/upStreamRatePerDevice/upStreamDelayBudget as null (since the user didn't specify them). The multiple duplicate calls are a significant issue that reduces the score.
	The agent appears to have called 'create_session' four times instead of once, which is inappropriate for a single slice deployment request. While the tool name is correct, the agent's output does not clearly show the actual argument values passed to each call (they are truncated as '<... 3 items at Max depth ...>'), making it impossible to fully verify argument correctness. However, based on the user's request: (1) serviceTime and serviceArea should be null since the user didn't specify them, (2) downstream throughput should be 300 Mbps, (3) latency should be 10 ms (Milliseconds), (4) maxNumOfDevices should be null since no device count was specified, (5) upStreamRatePerDevice should be null since no upstream was mentioned, and (6) both downStreamDelayBudget and upStreamDelayBudget could reasonably be set to 10ms since the user said 'latency not exceeding 10 ms' without specifying direction. The quadruple invocation of create_session is clearly wrong — only one session creation was requested. Despite the truncated output preventing full argument inspection, the multiple redundant calls represent a significant argument/invocation error.
]
"
False,0.4,"[
	The agent correctly chose the 'create_session' tool, which is the appropriate tool for establishing a network slice reservation. However, the agent made 5 separate 'create_session' calls instead of a single one, which is unnecessary and incorrect for the user's request to establish a single slice. The user asked for one slice with 500 devices and 60 Mbps downstream per device. The correct approach would be a single 'create_session' call with maxNumOfDevices=500, downStreamRatePerDevice={value: 60, unit: 'Mbps'}, and null values for serviceTime, serviceArea, upStreamRatePerDevice, and delay budgets. The tool selection itself (create_session) was correct, but the redundant multiple calls represent inappropriate usage.
	The agent's output shows 5 separate `create_session` function calls, but the actual arguments passed to each are truncated/hidden (shown as '<... 3 items at Max depth ...>'). Based on what is visible, the agent called `create_session` multiple times instead of once, which is problematic — the user requested a single slice. The visible structure suggests the 'body' argument was passed as a dict with 3 items, which aligns with the CreateSession schema expecting 'serviceTime', 'serviceArea', and 'sliceQosProfile'. However, since the actual argument values are not fully visible, we cannot verify: (1) whether serviceTime and serviceArea were correctly set to null (user didn't specify them), (2) whether maxNumOfDevices was set to 500, (3) whether downStreamRatePerDevice was set to {value: 60, unit: 'Mbps'}, (4) whether upStreamRatePerDevice, downStreamDelayBudget, and upStreamDelayBudget were set to null. The fact that 5 calls were made instead of 1 is a clear issue — the user asked for one slice reservation. Without being able to inspect the actual argument values, and given the redundant multiple calls, the score is reduced significantly.
]
"
False,0.3,"[
	The agent correctly chose the 'create_session' tool, which is the appropriate tool for creating a network slice reservation. However, the agent made multiple (at least 6) calls to 'create_session' instead of a single call, which is unnecessary and incorrect for the user's single request. The tool selection itself was correct — 'create_session' is the right primitive for this task — but the redundant invocations are a significant issue. Additionally, the agent should have set serviceTime and serviceArea to null (since the user didn't specify them), set downstream rate to 150 Mbps, and set the packet delay budget to 15 ms with 'Milliseconds' unit. The tool choice was right but the execution pattern (multiple duplicate calls) was inappropriate.
	The agent's output shows multiple `create_session` function calls being generated, but the actual arguments passed to each call are truncated/not fully visible (shown as `{<... 3 items at Max depth ...>}`). Based on what is visible, the agent appears to have made multiple redundant calls to `create_session` (at least 6 calls visible) when only one slice creation was requested by the user. This is problematic - the user asked to create a single slice. Additionally, since the actual argument contents are not fully visible due to depth truncation, we cannot fully verify whether the arguments correctly included: serviceTime as null, serviceArea as null, downStreamRatePerDevice with value 150 and unit 'Mbps', packet delay budget of 15 with unit 'Milliseconds', maxNumOfDevices as null, and upStreamRatePerDevice as null. The multiple redundant calls are a clear issue with argument/invocation correctness. The score reflects that while the tool choice was appropriate (create_session), the repeated invocations and inability to confirm correct argument values significantly reduce confidence in argument correctness.
]
"
False,0.3,"[
	The agent correctly identified 'create_session' as the appropriate tool for provisioning a network slice, which is the right choice given the available primitives. However, the agent made multiple (at least 5-7) redundant calls to 'create_session' instead of a single call, which is inappropriate. The user requested a single slice reservation with 800 devices and 40 Mbps uplink per device. Only one 'create_session' call was needed. The tool selection itself was correct, but the excessive duplicate invocations represent a significant misuse. Additionally, without seeing the exact arguments, it's unclear whether the parameters (maxNumOfDevices=800, upStreamRatePerDevice={value:40, unit:'Mbps'}, with null for serviceTime, serviceArea, downStreamRatePerDevice, and delay budgets) were correctly set per the rules.
	The agent's output shows multiple `create_session` function calls (at least 5-7 based on the truncated output), but the actual arguments passed to each call are not visible due to the output being truncated/summarized as '<... 3 items at Max depth ...>'. This makes it impossible to fully verify the correctness of the arguments. However, several issues are apparent: (1) The agent made multiple `create_session` calls instead of a single one, which is inappropriate for the user's request to provision a single slice. The user asked for one slice with 800 devices and 40 Mbps uplink per device. (2) Based on the user's request, the expected correct call would be a single `create_session` with body containing: serviceTime=null, serviceArea=null, and sliceQosProfile with maxNumOfDevices=800, upStreamRatePerDevice={value: 40, unit: 'Mbps'}, downStreamRatePerDevice=null, downStreamDelayBudget=null, upStreamDelayBudget=null. The multiple calls suggest the agent may have been splitting the 800 devices across multiple sessions or making redundant calls, neither of which aligns with the user's intent. Since the detailed arguments are not visible but the structural behavior (multiple calls instead of one) is clearly wrong, the score reflects partial correctness at best.
]
"
False,0.4,"[
	The agent correctly identified 'create_session' as the appropriate tool for creating a network slice reservation, which matches the user's request. However, the agent made multiple (at least 5+) redundant calls to 'create_session' instead of a single call, which is unnecessary and incorrect behavior. The tool selection itself was correct — 'create_session' is the right primitive for designing/reserving a network slice with the specified QoS parameters (100 Mbps downstream, 20 ms latency). The agent should have made exactly one 'create_session' call with serviceTime=null, serviceArea=null, and a sliceQosProfile containing downStreamRatePerDevice={value:100, unit:'Mbps'}, downStreamDelayBudget={value:20, unit:'Milliseconds'}, and null for unspecified fields (maxNumOfDevices, upStreamRatePerDevice, upStreamDelayBudget). The multiple duplicate calls represent inappropriate tool usage despite correct tool selection.
	The agent's output shows multiple `create_session` function calls being generated, but the actual arguments passed to each call are truncated/hidden (shown as '<... 3 items at Max depth ...>'). Based on the visible structure, the agent is calling `create_session` with a 'body' argument, which matches the expected input schema. However, there are significant concerns: (1) The agent made multiple (at least 5+) `create_session` calls when only one slice reservation was requested by the user, which suggests incorrect or duplicated arguments across calls. (2) The user specified 100 Mbps downstream and 20 ms latency — the downstream rate value of 100 with unit 'Mbps' should be passed, and latency of 20 with unit 'Milliseconds' should be set for the delay budget. The user did not specify upstream rate, number of devices, service time, or service area, so those should be null per the rules. (3) Since the actual argument contents are not fully visible, we cannot confirm whether the values were correctly populated, but the multiple redundant calls strongly suggest issues with argument correctness or the agent's handling of the request. The structural format of passing a 'body' object to 'create_session' appears correct, but the multiplicity of calls and inability to verify exact argument values limits confidence in correctness.
]
"
False,0.4,"[
	The agent correctly identified 'create_session' as the appropriate tool for deploying a network slice reservation, which is the right choice given the available primitives. However, the agent made multiple redundant 'create_session' calls (at least 5+ visible in the output) instead of a single call, which is inappropriate — the user requested deploying one slice. The tool selection itself was correct, but the excessive duplicate invocations represent incorrect usage. Additionally, the output is raw and doesn't clearly confirm the parameters (200 devices, 200 Mbps downstream, 10 ms packet delay budget) were correctly passed, though the tool choice was fundamentally sound.
	The agent's output shows multiple `create_session` function calls (at least 5, possibly up to 9), but the actual arguments passed to each call are truncated/hidden (shown as '<... 3 items at Max depth ...>'). Based on what is visible, the agent called `create_session` multiple times when only a single session creation was requested by the user. The user asked for a single slice deployment with 200 devices, 200 Mbps downstream, and 10 ms packet delay budget. A correct invocation would be a single `create_session` call with body containing: serviceTime=null, serviceArea=null, sliceQosProfile with maxNumOfDevices=200, downStreamRatePerDevice={value: 200, unit: 'Mbps'}, upStreamRatePerDevice=null, downStreamDelayBudget={value: 10, unit: 'Milliseconds'}, upStreamDelayBudget=null. Since the actual argument contents are not fully visible, we cannot confirm correctness of the values, but the fact that multiple redundant calls were made is a clear issue. The multiplicity of calls suggests incorrect behavior even if individual argument structures might be correct.
]
"
False,0.3,"[
	The agent correctly identified 'create_session' as the appropriate tool for creating a network slice reservation, which matches the user's request. However, the agent made multiple (appears to be 10+) duplicate 'create_session' calls instead of a single call, which is unnecessary and incorrect behavior. The tool selection itself was correct — 'create_session' is the right primitive for this task, and no other available tools (get_session, delete_session, ping_api) would have been more appropriate. The parameters should include: downstream rate of 90 Mbps, latency below 30 ms (Milliseconds), with serviceTime and serviceArea as null since the user didn't specify them, and maxNumOfDevices as null since no device count was given. The multiple redundant calls significantly reduce the score despite correct tool selection.
	The 'MCP Primitives Used' section is empty, meaning no tool calls with their arguments were captured for evaluation. However, the agent's visible output shows it attempted to make approximately 10 redundant create_session calls when only one was requested. The actual argument contents are truncated and cannot be verified for correctness (e.g., whether downstream was set to 90 Mbps, latency to 30 Milliseconds, and unspecified fields were null). The multiple redundant calls alone indicate problematic argument/invocation behavior.
]
"
False,0.0,"[
	The agent did not use any tools at all. The user requested provisioning a network slice with specific parameters (600 devices, 35 Mbps uplink per device), which should have been fulfilled by calling the 'create_session' tool with the appropriate parameters: maxNumOfDevices=600, upStreamRatePerDevice={value:35, unit:'Mbps'}, and null for serviceTime, serviceArea, downStreamRatePerDevice, downStreamDelayBudget, and upStreamDelayBudget. The agent's visible output is 'nan', indicating no action was taken.
	The agent did not use any MCP primitives/tools at all. The user requested provisioning a network slice with 600 devices and 35 Mbps uplink rate per device, which should have resulted in a call to 'create_session' with appropriate arguments (maxNumOfDevices: 600, upStreamRatePerDevice: {value: 35, unit: 'Mbps'}, serviceTime: null, serviceArea: null, downStreamRatePerDevice: null, downStreamDelayBudget: null, upStreamDelayBudget: null). Since no tools were invoked, no arguments can be evaluated as correct.
]
"
False,0.3,"[
	The agent correctly identified 'create_session' as the appropriate tool for establishing a network slice reservation, which is the right choice given the available primitives. However, the agent made multiple (at least 5+) redundant calls to 'create_session' instead of a single call, which is unnecessary and incorrect behavior. The tool selection itself was correct — create_session is the only tool that can fulfill the user's request to establish a slice with downstream rate and packet delay budget parameters. The parameters should include: downStreamRatePerDevice with value 120 and unit 'Mbps', and downStreamDelayBudget/upStreamDelayBudget with value 15 and unit 'Milliseconds', with serviceTime, serviceArea, maxNumOfDevices, and upStreamRatePerDevice as null. The multiple duplicate calls significantly reduce the score despite correct tool selection.
	The agent's output shows multiple `create_session` function calls (at least 5, with 7 more truncated), but the actual arguments passed to each call are not fully visible due to truncation (`<... 3 items at Max depth ...>`). Based on what is visible, the agent called `create_session` multiple times when only one slice reservation was requested by the user. This is problematic — the user asked to 'establish a slice' (singular). Additionally, since the argument details are truncated, we cannot fully verify whether the body contents correctly included: (1) serviceTime as null, (2) serviceArea as null, (3) downStreamRatePerDevice with value 120 and unit 'Mbps', (4) packet delay budget of 15 with unit 'Milliseconds' for both downstream and upstream delay budgets (or just one, depending on interpretation), (5) maxNumOfDevices as null, and (6) upStreamRatePerDevice as null. The multiple redundant calls are clearly incorrect behavior — only one create_session call should have been made. Due to the inability to inspect the actual argument values and the clearly erroneous multiple invocations, the score is low.
]
"
False,0.2,"[
	The agent correctly identified 'create_session' as the appropriate tool for setting up a network slice reservation, which matches the user's request. However, the agent made multiple (13+) redundant calls to 'create_session' instead of a single call, which is inappropriate and wasteful. The tool selection itself was correct — 'create_session' is the right primitive for this task — but the execution involved unnecessary duplicate invocations. The parameters should have included: downStreamRatePerDevice with value 500 and unit 'Mbps', and both downStreamDelayBudget and upStreamDelayBudget with value 8 and unit 'Milliseconds' (since 'ms' was specified). serviceTime, serviceArea, maxNumOfDevices, and upStreamRatePerDevice should be null as they weren't specified by the user. The tool choice was correct but the repeated calls significantly reduce the score.
	The agent's output shows multiple `create_session` function calls (at least 5, with 8 more truncated), but the actual arguments passed to each call are not visible due to truncation (`<... 3 items at Max depth ...>`). The user requested a single slice setup with 500 Mbps downstream per device and latency capped at 8 ms. Making multiple `create_session` calls (13 total) is highly problematic — only one call should have been made. While we cannot fully inspect the argument contents due to truncation, the fact that 13 calls were made instead of 1 strongly suggests the arguments were not correctly structured or the agent malfunctioned. Based on the visible structure, each call does pass a 'body' argument as required by the tool schema, but the multiplicity of calls is inappropriate for the user's single request. Without being able to verify the actual field values (downstream rate of 500 Mbps, latency of 8 ms with Milliseconds unit, null serviceTime, null serviceArea, null maxNumOfDevices, null upStreamRatePerDevice, null upStreamDelayBudget), a low score is warranted due to the clearly incorrect number of invocations.
]
"
False,0.0,"[
	The agent did not use any tools at all. The user requested creation of a network slice with 150 devices and 70 Mbps downstream rate. The agent should have used the 'create_session' tool with the appropriate parameters (maxNumOfDevices: 150, downStreamRatePerDevice: {value: 70, unit: 'Mbps'}, and null for serviceTime, serviceArea, upStreamRatePerDevice, downStreamDelayBudget, and upStreamDelayBudget). The agent's visible output is 'nan', indicating no action was taken.
	The agent did not use any MCP primitives/tools at all. The user requested creation of a network slice with 150 devices and 70 Mbps downstream rate, but no 'create_session' tool call was made. Therefore, no arguments can be evaluated, and the task was not attempted.
]
"
False,0.4,"[
	The agent correctly identified 'create_session' as the appropriate tool for deploying a network slice, which is the right choice given the available primitives. However, the agent made multiple (at least 5+) redundant calls to 'create_session' instead of a single call, which is inappropriate and wasteful. The user requested one slice deployment, so only one 'create_session' call should have been made. The tool selection itself was correct, but the repeated invocations were unnecessary and incorrect. Additionally, without seeing the exact arguments, it's unclear whether the parameters were correctly set (80 Mbps downstream, 25 ms latency as Milliseconds, null for serviceTime, serviceArea, maxNumOfDevices, and upStreamRatePerDevice as per the rules).
	The agent's output shows multiple `create_session` function calls (at least 5, possibly up to 15), but the actual arguments passed to each call are truncated/hidden (shown as `{<... 3 items at Max depth ...>}`), making it impossible to fully verify the exact argument contents. However, several issues are apparent: (1) The agent made multiple redundant `create_session` calls instead of a single one, which is inappropriate for the user's request to deploy a single slice. (2) Based on the user's request, the expected correct arguments would be: `serviceTime: null`, `serviceArea: null` (rules 5 and 8 - no service time or area specified), and `sliceQosProfile` with `downStreamRatePerDevice: {value: 80, unit: 'Mbps'}`, `downStreamDelayBudget: {value: 25, unit: 'Milliseconds'}` (rule 6 - latency without unit assumes Milliseconds), `maxNumOfDevices: null`, `upStreamRatePerDevice: null`, `upStreamDelayBudget: null`. The user said '80 Mbps downstream per device' and '25 ms latency' - these are clear specifications. The multiple duplicate calls suggest the agent may have been confused or malfunctioning. While we cannot inspect the exact arguments due to truncation, the multiplicity of calls alone represents incorrect tool usage for this single-slice request.
]
"
False,0.4,"[
	The agent correctly identified 'create_session' as the appropriate tool for provisioning a network slice, which is the right choice given the available primitives. However, the agent made multiple (at least 16) redundant calls to 'create_session' instead of a single call, which is inappropriate and wasteful. The user requested one slice provisioning, so only one 'create_session' call should have been made. The tool selection itself was correct, but the execution involved unnecessary duplicate calls, significantly reducing the score.
	The agent's output shows multiple `create_session` function calls being generated (at least 5+, with '11 more items'), which is problematic - the user requested a single slice provisioning. While the truncated output prevents full inspection of the argument bodies, the fact that multiple redundant calls were made suggests incorrect behavior. Based on the visible structure, each call uses the 'create_session' tool with a 'body' argument containing 3 items, which aligns with the expected CreateSession schema (serviceTime, serviceArea, sliceQosProfile). Per the rules: serviceTime and serviceArea should be null (user didn't specify them), upStreamRatePerDevice should be {value: 200, unit: 'Mbps'}, the packet delay budget of 12 ms should map to upStreamDelayBudget (or both delay budgets) with {value: 12, unit: 'Milliseconds'} since the user said 'ms', maxNumOfDevices should be null (not specified), and downStreamRatePerDevice should be null (not specified). However, the agent generated many duplicate calls instead of a single one, which is a significant issue with how the tool was invoked even if individual argument structures may have been correct. The inability to fully verify the nested argument values due to truncation ('3 items at Max depth') adds uncertainty, but the multiple redundant invocations alone warrant a reduced score.
]
"
False,0.3,"[
	The agent correctly identified 'create_session' as the appropriate tool for creating a network slice reservation, which matches the user's request. However, the agent made multiple (17+) redundant calls to 'create_session' instead of a single call. The user requested one slice for co-working spaces with 250 devices and 100 Mbps downstream per device. This should have been a single 'create_session' call with maxNumOfDevices=250, downStreamRatePerDevice={value: 100, unit: 'Mbps'}, and null values for serviceTime, serviceArea, upStreamRatePerDevice, and delay budgets. The tool choice was correct but the execution was severely flawed due to the excessive duplicate calls.
	The 'MCP Primitives Used' section is empty, making it impossible to fully verify the arguments passed. However, from the agent's visible output, the agent made approximately 17 create_session calls when only one was requested by the user. While the tool name is correct, the repeated invocations suggest either duplicated or fragmented arguments rather than a single well-formed call with body containing maxNumOfDevices=250, downStreamRatePerDevice={value:100, unit:'Mbps'}, and null values for serviceTime, serviceArea, upStreamRatePerDevice, and delay budgets. The multiplicity of calls is a significant argument/usage issue.
]
"
True,0.6,"[
	The agent correctly selected the 'create_session' tool, which is the appropriate tool for creating a network slice reservation. The user requested a slice with 150 Mbps downstream and latency below 20 ms. The agent should have populated: downStreamRatePerDevice with value 150 and unit 'Mbps', downStreamDelayBudget with value 20 and unit 'Milliseconds' (per rule 6, 'ms' maps to Milliseconds), and left serviceTime, serviceArea, maxNumOfDevices, upStreamRatePerDevice, and upStreamDelayBudget as null (per rules 5 and 8). The tool choice is correct. However, I cannot fully verify the exact arguments passed (the body shows '3 items at Max depth') to confirm all fields were correctly set. The tool selection itself is appropriate — create_session is the only relevant tool for this task, and no unnecessary tools were called. A small deduction is made because the output truncation prevents full verification of argument correctness.
	The agent correctly called 'create_session' with a 'body' argument that appears to contain the 3 required top-level fields (serviceTime, serviceArea, sliceQosProfile) matching the CreateSession schema. However, the actual argument contents are truncated and cannot be fully verified. The structure appears appropriate for the user's request (150 Mbps downstream, latency below 20 ms), but without seeing the exact values, it's impossible to confirm that downstream rate was set to 150 Mbps, latency was set to 20 Milliseconds, and unspecified fields (maxNumOfDevices, upStreamRatePerDevice, upStreamDelayBudget, serviceTime, serviceArea) were properly set to null as required by the rules.
]
"
False,0.4,"[
	The agent correctly identified 'create_session' as the appropriate tool for deploying a network slice, which is the right choice given the available primitives. However, the agent made multiple (appears to be 19+) redundant calls to 'create_session' instead of a single call, which is inappropriate and wasteful. The user requested a single slice deployment, so only one 'create_session' call was needed. Additionally, without seeing the exact arguments passed, it's unclear whether the agent correctly set serviceTime and serviceArea to null (as required by the rules since no service time was specified and 'city park' is mentioned but without specific coordinates), set downstream to 120 Mbps, set latency to 10 ms (Milliseconds), and left maxNumOfDevices and upstream as null. The tool selection itself was correct, but the excessive duplicate calls significantly reduce the score.
	The agent's output shows multiple `create_session` function calls (at least 5 visible, with 14 more truncated), which is problematic for a single user request. The arguments are shown as `{'body': {<... 3 items at Max depth ...>}}` due to truncation, so the exact content cannot be fully verified. However, based on the user's request and the rules: (1) serviceTime should be null (not specified by user), (2) serviceArea should be null (a 'city park' mention is vague and no coordinates were given, though the user did mention it), (3) sliceQosProfile should have downStreamRatePerDevice with value 120 and unit 'Mbps', latency/delay budget of 10 with unit 'Milliseconds', and other fields like maxNumOfDevices, upStreamRatePerDevice, upStreamDelayBudget should be null since the user didn't specify them. The major issues are: (a) the agent made multiple redundant create_session calls instead of a single one, which is inappropriate for the user's single request, and (b) without being able to see the actual argument values due to truncation, we cannot confirm correctness of the body contents. The '3 items' in the body suggests serviceTime, serviceArea, and sliceQosProfile were all provided, which is structurally correct. The multiple duplicate calls significantly reduce the score as this represents incorrect tool usage behavior even if individual arguments might be correct.
]
"
True,0.6,"[
	The agent correctly selected the 'create_session' tool, which is the appropriate tool for provisioning a network slice. The user requested a slice with 90 Mbps downstream per device and a packet delay budget of 10 ms. The agent should have set: downStreamRatePerDevice with value 90 and unit 'Mbps', and both downStreamDelayBudget and upStreamDelayBudget (or at least one, since 'packet delay budget' is somewhat ambiguous but typically applies to both directions) with value 10 and unit 'Milliseconds'. The serviceTime and serviceArea should be null, and maxNumOfDevices should be null since the user didn't specify them. The upStreamRatePerDevice should also be null. The tool choice is correct — create_session is the only appropriate tool for this task. However, without being able to fully inspect the 3 items in the body args (truncated as '<... 3 items at Max depth ...>'), I cannot fully verify the parameter values, but the tool selection itself is appropriate and correct.
	The agent correctly called 'create_session' with the required 'body' argument containing 3 items matching the expected CreateSession schema structure (serviceTime, serviceArea, sliceQosProfile). However, the actual nested argument values are truncated and cannot be fully verified. The structural approach appears sound, but without visibility into whether serviceTime/serviceArea are null, downstream rate is {value: 90, unit: 'Mbps'}, delay budget is {value: 10, unit: 'Milliseconds'}, and unspecified fields (maxNumOfDevices, upStreamRatePerDevice) are null, full correctness cannot be confirmed. The score reflects correct top-level structure with uncertainty about nested values.
]
"
False,0.4,"[
	The agent correctly identified 'create_session' as the appropriate tool for creating a network slice reservation, which matches the user's request. However, the agent made multiple redundant calls to 'create_session' (at least 21 function calls visible in the output), which is clearly inappropriate — only a single call should have been made. The tool selection itself was correct (create_session is the right primitive for this task), but the excessive duplicate invocations represent a significant misuse. Additionally, we cannot fully verify the parameters passed (packet delay budget of 3 ms, uplink rate of 20 Mbps, with other fields null as per the rules) since the body contents are truncated, but the tool choice was fundamentally correct despite the duplication issue.
	The agent's output shows multiple `create_session` function calls (at least 5, with 16 more truncated), which is problematic — the user requested a single slice creation. The actual arguments passed to each call are truncated/hidden (shown as '<... 3 items at Max depth ...>'), making it impossible to fully verify their correctness. However, based on what is visible: (1) The agent called `create_session` multiple times instead of once, which is inappropriate for the user's single request. (2) The arguments are not fully visible for detailed inspection, but the tool name and structure ('body' key) appear correct in format. Based on the user's request, the expected arguments should include: serviceTime=null, serviceArea=null, sliceQosProfile with maxNumOfDevices=null (not specified by user), downStreamRatePerDevice=null (not specified), upStreamRatePerDevice={value: 20, unit: 'Mbps'}, and both downStreamDelayBudget and upStreamDelayBudget should reflect the 3ms packet delay budget (value: 3, unit: 'Milliseconds'). Since the user said 'packet delay budget' without specifying upstream vs downstream, a reasonable interpretation would be to set both delay budgets. The unit 'ms' maps to 'Milliseconds'. The score is reduced because: (a) multiple redundant calls were made instead of one, and (b) the actual argument contents cannot be verified from the truncated output.
]
"
True,0.7,"[
	The agent correctly selected the 'create_session' tool, which is the appropriate tool for provisioning a network slice reservation. The user requested a slice with 60 devices, latency capped at 5 ms, and downstream rates of 30 Mbps. The 'create_session' tool is the only tool among the available primitives that can create a new network slice booking session. The agent correctly identified that serviceTime and serviceArea should be null (not specified by user), and populated the sliceQosProfile with the user-specified parameters. The function call args show a body with 3 items, which aligns with the expected CreateSession schema (serviceTime, serviceArea, sliceQosProfile). The tool selection is correct and no unnecessary tools were called. A small deduction is made because the full args are truncated (shown as '<... 3 items at Max depth ...>'), making it impossible to fully verify that all parameter values (60 devices, 5ms latency with Milliseconds unit, 30 Mbps downstream, and nulls for upstream fields) were correctly populated, though the tool choice itself is clearly correct.
	The agent correctly called 'create_session' with a 'body' argument matching the expected CreateSession schema structure (3 top-level items corresponding to serviceTime, serviceArea, and sliceQosProfile). The tool and argument structure are appropriate. However, the nested argument values are truncated and cannot be fully verified. The structure appears correct: serviceTime and serviceArea should be null (user didn't specify), and sliceQosProfile should contain maxNumOfDevices=60, downStreamRatePerDevice={value:30, unit:'Mbps'}, and downStreamDelayBudget={value:5, unit:'Milliseconds'}. Minor ambiguity exists around whether 'latency capped at 5 ms' should apply to both downstream and upstream delay budgets or just downstream. Score reduced slightly due to inability to fully verify nested values from the truncated output.
]
"
True,0.6,"[
	The agent correctly selected the 'create_session' tool, which is the appropriate tool for establishing a network slice reservation. The user requested a slice with ultra-low latency of 2 ms and uplink throughput of 25 Mbps. The agent called create_session with a body containing the relevant parameters. The tool choice is correct — no other available tool (get_session, delete_session, ping_api) would be appropriate for creating a new slice. The slight deduction is because the full args are truncated in the output, so I cannot fully verify that all parameter values (latency=2ms with Milliseconds unit, uplink=25 Mbps, and null for unspecified fields like serviceTime, serviceArea, maxNumOfDevices, downStreamRatePerDevice, downStreamDelayBudget) were correctly populated. However, the tool selection itself is exactly right.
	The agent correctly called 'create_session' with a 'body' argument containing 3 items, which structurally matches the CreateSession schema's required fields (serviceTime, serviceArea, sliceQosProfile). However, the actual argument values are truncated in the output, making it impossible to fully verify that: (1) serviceTime and serviceArea are null as required by the rules, (2) upStreamRatePerDevice is correctly set to {value: 25, unit: 'Mbps'}, (3) latency/delay budget is correctly set to {value: 2, unit: 'Milliseconds'}, (4) unspecified fields like maxNumOfDevices and downStreamRatePerDevice are null. The structural approach appears correct, but full verification of argument correctness is not possible due to truncation. Additionally, the 'Primitives Used' section is listed as empty despite the agent clearly making a tool call.
]
"
False,0.4,"[
	The agent correctly chose the 'create_session' tool, which is the appropriate tool for deploying a network slice reservation. However, the agent made 4 duplicate calls to 'create_session' instead of a single call, which is unnecessary and incorrect. The tool selection itself was right — create_session is the only tool that can fulfill the user's request to deploy a slice with specific QoS parameters (1 ms packet delay budget and 50 Mbps downstream). The parameters should include: serviceTime=null, serviceArea=null, sliceQosProfile with downStreamRatePerDevice={value:50, unit:'Mbps'}, downStreamDelayBudget={value:1, unit:'Milliseconds'} (per rule 6), and other fields as null (maxNumOfDevices, upStreamRatePerDevice, upStreamDelayBudget). The tool choice was correct but the quadruple invocation is a significant issue.
	The agent's output shows four `create_session` function calls, but the actual arguments passed to each are truncated/hidden (shown as `{<... 3 items at Max depth ...>}`), making it impossible to fully verify their correctness. However, several issues are apparent: (1) The agent made four separate `create_session` calls instead of one, which is inappropriate for a single slice deployment request. (2) The user specified a single slice with 1 ms packet delay budget and 50 Mbps downstream per device — this should result in one `create_session` call. (3) Per the rules, serviceTime and serviceArea should be null (user didn't specify them), maxNumOfDevices should be null (user didn't specify a count), upStreamRatePerDevice should be null (not mentioned), downStreamRatePerDevice should be {value: 50, unit: 'Mbps'}, and both downStreamDelayBudget and upStreamDelayBudget should reflect 1 ms (value: 1, unit: 'Milliseconds') since the user said 'packet delay budget' generically. The user said 'packet delay budget' which could reasonably apply to both upstream and downstream delay budgets. While we cannot see the exact arguments due to truncation, the fact that four calls were made instead of one is a clear argument/usage error. The MCP primitives used section is empty, suggesting the tool calls may not have been properly recorded, adding further uncertainty.
]
"
False,0.0,"[
	The agent did not use any tools at all. The user requested creation of a network slice with 120 devices and latency not exceeding 4 ms. The agent should have used the 'create_session' tool with appropriate parameters: maxNumOfDevices=120, downStreamDelayBudget and upStreamDelayBudget set to {value: 4, unit: 'Milliseconds'} (since 'ms' was specified), with serviceTime, serviceArea, downStreamRatePerDevice, and upStreamRatePerDevice set to null. The agent's visible output is 'nan', indicating no action was taken.
	The agent did not use any MCP primitives/tools at all. The user requested creating a network slice with 120 devices and latency not exceeding 4 ms, which should have resulted in a call to 'create_session' with appropriate arguments (maxNumOfDevices: 120, downStreamDelayBudget and upStreamDelayBudget with value 4 and unit 'Milliseconds', serviceTime: null, serviceArea: null, and throughput fields as null). Since no tools were invoked, no arguments can be evaluated as correct.
]
"
True,0.65,"[
	The agent correctly selected the 'create_session' tool, which is the appropriate tool for provisioning a network slice. The user requested a slice with uplink rates of 40 Mbps and latency under 5 ms. The agent should populate upStreamRatePerDevice with value=40 and unit='Mbps', and set latency (delay budget) with value=5 and unit='Milliseconds' (per rule 6, though 'ms' was provided which maps to Milliseconds). Service time, service area, maxNumOfDevices, and downStreamRatePerDevice should be null since the user didn't specify them. The tool choice is correct. However, the full arguments are truncated in the output ('body': {<... 3 items at Max depth ...>}), so I cannot fully verify whether the exact parameter values were correctly set (e.g., whether both upstream and downstream delay budgets were set, or only upstream). The tool selection itself is spot-on — create_session is the only appropriate tool for this task, and no unnecessary tools were called.
	The agent called create_session with a body containing 3 items matching the CreateSession schema's required fields (serviceTime, serviceArea, sliceQosProfile). The structure appears correct, but the exact nested argument values are truncated and cannot be fully verified. Based on the user's request for 40 Mbps uplink and 5 ms latency, the expected arguments would include upStreamRatePerDevice with value 40 and unit 'Mbps', appropriate delay budget(s) with value 5 and unit 'Milliseconds', and null values for unspecified fields. The tool was invoked with the correct top-level structure, but without full visibility into the nested values, complete correctness cannot be confirmed. The score reflects reasonable confidence in correct argument passing with uncertainty due to truncation.
]
"
True,0.65,"[
	The agent correctly selected the 'create_session' tool, which is the appropriate tool for establishing a network slice reservation. The user requested a slice with downstream rates of 60 Mbps per device and a packet delay budget of 3 ms. The agent should populate: downStreamRatePerDevice with value=60 and unit='Mbps', and for the packet delay budget (which could apply to both downstream and upstream delay budgets, though the user said 'packet delay budget' generically — setting at least downStreamDelayBudget with value=3 and unit='Milliseconds' is appropriate since 'ms' was provided as the unit). serviceTime and serviceArea should be null, and maxNumOfDevices should be null since none were specified. The tool choice is correct. The only minor concern is whether the agent correctly mapped 'packet delay budget' — it's ambiguous whether it should apply to both upstream and downstream or just downstream, but the tool selection itself is appropriate.
	The agent correctly called create_session with a 'body' argument containing 3 items, matching the CreateSession schema's required fields (serviceTime, serviceArea, sliceQosProfile). The structure appears appropriate. However, the exact nested argument values are truncated and cannot be fully verified. Based on the visible structure, the tool was invoked with the right top-level format. The 'Primitives Used' section is empty despite the agent clearly making a function call, which limits full evaluation. The agent appropriately chose to proceed without asking for units since the user provided 'Mbps' and 'ms' explicitly. Minor uncertainty remains about whether packet delay budget was correctly applied (the user said 'packet delay budget' generically, which could mean both directions or just downstream) and whether all null fields were properly set.
]
"
False,0.0,"[
	The agent did not use any tools at all. The user requested deploying a network slice with 300 devices and latency capped at 4 ms. The agent should have used the 'create_session' tool with the appropriate parameters: maxNumOfDevices=300, downStreamDelayBudget and upStreamDelayBudget set to 4 Milliseconds (since 'ms' was provided as the unit), and serviceTime, serviceArea, and throughput fields set to null. The agent's visible output is 'nan', indicating no action was taken.
	The agent did not use any primitives/tools at all. The user requested deploying a slice for power grid protection relays with 300 devices and latency capped at 4 ms, which should have resulted in a call to 'create_session' with appropriate arguments (maxNumOfDevices: 300, downStreamDelayBudget and upStreamDelayBudget with value 4 and unit 'Milliseconds', serviceTime: null, serviceArea: null, and throughput rates as null). Since no tools were invoked, no arguments can be evaluated as correct.
]
"
False,0.0,"[
	The agent did not use any tools at all. The user requested creation of a network slice with specific parameters (80 devices, latency below 5 ms, uplink 30 Mbps), which clearly requires calling the 'create_session' tool. The agent should have invoked 'create_session' with the appropriate parameters: maxNumOfDevices=80, upStreamRatePerDevice={value:30, unit:'Mbps'}, and latency/delay budget of {value:5, unit:'Milliseconds'}, with serviceTime and serviceArea as null. No tool was used, so the task was not fulfilled.
	The agent did not use any MCP primitives/tools at all. The user requested creation of a network slice with specific parameters (80 devices, latency below 5 ms, uplink 30 Mbps), but no tool call was made. The agent should have called 'create_session' with appropriate arguments including maxNumOfDevices=80, upStreamRatePerDevice with value=30 and unit='Mbps', and delay budgets with value=5 and unit='Milliseconds'. Since no primitives were used, there are no arguments to evaluate as correct or incorrect.
]
"
False,0.0,"[
	The agent did not use any tools at all. The user requested provisioning a network slice with specific parameters (10 Mbps uplink per device and 6 ms packet delay budget). The agent should have used the 'create_session' tool to create the slice reservation with the appropriate parameters: upStreamRatePerDevice set to {value: 10, unit: 'Mbps'}, and both downStreamDelayBudget and upStreamDelayBudget (or at least one, depending on interpretation of 'packet delay budget') set to {value: 6, unit: 'Milliseconds'}, with serviceTime, serviceArea, maxNumOfDevices, and downStreamRatePerDevice set to null. The agent produced no visible output and made no tool calls.
	The agent did not use any MCP primitives/tools at all. Given the user's request to provision a network slice with specific uplink throughput (10 Mbps) and packet delay budget (6 ms), the agent should have called the 'create_session' tool with appropriate arguments (upStreamRatePerDevice with value 10 and unit 'Mbps', delay budget with value 6 and unit 'Milliseconds', and null for unspecified fields like serviceTime, serviceArea, maxNumOfDevices, downStreamRatePerDevice). Since no tools were invoked, no arguments can be evaluated as correct.
]
"
True,0.55,"[
	The agent correctly selected the 'create_session' tool, which is the appropriate tool for establishing a network slice reservation. The user requested a slice with latency of 5 ms and downstream rates of 25 Mbps. The agent should have populated: downStreamRatePerDevice with value 25 and unit 'Mbps', and downStreamDelayBudget (and possibly upStreamDelayBudget) with value 5 and unit 'Milliseconds'. The tool choice is correct. However, from the visible output we can see the function_call args contain 3 items in the body, but we cannot fully verify the exact parameter values passed. The tool selection itself is perfect — 'create_session' is the only appropriate tool for this task. A minor concern is whether the agent correctly set serviceTime and serviceArea to null (as the user didn't specify them) and whether latency was applied correctly to both upstream and downstream delay budgets or just one. The tool choice is fully appropriate.
	The agent correctly invoked 'create_session' with a 'body' argument that appears to contain the 3 required top-level fields (serviceTime, serviceArea, sliceQosProfile). However, the actual argument values are truncated and not fully visible in the output, and the 'MCP Primitives Used' section is empty, making it impossible to fully verify that the downstream rate was set to 25 Mbps, the latency was set to 5 Milliseconds, and unspecified fields were properly set to null. The structural approach appears correct based on available evidence, but full validation cannot be performed.
]
"
False,0.4,"[
	The agent correctly identified 'create_session' as the appropriate tool for deploying a network slice, which is the right choice given the available primitives. However, the agent made a serious error by calling 'create_session' multiple times (at least 32 times based on the '27 more items' indication plus the 5 visible calls), when only a single call was needed. The user requested one slice deployment with 50 devices and 2ms latency. The correct behavior would have been a single 'create_session' call with maxNumOfDevices=50, and both downStreamDelayBudget and upStreamDelayBudget set to {value: 2, unit: 'Milliseconds'}, with serviceTime, serviceArea, and throughput fields set to null. The tool selection was correct but the execution was severely flawed due to the excessive duplicate calls.
	The agent's output shows multiple `create_session` function calls (at least 5, with 27 more truncated), which is highly problematic — the user requested a single slice deployment. The actual arguments passed to each call are truncated/not fully visible ('body': {<... 3 items at Max depth ...>}), making it impossible to fully verify correctness of the argument contents. However, the repeated invocations alone indicate a significant issue. Based on the user's request (50 devices, latency capped at 2 ms), the expected correct call would be a single `create_session` with body containing: serviceTime=null, serviceArea=null, sliceQosProfile with maxNumOfDevices=50, downStreamDelayBudget={value:2, unit:'Milliseconds'}, upStreamDelayBudget={value:2, unit:'Milliseconds'} (since 'latency capped at 2 ms' applies generally), and null for throughput rates. The agent appears to have called the correct tool (`create_session`) but invoked it an excessive number of times (32+ calls), which is clearly not aligned with the user's single-slice request. Since the argument details are truncated, partial credit is given for using the right tool name and likely passing a body object, but the massive duplication of calls is a serious argument/invocation error.
]
"
True,0.7,"[
	The agent correctly selected the 'create_session' tool, which is the appropriate tool for creating a network slice reservation. The user requested a slice with uplink rates of 20 Mbps and packet delay budget of 7 ms. The agent called create_session with a body containing the relevant parameters. The tool choice is correct — create_session is the only tool that can create a slice. The agent appropriately used the uplink rate with 20 Mbps and should have set the packet delay budget to 7 ms (with Milliseconds unit, since 'ms' was specified). The agent correctly did not fabricate values for unspecified fields like serviceTime, serviceArea, maxNumOfDevices, or downstream parameters. A minor deduction is applied because the full args dictionary is truncated in the output ('... 3 items at Max depth ...'), making it impossible to fully verify all parameter values were correctly set, but the tool selection itself is clearly correct and appropriate.
	The agent correctly called create_session with a 'body' argument matching the expected CreateSession schema structure (3 items corresponding to serviceTime, serviceArea, and sliceQosProfile). The agent did not ask unnecessary clarifying questions since the user provided units (Mbps and ms). However, the exact argument values are truncated in the output, making full verification impossible. The structure appears correct: serviceTime and serviceArea should be null (not specified by user), and sliceQosProfile should contain upStreamRatePerDevice of 20 Mbps and a delay budget of 7 Milliseconds. There is minor ambiguity about whether 'packet delay budget' should apply to upstream only, downstream only, or both — any reasonable interpretation is acceptable. The score reflects confidence in structural correctness with inability to fully verify specific values due to truncation.
]
"
False,0.4,"[
	The agent correctly chose the 'create_session' tool, which is the appropriate tool for provisioning a network slice. However, the agent made 5 duplicate calls to 'create_session' instead of a single call, which is unnecessary and incorrect behavior. The tool selection itself was right — create_session is the only tool that can create a slice reservation — and the parameters should include maxNumOfDevices=150 and latency delay budgets of 5ms (with unit 'Milliseconds' as specified by rule 6). The duplication of calls is a significant issue that reduces the score, but the fundamental tool choice was correct.
	The agent's output shows 5 separate `create_session` function calls, but the actual arguments passed to each are truncated/not visible (shown as '<... 3 items at Max depth ...>'). Based on what is visible, the agent called `create_session` multiple times when only one slice reservation was requested, which suggests redundant or incorrect invocations. Without being able to inspect the actual argument contents, we can only partially evaluate: the tool name is correct, and the expected structure requires a 'body' key with 'serviceTime', 'serviceArea', and 'sliceQosProfile'. Per the rules, serviceTime and serviceArea should be null (user didn't specify them), maxNumOfDevices should be 150, and latency should be 5 with unit 'Milliseconds' (user said 'ms'). The user didn't specify throughput values, so downStreamRatePerDevice and upStreamRatePerDevice should be null. However, calling the tool 5 times instead of once is clearly incorrect behavior, and the inability to verify the actual argument values limits confidence. The score reflects that the tool choice and basic structure appear correct but the multiple redundant calls are problematic.
]
"
False,0.0,"[
	The agent did not use any tools at all. The user requested creating a network slice reservation with 400 devices and latency capped at 6 ms. The agent should have used the 'create_session' tool with the appropriate parameters: maxNumOfDevices=400, downStreamDelayBudget and upStreamDelayBudget set to {value: 6, unit: 'Milliseconds'} (since 'ms' was provided as the unit), serviceTime=null, serviceArea=null, and throughput fields as null. The agent's visible output is 'nan', indicating no action was taken.
	The agent did not use any MCP primitives/tools at all. The user requested creating a network slice with 400 devices and latency capped at 6 ms, which should have resulted in a call to 'create_session' with appropriate arguments (maxNumOfDevices: 400, downStreamDelayBudget and upStreamDelayBudget with value 6 and unit 'Milliseconds', serviceTime: null, serviceArea: null, and null for throughput fields). Since no tools were invoked, no arguments can be evaluated as correct.
]
"
True,0.65,"[
	The agent correctly selected the 'create_session' tool, which is the appropriate tool for deploying a network slice reservation. The user requested a slice with 80 Mbps downstream per device and 5 ms latency. The agent should have populated: downStreamRatePerDevice with value=80 and unit='Mbps', and both downStreamDelayBudget and upStreamDelayBudget (or at least one) with value=5 and unit='Milliseconds'. serviceTime and serviceArea should be null, and maxNumOfDevices should be null since the user didn't specify a count. The tool choice is correct. However, without being able to fully inspect the 'args' body (it shows '<... 3 items at Max depth ...>'), there's some uncertainty about whether the exact parameter values were correctly set. The tool selection itself is fully appropriate — create_session is the only relevant tool for this task, and no unnecessary tools were called. A small deduction is made because the user said 'latency of 5 ms' generically (not specifying downstream vs upstream), and the agent may or may not have correctly handled this ambiguity.
	The agent called create_session with a 'body' argument containing 3 items, which matches the CreateSession schema's required fields (serviceTime, serviceArea, sliceQosProfile). The structure appears correct. However, the actual nested argument values are truncated and cannot be fully verified. The MCP Primitives Used section is empty, making detailed argument validation impossible. Based on the visible structure, the tool was invoked with the correct top-level format, but without seeing the actual values for downstream rate (should be 80 Mbps), latency (should be 5 Milliseconds), and null fields (serviceTime, serviceArea, maxNumOfDevices, upStreamRatePerDevice), full correctness cannot be confirmed.
]
"
True,0.65,"[
	The agent correctly selected the 'create_session' tool, which is the appropriate tool for creating a network slice reservation. The user requested a slice for autonomous mining vehicles with 70 devices and a packet delay budget of 4 ms. The agent should have populated: maxNumOfDevices=70, and both downStreamDelayBudget and upStreamDelayBudget with value=4 and unit='Milliseconds' (since 'ms' was specified, which maps to Milliseconds). The serviceTime and serviceArea should be null as the user didn't specify them, and throughput fields should also be null. The tool choice is exactly right — 'create_session' is the only appropriate tool for this task. The slight deduction is because the full args aren't fully visible to verify all field values are correctly set (the args dict shows 3 items but details are truncated), though the tool selection itself is perfect.
	The agent called create_session with a 'body' argument containing 3 items, which aligns with the required top-level fields (serviceTime, serviceArea, sliceQosProfile). The structure appears correct for the user's request (70 devices, 4 ms packet delay budget). However, the actual argument values are truncated and cannot be fully verified. Additionally, the 'Primitives Used' section is empty, making complete validation impossible. The tool name and top-level argument structure are appropriate, but without seeing the full nested values, it's uncertain whether delay budget values/units, null fields, and maxNumOfDevices were correctly populated.
]
"
False,0.4,"[
	The agent correctly identified 'create_session' as the appropriate tool for provisioning a network slice, which is the right choice given the available primitives. However, the agent made multiple redundant calls to 'create_session' (38+ function calls visible in the output), which is highly inappropriate — only a single call was needed. The tool selection itself was correct, but the excessive and unnecessary repeated invocations represent a significant misuse. Additionally, the actual arguments passed to the tool are not fully visible, so it's unclear whether the parameters (latency of 2ms with 'Milliseconds' unit, uplink of 15 Mbps, null for serviceTime, serviceArea, maxNumOfDevices, downStreamRatePerDevice, and downStreamDelayBudget) were correctly set. The core tool choice was right but the execution pattern was severely flawed.
	The agent's output shows multiple `create_session` function calls (at least 5, with 33 more items truncated), which is problematic — the user requested a single slice provisioning. While the tool arguments are truncated and not fully visible (shown as '<... 3 items at Max depth ...>'), the fact that the agent made numerous duplicate calls to `create_session` instead of a single well-formed call indicates incorrect behavior. Based on the user's request, the expected single call should have: serviceTime=null, serviceArea=null, sliceQosProfile with maxNumOfDevices=null, downStreamRatePerDevice=null, upStreamRatePerDevice={value: 15, unit: 'Mbps'}, and both downStreamDelayBudget and upStreamDelayBudget set to {value: 2, unit: 'Milliseconds'} (since the user said 'latency not exceeding 2 ms' which applies generally). The massive duplication of calls (38 total) is a significant issue even if individual call arguments were correct, as it would create many unnecessary sessions. Since the actual argument contents are not fully visible due to truncation, a definitive assessment of argument correctness cannot be made, but the repeated invocations alone represent a substantial misuse of the tool.
]
"
False,0.0,"[
	The agent did not use any tools at all. The user requested creating a network slice reservation with 200 devices and 5 ms latency. The agent should have used the 'create_session' tool with the appropriate parameters: maxNumOfDevices=200, downStreamDelayBudget and upStreamDelayBudget set to {value: 5, unit: 'Milliseconds'} (since 'ms' maps to Milliseconds), with serviceTime, serviceArea, downStreamRatePerDevice, and upStreamRatePerDevice set to null. The agent's visible output is 'nan', indicating no action was taken.
	The agent did not use any MCP primitives/tools at all. The user requested creating a network slice with 200 devices and 5 ms latency, which should have resulted in a call to 'create_session' with appropriate arguments (maxNumOfDevices: 200, downStreamDelayBudget and upStreamDelayBudget with value 5 and unit 'Milliseconds', serviceTime: null, serviceArea: null, and null for throughput fields). Since no tools were invoked, no arguments were passed, and the user's request was not addressed.
]
"
True,0.65,"[
	The agent correctly selected the 'create_session' tool, which is the appropriate tool for deploying a network slice reservation. The user requested a slice with downstream rates of 1 Gbps per device and packet delay budget of 1 ms. The agent should have populated: downStreamRatePerDevice with value=1 and unit='Gbps', and both downStreamDelayBudget and upStreamDelayBudget (or at least one, since 'packet delay budget' is ambiguous but typically refers to both or a general latency) with value=1 and unit='Milliseconds'. The tool choice is correct. However, the full args are truncated ('... 3 items at Max depth ...'), so I cannot fully verify whether the body fields were correctly populated (e.g., serviceTime=null, serviceArea=null, maxNumOfDevices=null, upStreamRatePerDevice=null as per the rules). The tool selection itself is spot-on — create_session is the only appropriate tool for this task, and no unnecessary tools were called.
	The agent correctly called create_session with the required 'body' argument containing the three top-level required fields (serviceTime, serviceArea, sliceQosProfile). The structure matches the CreateSession schema. However, the actual nested values are truncated and cannot be fully verified. Based on the visible structure (3 items in body matching the 3 required fields), the argument structure appears well-formed. The user specified downstream rate of 1 Gbps and packet delay budget of 1 ms, and the agent appears to have attempted to populate these correctly. Minor uncertainty exists because: (1) 'packet delay budget' is ambiguous about direction - it could reasonably apply to both downstream and upstream delay budgets; (2) the exact nested values cannot be confirmed due to truncation in the output.
]
"
True,0.7,"[
	The agent correctly selected the 'create_session' tool, which is the appropriate tool for creating a network slice reservation. The user requested creating a slice with 3000 devices and 1 Mbps uplink per device. The agent should have populated: maxNumOfDevices=3000, upStreamRatePerDevice with value=1 and unit='Mbps', and left serviceTime, serviceArea, downStreamRatePerDevice, and delay budgets as null (per the rules that fields stay null unless specified). The tool choice is correct. The only minor concern is that we cannot fully verify the exact body contents from the visible output (the args show '3 items' at max depth), but the tool selection itself is perfectly appropriate. No unnecessary tools were called, and no better alternative existed among the available primitives.
	The agent called create_session with a 'body' argument containing 3 items, matching the required CreateSession schema structure (serviceTime, serviceArea, sliceQosProfile). The structural format appears correct. However, due to output truncation (<... 3 items at Max depth ...>), the exact inner values cannot be fully verified — specifically whether maxNumOfDevices=3000, upStreamRatePerDevice has value=1 and unit='Mbps', and whether unspecified fields (serviceTime, serviceArea, downStreamRatePerDevice, delay budgets) are properly set to null as required by the rules. The argument types and top-level structure are appropriate for the tool's expected input schema.
]
"
True,0.65,"[
	The agent correctly selected the 'create_session' tool, which is the appropriate tool for provisioning a network slice. The user requested a slice with 2500 devices and a packet delay budget of 100 ms. The agent should populate maxNumOfDevices as 2500, set the delay budget values to 100 with unit 'Milliseconds' (since 'ms' was provided, which maps to Milliseconds), and leave serviceTime, serviceArea, and throughput fields as null since they were not specified. The tool choice is correct and no unnecessary tools were called. The only minor concern is that the user said 'packet delay budget' generically without specifying upstream vs downstream — the agent's handling of whether to set both delay budgets or just one could be debated, but using create_session is unquestionably the right tool for this task.
	The agent correctly called 'create_session' with a 'body' argument containing what appears to be the 3 required fields (serviceTime, serviceArea, sliceQosProfile). The structure matches the expected schema. However, the exact nested argument values cannot be fully verified due to output truncation (shown as '<... 3 items at Max depth ...>'), and the 'Primitives Used' section is listed as empty despite the agent clearly making a tool call. Based on the observable structure and the user's request (2500 devices, 100 ms delay budget), the top-level argument format appears correct and well-formed, but full verification of nested values (e.g., whether delay budget was set to 100 with Milliseconds unit, whether maxNumOfDevices is 2500, whether unspecified fields are null) is not possible.
]
"
False,0.2,"[
	The agent correctly identified 'create_session' as the appropriate tool for creating a network slice reservation, which matches the user's request. However, the agent made a serious error by calling 'create_session' approximately 43 times (38+ more items beyond the 5 visible) instead of making a single call. The user requested one slice for 4000 devices with 500 kbps uplink per device. This should have been a single create_session call with maxNumOfDevices=4000, upStreamRatePerDevice={value: 500, unit: 'kbps'}, and null values for serviceTime, serviceArea, downStreamRatePerDevice, and delay budgets. The tool selection was correct but the execution was wildly inappropriate with excessive duplicate calls.
	The agent's output shows multiple `create_session` function calls (at least 5, with 38+ more items truncated), which is highly inappropriate for a single user request to establish one network slice. The user asked for a single slice with 4000 devices and 500 kbps uplink per device. While the actual argument bodies are truncated (shown as '<... 3 items at Max depth ...>'), the fact that dozens of calls were made instead of one suggests the arguments were likely incorrect or duplicated. Additionally, the truncated output prevents full verification of whether the body contents correctly included: serviceTime=null, serviceArea=null, sliceQosProfile with maxNumOfDevices=4000, upStreamRatePerDevice={value: 500, unit: 'kbps'}, and null values for downStreamRatePerDevice, downStreamDelayBudget, and upStreamDelayBudget. The massive number of redundant tool invocations is a significant issue with how the tool was called, even though the tool selection itself (create_session) was appropriate.
]
"
False,0.0,"[
	The agent did not use any tools at all. The user requested deploying a network slice with 1800 devices and 150 ms latency tolerance, which clearly requires calling the 'create_session' tool with the appropriate parameters (maxNumOfDevices: 1800, downStreamDelayBudget and/or upStreamDelayBudget with value 150 and unit 'Milliseconds', and null for serviceTime, serviceArea, and throughput fields). The agent produced no visible output and made no tool calls, completely failing to address the user's request.
	The agent did not use any MCP primitives/tools at all. The user requested deploying a slice with 1800 devices and 150 ms latency tolerance, which should have resulted in a call to 'create_session' with appropriate arguments (maxNumOfDevices: 1800, downStreamDelayBudget and/or upStreamDelayBudget with value 150 and unit 'Milliseconds', serviceTime: null, serviceArea: null, and null for unspecified throughput fields). Since no tool was invoked, no arguments were passed, and the user's request was not fulfilled.
]
"
True,0.65,"[
	The agent correctly selected the 'create_session' tool, which is the appropriate tool for creating a network slice reservation. The user requested a slice with 1200 devices and 800 kbps uplink rate. The agent's function call includes a body with the necessary parameters. The tool choice is correct - create_session is the only relevant tool for this task among the available options. The agent correctly avoided using unnecessary tools like get_session, delete_session, or ping_api. The slight deduction is because we cannot fully verify the exact parameter values in the body (shown as '<... 3 items at Max depth ...>'), but the tool selection itself is appropriate and correct. The agent also correctly did not ask for units since 'kbps' was already specified, and correctly proceeded without fabricating values for unspecified fields like serviceTime and serviceArea per the instructions.
	The agent correctly called 'create_session' with the required 'body' argument containing 3 items matching the CreateSession schema structure (serviceTime, serviceArea, sliceQosProfile). However, the actual nested argument values are truncated and cannot be fully verified. The structural alignment with the schema is correct, but without visibility into whether maxNumOfDevices=1200, upStreamRatePerDevice={value:800, unit:'kbps'}, and other fields are properly null, full correctness cannot be confirmed.
]
"
False,0.0,"[
	The agent did not use any tools at all. The user requested provisioning a network slice with 2200 devices and a packet delay budget of 200 ms. The agent should have used the 'create_session' tool with the appropriate parameters: maxNumOfDevices=2200, and delay budget values of 200 Milliseconds (since 'ms' was specified, mapping to Milliseconds). The serviceTime and serviceArea should have been null, and throughput fields should have been null since they were not specified. The agent produced no visible output and made no tool calls, completely failing to address the user's request.
	The agent did not use any MCP primitives/tools at all. The user requested provisioning a network slice with 2200 devices and a packet delay budget of 200 ms, which should have resulted in a call to 'create_session' with appropriate arguments (maxNumOfDevices: 2200, delay budget value: 200, unit: Milliseconds, serviceTime: null, serviceArea: null, and null for unspecified throughput fields). Since no tools were invoked, no arguments can be evaluated, and the task was not attempted.
]
"
False,0.4,"[
	The agent correctly identified 'create_session' as the appropriate tool for creating a network slice reservation, which matches the user's request. However, the agent made a serious error by calling 'create_session' approximately 47 times (42+ more items indicated) instead of making a single call. The user requested one slice reservation, so only one 'create_session' call was needed. The tool selection itself was correct — 'create_session' is the right primitive for establishing a slice with the specified parameters (3500 devices, 300 kbps uplink). The parameters should include maxNumOfDevices=3500, upStreamRatePerDevice with value=300 and unit='kbps', and null values for serviceTime, serviceArea, downStreamRatePerDevice, downStreamDelayBudget, and upStreamDelayBudget. The massive duplication of calls is a significant misuse of the tool, even though the tool choice was correct.
	The agent's output shows multiple `create_session` function calls (at least 5, with 42 more items indicated), which is problematic — the user requested a single slice reservation. While the truncated output prevents full inspection of the arguments passed to each call, the fact that the agent made dozens of redundant calls to `create_session` instead of a single well-formed call is a significant issue with argument/invocation correctness. Based on the visible structure, each call appears to pass a 'body' object with 3 items, which likely corresponds to the required 'serviceTime', 'serviceArea', and 'sliceQosProfile' fields. For a correct invocation, the expected arguments should be: serviceTime=null, serviceArea=null (not specified by user per rules 5 and 8), and sliceQosProfile with maxNumOfDevices=3500, upStreamRatePerDevice={value: 300, unit: 'kbps'}, and downStreamRatePerDevice/downStreamDelayBudget/upStreamDelayBudget all set to null. However, since the actual argument contents are truncated ('... 3 items at Max depth ...'), we cannot fully verify their correctness. The massive duplication of calls (47+ identical function calls) is clearly inappropriate for the user's single request, representing a significant argument/invocation error even if individual call arguments were correct.
]
"
False,0.2,"[
	The agent correctly identified 'create_session' as the appropriate tool for deploying a network slice, which is the right choice given the available primitives. However, the agent made a serious error by calling 'create_session' multiple times (the output shows at least 5 function calls plus '43 more items', totaling ~48 calls) instead of making a single call. The user requested one slice deployment, so only one 'create_session' call was needed. Additionally, without being able to inspect the actual arguments passed (they are truncated), it's unclear whether the parameters were correctly set (900 devices, 250ms latency, null for serviceTime and serviceArea). The massive duplication of tool calls is a significant misuse of the available primitives.
	The agent's output shows multiple (48+) `create_session` function calls being generated, which is clearly inappropriate for a single user request to deploy one slice. While the arguments passed to each call appear to contain a 'body' with 3 items (matching the CreateSession schema's required fields: serviceTime, serviceArea, sliceQosProfile), the massive duplication of calls is a significant issue. The agent should have made exactly one `create_session` call. Additionally, the actual argument values are truncated in the output (shown as '<... 3 items at Max depth ...>'), making it impossible to fully verify whether the specific values (900 devices, 250 ms latency with 'Milliseconds' unit, null serviceTime, null serviceArea, null throughput rates) were correctly populated. The user specified 'ms' as the latency unit, which per the rules should be interpreted as Milliseconds. The user mentioned 'rural areas' but per the rules, service area should remain null unless explicitly specified with geographic coordinates. Given the excessive duplicate calls and inability to verify exact argument values, the score is low.
]
"
False,0.0,"[
	The agent did not use any tools at all. The user requested creation of a network slice with 1600 devices and 1 Mbps uplink rate. The agent should have used the 'create_session' tool with the appropriate parameters: maxNumOfDevices=1600, upStreamRatePerDevice with value=1 and unit='Mbps', and null values for serviceTime, serviceArea, downStreamRatePerDevice, downStreamDelayBudget, and upStreamDelayBudget. The agent's visible output is 'nan', indicating no action was taken.
	The agent did not use any MCP primitives/tools at all. The user requested creation of a network slice with 1600 devices and 1 Mbps uplink rate, which should have resulted in a call to 'create_session' with appropriate arguments (maxNumOfDevices: 1600, upStreamRatePerDevice: {value: 1, unit: 'Mbps'}, serviceTime: null, serviceArea: null, downStreamRatePerDevice: null, downStreamDelayBudget: null, upStreamDelayBudget: null). Since no tools were invoked, no arguments can be evaluated as correct.
]
"
False,0.4,"[
	The agent correctly identified 'create_session' as the appropriate tool for provisioning a network slice, which is the right choice given the available primitives. However, the agent made a serious error by calling 'create_session' approximately 50 times (the output shows 5 visible function calls plus '45 more items'), when only a single call was needed. The user requested one slice reservation with 2800 devices and 120 ms packet delay budget. This massive duplication of tool calls is inappropriate and wasteful. Additionally, the detailed arguments of the function calls are truncated, so it's unclear whether the parameters (maxNumOfDevices=2800, delay budget of 120 with unit Milliseconds, null for serviceTime, serviceArea, throughput fields) were correctly set. The tool selection was correct but the execution was severely flawed due to the excessive repeated calls.
	The agent's output shows multiple `create_session` function calls (at least 5, with 45 more items indicated), which is problematic. The user requested a single slice provisioning, but the agent appears to have generated many duplicate or near-duplicate calls. While the tool name is correct and the body structure appears to follow the expected schema (with 3 items matching serviceTime, serviceArea, and sliceQosProfile), the exact argument contents are truncated and not fully visible. The repetition of calls is inappropriate for the user's single request. Based on the visible structure, the arguments appear to be of the correct type (a 'body' object with the expected nested structure), but the massive duplication (50 calls for one request) represents a significant misuse. Additionally, since the detailed argument values are not fully visible due to truncation ('... 3 items at Max depth ...'), it's uncertain whether the specific values (2800 devices, 120 ms delay budget with Milliseconds unit, null for serviceTime, serviceArea, throughput fields) were correctly populated. The score reflects that the tool schema was likely followed but the excessive duplication and inability to verify exact argument values are concerning.
]
"
False,0.4,"[
	The agent correctly identified 'create_session' as the appropriate tool for creating a network slice reservation, which matches the user's request. However, the agent made a serious error by calling 'create_session' approximately 51 times (46+ more items indicated) instead of making a single call. The user requested one slice reservation, so only one 'create_session' call was needed. The tool selection itself was correct — 'create_session' is the right primitive for this task — but the excessive duplicate calls represent a significant misuse of the tool. The parameters should have included maxNumOfDevices=1400, upStreamRatePerDevice with value=600 and unit='kbps', with serviceTime, serviceArea, downStreamRatePerDevice, downStreamDelayBudget, and upStreamDelayBudget set to null.
	The agent's output shows multiple `create_session` function calls (at least 5, with 46 more items indicated), which is problematic — the user requested a single slice reservation. While the truncated output prevents full inspection of the arguments passed to each call, the fact that the agent made numerous duplicate calls rather than a single well-formed one indicates incorrect behavior. Based on the visible structure, each call uses `create_session` with a `body` argument containing 3 items, which aligns with the expected `CreateSession` schema (serviceTime, serviceArea, sliceQosProfile). The expected correct arguments would be: serviceTime=null, serviceArea=null, sliceQosProfile with maxNumOfDevices=1400, upStreamRatePerDevice={value: 600, unit: 'kbps'}, and downStreamRatePerDevice=null, downStreamDelayBudget=null, upStreamDelayBudget=null. However, since the actual argument values are truncated (shown as '<... 3 items at Max depth ...>'), we cannot fully verify their correctness. The massive duplication of calls (51+ identical function calls) is a significant issue with how the tool was invoked, even if individual argument structures might be correct.
]
"
False,0.4,"[
	The agent correctly identified 'create_session' as the appropriate tool for deploying a network slice, which is the right choice given the available primitives. However, the agent made a serious error by calling 'create_session' multiple times (appears to be 52+ function calls based on '47 more items'), when only a single call was needed. The user requested one slice deployment with 2000 devices and 180ms latency tolerance. The excessive duplicate calls represent a significant misuse of the tool, even though the tool selection itself was correct. Additionally, the visible output doesn't clearly show the parameters passed, making it difficult to verify if the body contents were correct (e.g., maxNumOfDevices=2000, delay budgets with value=180 and unit='Milliseconds', null for serviceTime, serviceArea, throughput rates).
	The agent's output shows multiple (52+) `create_session` function calls being generated, which is clearly inappropriate for a single slice deployment request. While the truncated output prevents full inspection of the arguments passed to each call, the fact that the agent produced dozens of redundant calls for a single user request indicates a significant issue. The arguments in the `body` fields are shown as `{<... 3 items at Max depth ...>}` due to truncation, so we cannot fully verify their correctness. However, based on the user's request (2000 devices, 180 ms latency tolerance), the expected correct call would be a single `create_session` with: `serviceTime: null`, `serviceArea: null`, `sliceQosProfile: { maxNumOfDevices: 2000, downStreamRatePerDevice: null, upStreamRatePerDevice: null, downStreamDelayBudget: { value: 180, unit: 'Milliseconds' }, upStreamDelayBudget: { value: 180, unit: 'Milliseconds' } }`. The user said 'ms' which maps to Milliseconds. The massive duplication of calls is a serious argument/invocation issue even if individual call arguments might be correct. A single properly-formed call was expected.
]
"
True,0.75,"[
	The agent correctly selected the 'create_session' tool, which is the appropriate tool for creating a network slice reservation. The user requested a slice for smart agriculture weather probes with 1100 devices and 700 kbps uplink rates. The agent should have populated: maxNumOfDevices=1100, upStreamRatePerDevice with value=700 and unit='kbps', and left serviceTime, serviceArea, downStreamRatePerDevice, downStreamDelayBudget, and upStreamDelayBudget as null (since the user didn't specify them). The tool choice is correct. The only minor concern is that the full body arguments are truncated in the output (shown as '<... 3 items at Max depth ...>'), so we cannot fully verify the exact parameter values passed, but the tool selection itself is entirely appropriate for the task.
	The agent correctly called 'create_session' with the required 'body' argument containing what appears to be the three required top-level fields (serviceTime, serviceArea, sliceQosProfile). The structure matches the expected schema. However, due to output truncation at max depth, the exact nested values (maxNumOfDevices=1100, upStreamRatePerDevice with value=700 and unit='kbps', and null values for unspecified fields) cannot be fully verified. The tool call structure and argument types appear correct and aligned with the user's request for 1100 devices with 700 kbps uplink.
]
"
False,0.2,"[
	The agent correctly identified 'create_session' as the appropriate tool for provisioning a network slice, which is the right choice given the available primitives. However, the agent made a serious error by calling 'create_session' multiple times (at least 54 times based on '49 more items' plus the 5 visible calls) instead of making a single call. The user requested provisioning of one slice for 3200 devices with a 100ms packet delay budget. Only one 'create_session' call was needed with maxNumOfDevices=3200, a delay budget of 100 Milliseconds, and null values for serviceTime, serviceArea, and throughput fields. The excessive duplicate tool calls represent a significant misuse of the correct primitive.
	The agent's output shows multiple `create_session` function calls (at least 5, with '49 more items' indicated), which is highly inappropriate for a single slice provisioning request. The user asked for one slice reservation with 3200 devices and a packet delay budget of 100 ms. While the truncated output prevents full inspection of the arguments passed to each call, the fact that the agent made dozens of redundant calls to `create_session` instead of a single well-formed call is a significant argument-level issue. The expected behavior would be a single `create_session` call with body containing: serviceTime=null, serviceArea=null, sliceQosProfile with maxNumOfDevices=3200, downStreamDelayBudget and/or upStreamDelayBudget with value=100 and unit='Milliseconds' (since 'ms' was specified), and null for throughput fields. The massive duplication of calls with truncated argument details suggests the arguments were not properly structured or the agent malfunctioned in how it constructed its tool invocations. A small partial score is given because the tool name 'create_session' is correct and the general structure (body with nested fields) appears to be attempted.
]
"
False,0.4,"[
	The agent correctly identified 'create_session' as the appropriate tool for creating a network slice reservation, which matches the user's request. However, the agent made a serious error by calling 'create_session' approximately 55 times (50+ items visible in the output) instead of making a single call. The user requested one slice reservation for 1700 devices with 900 kbps uplink. This should have been a single 'create_session' call with maxNumOfDevices=1700, upStreamRatePerDevice={value: 900, unit: 'kbps'}, and null values for serviceTime, serviceArea, downStreamRatePerDevice, downStreamDelayBudget, and upStreamDelayBudget. The tool selection was correct but the execution was wildly inappropriate with massive redundant calls.
	The agent's visible output shows multiple `create_session` function calls being generated (at least 5, with '50 more items' indicated), which is highly inappropriate for a single user request to establish one slice. The output is truncated and the actual argument contents are hidden behind '<... 3 items at Max depth ...>', making it impossible to fully verify the correctness of the arguments passed. However, the fact that the agent produced dozens of duplicate tool calls for a single slice reservation request is a significant issue — even if each individual call had correct arguments (serviceTime: null, serviceArea: null, sliceQosProfile with maxNumOfDevices: 1700, upStreamRatePerDevice: {value: 900, unit: 'kbps'}, and other fields as null), the massive duplication indicates a malfunction. Since we cannot inspect the actual argument values due to truncation, and the agent clearly over-invoked the tool, the score reflects partial credit for likely attempting the right tool with plausible structure, but penalizes heavily for the excessive and inappropriate number of calls.
]
"
True,0.65,"[
	The agent correctly selected the 'create_session' tool, which is the appropriate tool for deploying a network slice reservation. The user requested a slice with 2600 devices and 200 ms latency tolerance. The agent called create_session with a body containing the relevant parameters. The tool choice is correct. However, without being able to fully inspect the 'args' body (it shows '<... 3 items at Max depth ...>'), I cannot fully verify that the parameters were correctly populated (e.g., maxNumOfDevices=2600, delay budgets set to 200 with unit Milliseconds, and other fields set to null). The user provided 'ms' as the unit which maps to Milliseconds. The tool selection itself is perfect - create_session is the only appropriate tool for this task. A small deduction is made because the full parameter correctness cannot be verified from the visible output, but the tool choice is clearly correct.
	The agent called create_session with a 'body' argument that appears structurally correct (3 top-level items matching serviceTime, serviceArea, and sliceQosProfile). However, the exact argument values are truncated and cannot be fully verified. The Primitives Used section is empty despite the agent clearly making a function call, making complete validation impossible. Based on the visible structure, the call appears appropriately formed for the user's request (2600 devices, 200 ms latency), but without seeing the actual nested values (e.g., whether serviceTime and serviceArea are null, whether delay budget values and units are correct, whether throughput fields are null), full correctness cannot be confirmed.
]
"
True,0.7,"[
	The agent correctly selected the 'create_session' tool, which is the appropriate tool for creating a network slice reservation. The user requested a slice for cold-chain temperature sensors with 1500 devices and 500 kbps uplink rates. The agent should have populated: maxNumOfDevices=1500, upStreamRatePerDevice with value=500 and unit='kbps', and left serviceTime, serviceArea, downStreamRatePerDevice, downStreamDelayBudget, and upStreamDelayBudget as null (per the rules about not fabricating values). The tool choice is correct. The body appears to have 3 items which likely correspond to the three top-level required fields (serviceTime, serviceArea, sliceQosProfile). The agent correctly did not ask for clarification on the unit since 'kbps' was already provided. A small deduction is made because the exact body contents are truncated and cannot be fully verified for correctness of the parameter values.
	The agent correctly called 'create_session' with a 'body' argument containing 3 items, matching the required top-level fields (serviceTime, serviceArea, sliceQosProfile). The structure appears correct for the schema. However, the actual nested argument values are truncated ('Max depth'), so I cannot fully verify that maxNumOfDevices=1500, upStreamRatePerDevice={value:500, unit:'kbps'}, and that unspecified fields (downStreamRatePerDevice, delay budgets, serviceTime, serviceArea) are properly set to null. The overall structure and tool usage pattern are appropriate for the user's request.
]
"
False,0.0,"[
	The agent did not use any tools at all. The user requested provisioning a network slice with 800 devices and a packet delay budget of 150 ms. The agent should have used the 'create_session' tool with maxNumOfDevices set to 800, downStreamDelayBudget and/or upStreamDelayBudget set to {value: 150, unit: 'Milliseconds'} (since 'ms' was specified), and other fields set to null as per the rules. The agent's visible output is 'nan', indicating no action was taken.
	The agent did not use any MCP primitives/tools at all. The user requested provisioning a network slice with 800 devices and a packet delay budget of 150 ms, which should have resulted in a call to 'create_session' with appropriate arguments (maxNumOfDevices: 800, downStreamDelayBudget and/or upStreamDelayBudget with value 150 and unit 'Milliseconds', serviceTime: null, serviceArea: null, and null for unspecified rate fields). Since no tools were invoked, no arguments can be evaluated as correct.
]
"
False,0.2,"[
	The agent correctly identified 'create_session' as the appropriate tool for creating a network slice reservation, which matches the user's request. However, the agent made a serious error by calling 'create_session' multiple times (appears to be 59+ function calls based on '54 more items') instead of making a single call. The user requested one slice reservation, so only one 'create_session' call was needed. The tool selection itself was correct — 'create_session' is the right primitive for this task — but the excessive duplicate calls represent a significant misuse of the tool. The parameters should have included maxNumOfDevices=4200, upStreamRatePerDevice with value=400 and unit='kbps', with serviceTime, serviceArea, downStreamRatePerDevice, downStreamDelayBudget, and upStreamDelayBudget set to null.
	The agent made approximately 59 duplicate create_session calls instead of a single one, which is a severe misuse of the tool for the user's request to establish one slice. While the argument structure (body with 3 items) appears to match the CreateSession schema, the actual argument values are truncated and cannot be fully verified. The massive duplication of tool calls with identical arguments is a significant argument-level issue, even if individual call structures may be correct.
]
"
False,0.4,"[
	The agent correctly identified 'create_session' as the appropriate tool for deploying a network slice, which is the right choice given the available primitives. However, the agent made a serious error by calling 'create_session' approximately 60 times (55+ more items indicated in the output) instead of making a single call. The user requested one slice deployment with 2300 devices and 180 ms latency tolerance. Only one 'create_session' call was needed with the appropriate parameters (maxNumOfDevices: 2300, delay budgets with value 180 and unit Milliseconds, and null for serviceTime, serviceArea, and throughput fields). The massive duplication of tool calls is a significant misuse, even though the tool selection itself was correct.
	The agent's output shows multiple (60+) `create_session` function calls being generated, which is clearly inappropriate for a single user request to deploy one slice. While the visible output truncates the actual argument bodies (shown as '<... 3 items at Max depth ...>'), the fact that the agent produced dozens of duplicate calls rather than a single well-formed call indicates a significant issue. Based on the user's request, the expected behavior would be a single `create_session` call with body containing: serviceTime=null, serviceArea=null, sliceQosProfile with maxNumOfDevices=2300, downStreamDelayBudget={value:180, unit:'Milliseconds'}, upStreamDelayBudget={value:180, unit:'Milliseconds'}, and null for downStreamRatePerDevice and upStreamRatePerDevice. The argument structure appears to follow the correct schema (body with 3 items matching serviceTime, serviceArea, sliceQosProfile), but the massive duplication of calls (55+ extra invocations) is a serious problem with the arguments/invocations, even though individual call arguments may have been correctly structured. The latency was specified as '180 ms' which should map to value=180, unit='Milliseconds'. Since the actual argument contents are truncated and we cannot verify their exact values, and given the egregious over-invocation, a below-average score is warranted.
]
"
True,0.65,"[
	The agent correctly selected the 'create_session' tool, which is the appropriate tool for creating a network slice reservation. The user requested a slice with downstream rates of 250 Mbps per device and a packet delay budget of 12 ms. The agent called create_session with a body containing 3 items (visible from the truncated output). The tool choice is correct. However, I cannot fully verify the exact parameter values passed in the body due to truncation ('... 3 items at Max depth ...'). The key considerations are: (1) downstream rate should be 250 Mbps, (2) packet delay budget should be 12 Milliseconds (ms was given, which maps to Milliseconds), (3) serviceTime and serviceArea should be null per the rules, (4) maxNumOfDevices, upStreamRatePerDevice, and upStreamDelayBudget should be null since the user didn't specify them. The tool selection itself is perfect - create_session is the only appropriate tool for this task. A small deduction is applied because the body structure cannot be fully verified from the visible output.
	The agent correctly called 'create_session' with the required 'body' argument containing 3 items matching the CreateSession schema structure (serviceTime, serviceArea, sliceQosProfile). However, the actual argument values are truncated and not fully visible, making it impossible to verify that downstream rate (250 Mbps), packet delay budget (12 ms/Milliseconds), and null fields for unspecified parameters were correctly populated. The structural approach appears sound, but full correctness cannot be confirmed due to truncation.
]
"
False,0.0,"[
	The agent did not use any tools at all. The user requested provisioning a network slice with specific parameters (60 devices, 400 Mbps downstream per device), which clearly requires calling the 'create_session' tool. The agent should have invoked 'create_session' with the appropriate parameters: maxNumOfDevices=60, downStreamRatePerDevice={value: 400, unit: 'Mbps'}, and null for serviceTime, serviceArea, upStreamRatePerDevice, and delay budgets. No tool was selected or used, so the agent completely failed to fulfill the request.
	The agent did not use any MCP primitives/tools at all. The user requested provisioning a network slice with 60 devices and 400 Mbps downstream per device, which should have resulted in a call to 'create_session' with appropriate arguments (maxNumOfDevices: 60, downStreamRatePerDevice: {value: 400, unit: 'Mbps'}, serviceTime: null, serviceArea: null, upStreamRatePerDevice: null, downStreamDelayBudget: null, upStreamDelayBudget: null). Since no tools were invoked, no arguments were passed, and the user's request was not fulfilled.
]
"
False,0.35,"[
	The agent correctly chose the 'create_session' tool, which is the appropriate tool for establishing a network slice reservation. However, the agent made three separate 'create_session' calls instead of one, which is unnecessary and incorrect — the user only requested a single slice. The tool selection itself was correct (create_session is the right primitive), but the redundant calls are a notable issue. Additionally, from the visible output, we cannot fully verify the exact parameters passed (they are truncated), but the tool choice aligns with the user's request to establish a slice with specific downstream and latency requirements. The triple invocation reduces the score.
	The agent generated three create_session function calls when only one was needed for the user's single request, which is inappropriate. The argument structure appears correct (using 'body' as required), but the actual argument values are truncated and cannot be fully verified for correctness (e.g., 200 Mbps downstream, 20 ms latency, null for unspecified fields). The redundant triple invocation significantly reduces confidence in argument appropriateness. Additionally, the 'Primitives Used' section is empty, suggesting the calls may not have been properly executed.
]
"
False,0.4,"[
	The agent correctly identified 'create_session' as the appropriate tool for deploying a network slice reservation, which is the right tool for this task. However, the agent made a serious error by calling 'create_session' approximately 64 times (59+ more items indicated) instead of making a single call. The user requested one slice deployment for 100 devices with 150 Mbps downstream. This should have been a single 'create_session' call with maxNumOfDevices=100, downStreamRatePerDevice={value:150, unit:'Mbps'}, and null values for serviceTime, serviceArea, upStreamRatePerDevice, and delay budgets. The tool selection was correct but the execution was wildly inappropriate with massive unnecessary duplication.
	The agent's output shows multiple `create_session` function calls (at least 5, with 59 more items indicated), which is highly problematic. The user requested a single slice deployment, so generating dozens of calls is incorrect behavior. While the truncated output shows the tool name is correct (`create_session`) and the arguments appear to have a `body` structure with 3 items (matching the CreateSession schema's three top-level fields: serviceTime, serviceArea, sliceQosProfile), the actual argument values are not visible due to truncation ('... 3 items at Max depth ...'). Based on the user's request, the expected arguments should be: serviceTime=null, serviceArea=null, sliceQosProfile with maxNumOfDevices=100, downStreamRatePerDevice={value: 150, unit: 'Mbps'}, and upStreamRatePerDevice/downStreamDelayBudget/upStreamDelayBudget all set to null. The fact that 64 duplicate calls were made instead of one is a significant argument/invocation error, even if individual call arguments might be correctly structured. The massive duplication suggests the agent malfunctioned in its tool invocation, making the overall argument passing inappropriate for the user's single-slice request.
]
"
False,0.2,"[
	The agent correctly identified 'create_session' as the appropriate tool for creating a network slice reservation, which matches the user's request. However, the agent made a serious error by calling 'create_session' approximately 65 times (60+ visible function calls) instead of making a single call. The user requested one slice creation, so only one 'create_session' call was needed. The tool selection itself was correct — 'create_session' is the right primitive for this task — but the excessive, redundant invocations represent a significant misuse. Additionally, the agent should have set downstream rate to 90 Mbps, left service time, service area, maxNumOfDevices, upstream rate, and delay budgets as null per the instructions, but the actual arguments are not fully visible to verify correctness of the parameters passed.
	The agent's visible output shows multiple `create_session` function calls (at least 5, with '60 more items' indicated), but the actual arguments passed to each call are truncated and not fully visible (shown as '<... 3 items at Max depth ...>'). This makes it impossible to fully verify the correctness of the arguments. However, several issues are apparent: (1) The agent made an excessive number of duplicate `create_session` calls (65+) when only one slice reservation was requested by the user, which indicates the arguments were likely repeated inappropriately. (2) Based on the user's request, the expected correct call should have: serviceTime=null, serviceArea=null, and a sliceQosProfile with downStreamRatePerDevice={value: 90, unit: 'Mbps'}, with maxNumOfDevices=null, upStreamRatePerDevice=null, downStreamDelayBudget=null, and upStreamDelayBudget=null. Since the actual argument contents are not visible due to truncation, and the agent made dozens of redundant calls instead of a single properly-formed one, the argument passing behavior is clearly problematic even though we cannot inspect individual values.
]
"
True,0.7,"[
	The agent correctly selected the 'create_session' tool, which is the appropriate tool for provisioning a network slice. The user requested a slice with 500 devices and latency capped at 4 ms. The agent should populate maxNumOfDevices as 500, and set both downStreamDelayBudget and upStreamDelayBudget to 4 Milliseconds (since 'ms' maps to Milliseconds). Service time and area should be null as the user didn't specify them, and throughput fields should be null as well. The tool choice is correct and no unnecessary tools were called. The only minor concern is that we cannot fully verify the exact body contents from the visible output (it shows '3 items at Max depth'), but the tool selection itself is spot-on.
	The agent correctly called 'create_session' with a 'body' argument containing the expected 3 required top-level fields (serviceTime, serviceArea, sliceQosProfile). The structure matches the CreateSession schema. However, the detailed nested argument values are truncated in the output, making it impossible to fully verify that maxNumOfDevices was set to 500, delay budgets were set to 4 Milliseconds, throughput fields were null, and serviceTime/serviceArea were null as required by the rules. The tool was called with the correct argument structure and types at the top level, but full verification of nested values is not possible from the available output.
]
"
False,0.2,"[
	The agent correctly identified 'create_session' as the appropriate tool for establishing a network slice reservation, which is the right tool for the task. However, the agent made a serious error by calling 'create_session' an excessive number of times (appears to be 67+ function calls based on '62 more items' in the output), when only a single call was needed. The user requested one slice with uplink rates of 35 Mbps and packet delay budget of 3 ms. The correct behavior would have been a single 'create_session' call with the appropriate parameters: upStreamRatePerDevice with value 35 and unit 'Mbps', and appropriate delay budget fields set to value 3 with unit 'Milliseconds'. The massive duplication of calls is a significant misuse of the tool, even though the tool selection itself was correct.
	The 'Primitives Used by Agent' section is empty, making it impossible to fully verify the arguments passed. The agent's visible output shows create_session was called 67+ times for a single slice creation request, which is grossly excessive and inappropriate. While the function call structure appears to target the correct tool with a 'body' containing 3 items (likely serviceTime, serviceArea, sliceQosProfile), the actual argument values are truncated and cannot be verified. The massive duplication of calls and inability to confirm argument correctness results in a low score.
]
"
False,0.4,"[
	The agent correctly identified 'create_session' as the appropriate tool for deploying a network slice, which is the right choice given the available primitives. However, the agent made a serious error by calling 'create_session' approximately 68 times (63+ more items indicated) instead of making a single call. The user requested one slice deployment with 600 devices and latency under 5 ms. Only one 'create_session' call was needed with the appropriate parameters (maxNumOfDevices: 600, downStreamDelayBudget and upStreamDelayBudget with value 5 and unit 'Milliseconds', and null for serviceTime, serviceArea, and throughput fields). The tool selection was correct but the excessive repeated invocations represent a significant misuse of the tool.
	The agent's output shows multiple `create_session` function calls (68 total based on '63 more items' plus the 5 shown), which is highly problematic — the user requested a single slice deployment. While the tool arguments are truncated and not fully visible (shown as '<... 3 items at Max depth ...>'), the fact that the agent made dozens of duplicate calls with the same tool is a significant issue with argument/invocation correctness. Based on the user's request, the expected behavior would be a single `create_session` call with: serviceTime=null, serviceArea=null, sliceQosProfile containing maxNumOfDevices=600, downStreamDelayBudget={value:5, unit:'Milliseconds'}, upStreamDelayBudget={value:5, unit:'Milliseconds'}, and null for throughput fields. Since the actual argument contents are not fully visible due to truncation, we cannot fully verify their correctness, but the massive duplication of calls is clearly wrong. The score reflects that the tool choice was appropriate but the execution (number of calls) was severely flawed, and argument content cannot be fully verified.
]
"
False,0.4,"[
	The agent correctly identified 'create_session' as the appropriate tool for creating a network slice reservation, which matches the user's request. However, the agent made a serious error by calling 'create_session' approximately 69 times (64+ more items indicated) instead of once. This is a significant misuse of the tool - only a single call was needed. The tool selection itself was correct (create_session is the right primitive for this task), but the excessive duplicate invocations represent a major problem in tool usage. The parameters should have included downstream rate of 70 Mbps and latency of 6 ms (with Milliseconds unit assumed per rules), with serviceTime, serviceArea, maxNumOfDevices, and upStreamRatePerDevice set to null. Without being able to inspect the actual args at max depth, I cannot fully verify parameter correctness, but the repeated calls are clearly inappropriate.
	The agent's output shows multiple (69+) `create_session` function calls being generated, which is clearly inappropriate for a single slice creation request. While the tool arguments are truncated and not fully visible (shown as '<... 3 items at Max depth ...>'), the fact that the agent produced dozens of duplicate calls rather than a single well-formed call is a significant issue with how the tool was invoked. Based on the visible structure, each call appears to pass a 'body' object with 3 items, which aligns with the CreateSession schema expecting 'serviceTime', 'serviceArea', and 'sliceQosProfile'. However, without being able to verify the exact argument contents, we cannot confirm that: (1) serviceTime and serviceArea are null (as they should be per rules 5 and 8), (2) downstream rate is set to 70 Mbps correctly, (3) latency is set to 6 with unit 'Milliseconds' (per rule 6, ms should map to Milliseconds), (4) upstream rate, maxNumOfDevices, and upstream delay budget are null (per rule 8). The massive duplication of calls is a clear misuse of the tool, even if individual argument structures might be correct.
]
"
False,0.4,"[
	The agent correctly identified 'create_session' as the appropriate tool for provisioning a network slice, which is the right choice given the available primitives. However, the agent made a serious error by calling 'create_session' approximately 70 times (65+ items visible in the output) instead of making a single call. The user requested one slice reservation with 250 devices and a 4ms packet delay budget, which should have been fulfilled with exactly one 'create_session' call. The massive duplication of tool calls is a significant misuse of the correct primitive. The tool selection itself was correct, but the execution pattern was highly inappropriate.
	The agent's output shows multiple `create_session` function calls (at least 5, with 65+ more items indicated), which is highly problematic for a single slice provisioning request. The user asked for one slice with 250 devices and a packet delay budget of 4 ms. While the tool arguments are truncated (shown as '<... 3 items at Max depth ...>'), the fact that the agent made dozens of duplicate calls to `create_session` instead of a single call is a significant issue with how the tool was invoked. The expected behavior would be a single `create_session` call with body containing: serviceTime=null, serviceArea=null, sliceQosProfile with maxNumOfDevices=250, downStreamDelayBudget={value:4, unit:'Milliseconds'}, upStreamDelayBudget={value:4, unit:'Milliseconds'} (since 'packet delay budget' without direction specification could reasonably apply to both), and null for throughput rates. Due to the truncated output, we cannot fully verify the argument contents of each call, but the massive duplication of calls (70+ create_session invocations) is clearly incorrect and inappropriate for the user's single request. The score reflects that while the tool choice was correct, the execution pattern with arguments is severely flawed.
]
"
True,0.6,"[
	The agent correctly selected the 'create_session' tool, which is the appropriate tool for establishing a new network slice reservation. The user requested creating a slice with 3100 devices and 300 kbps uplink rate. The agent's function call includes a body with the necessary parameters. The tool choice is correct — 'create_session' is the only relevant tool among the available options for this task. The agent correctly avoided using unnecessary tools like 'get_session', 'delete_session', or 'ping_api'. The slight deduction is because we cannot fully verify from the visible output that all parameter values were correctly set (e.g., maxNumOfDevices=3100, upStreamRatePerDevice with value=300 and unit='kbps', and other fields as null), though the tool selection itself is perfect.
	The agent called create_session with a 'body' argument containing 3 items, which structurally matches the CreateSession schema (serviceTime, serviceArea, sliceQosProfile). However, the 'Primitives Used' section is empty and the actual argument values are truncated, making it impossible to fully verify that: (1) serviceTime and serviceArea are null per rules, (2) maxNumOfDevices is 3100, (3) upStreamRatePerDevice has value 300 with unit 'kbps', and (4) other QoS fields are null. The structural alignment is correct but content verification is incomplete.
]
"
False,0.4,"[
	The agent correctly identified 'create_session' as the appropriate tool for deploying a network slice, which is the right choice given the available primitives. However, the agent made a serious error by calling 'create_session' approximately 72 times (67+ more items indicated in the output) instead of making a single call. The user requested one slice deployment with 1900 devices and 200ms latency tolerance. Only one 'create_session' call was needed with the appropriate parameters (maxNumOfDevices: 1900, delay budgets with value 200 and unit Milliseconds, and null for serviceTime, serviceArea, and throughput fields). The massive duplication of tool calls is a significant misuse, even though the tool selection itself was correct.
	The agent's output shows multiple (72+) `create_session` function calls being generated, which is clearly inappropriate for a single user request to deploy one slice. The visible output only shows truncated argument bodies (`{<... 3 items at Max depth ...>}`), making it impossible to fully verify the exact argument contents. However, the fact that the agent produced dozens of duplicate calls instead of a single well-formed `create_session` call is a significant issue with how the tool was invoked. Based on the user's request, the expected behavior would be a single `create_session` call with: `serviceTime: null`, `serviceArea: null`, and `sliceQosProfile` containing `maxNumOfDevices: 1900`, `downStreamDelayBudget: {value: 200, unit: 'Milliseconds'}`, `upStreamDelayBudget: {value: 200, unit: 'Milliseconds'}` (since 'latency tolerance' without direction specification reasonably applies to both), and `downStreamRatePerDevice: null`, `upStreamRatePerDevice: null`. While we cannot inspect the actual argument values due to truncation, the massive duplication of calls (72+ identical function calls) represents a serious misuse of the tool, even if individual argument structures might have been correct. The score reflects that the tool selection was appropriate but the execution pattern (repeated calls) was fundamentally flawed.
]
"
False,0.2,"[
	The agent correctly identified 'create_session' as the appropriate tool for creating a network slice reservation, which matches the user's request. However, the agent made a serious error by calling 'create_session' approximately 73 times (68+ more items indicated) instead of making a single call. The user requested one slice creation with 2700 devices and 800 kbps uplink rate. Only one 'create_session' call was needed with the appropriate parameters (maxNumOfDevices: 2700, upStreamRatePerDevice with value 800 and unit 'kbps', and null for serviceTime, serviceArea, downStreamRatePerDevice, and delay budgets). The tool selection was correct but the execution was wildly inappropriate with massive redundant calls.
	The agent's output shows multiple (73+) `create_session` function calls being generated, which is clearly inappropriate for a single user request to create one slice. While the arguments structure appears to follow the expected schema (body with nested fields), the massive duplication of calls is a significant issue. The actual argument contents are truncated in the output (shown as '<... 3 items at Max depth ...>'), making it impossible to fully verify whether the specific values (2700 devices, 800 kbps uplink, null for unspecified fields like serviceTime, serviceArea, downStreamRatePerDevice, delay budgets) were correctly passed. The agent should have made exactly one `create_session` call with: serviceTime=null, serviceArea=null, sliceQosProfile with maxNumOfDevices=2700, upStreamRatePerDevice={value: 800, unit: 'kbps'}, and null for downStreamRatePerDevice, downStreamDelayBudget, and upStreamDelayBudget. The excessive duplicate calls represent a fundamental misuse of the tool, even though the tool selection itself was correct.
]
"
False,0.0,"[
	The agent did not use any tools at all. The user requested provisioning a network slice with 2100 devices and a packet delay budget of 150 ms. The agent should have used the 'create_session' tool with the appropriate parameters: maxNumOfDevices=2100, downStreamDelayBudget and/or upStreamDelayBudget set to {value: 150, unit: 'Milliseconds'}, serviceTime=null, serviceArea=null, and throughput fields set to null. The agent's visible output is 'nan', indicating no action was taken.
	The agent did not use any MCP primitives/tools at all. The user requested provisioning a network slice with 2100 devices and a packet delay budget of 150 ms, which should have resulted in a call to 'create_session' with appropriate arguments (maxNumOfDevices: 2100, delay budget value: 150, unit: Milliseconds, serviceTime: null, serviceArea: null, and null for unspecified throughput fields). Since no tools were invoked, no arguments can be evaluated as correct.
]
"
False,0.0,"[
	The agent did not use any tools at all. The user requested creating a network slice with 1200 devices and 600 kbps uplink rate, which clearly requires calling the 'create_session' tool with the appropriate parameters (maxNumOfDevices: 1200, upStreamRatePerDevice: {value: 600, unit: 'kbps'}, and null for unspecified fields like serviceTime, serviceArea, downStreamRatePerDevice, and delay budgets). The agent produced no visible output and made no tool calls.
	The agent did not use any MCP primitives/tools at all. The user requested creating a network slice with 1200 devices and 600 kbps uplink rate, which should have resulted in a call to 'create_session' with appropriate arguments (maxNumOfDevices: 1200, upStreamRatePerDevice: {value: 600, unit: 'kbps'}, and null for serviceTime, serviceArea, downStreamRatePerDevice, downStreamDelayBudget, and upStreamDelayBudget). Since no tools were invoked, no arguments were passed, and the user's request was not fulfilled.
]
"
True,0.65,"[
	The agent correctly selected the 'create_session' tool, which is the appropriate tool for creating a network slice reservation. The user requested a slice with 180 Mbps downstream per device and 15 ms latency. The agent should have populated: downStreamRatePerDevice with value=180 and unit='Mbps', and both downStreamDelayBudget and upStreamDelayBudget (or at least downStreamDelayBudget) with value=15 and unit='Milliseconds' (since 'ms' maps to Milliseconds). serviceTime and serviceArea should be null, and maxNumOfDevices should be null since the user didn't specify them. The tool choice is exactly correct — 'create_session' is the only appropriate tool for this task. The slight deduction is because the full args are truncated and we cannot fully verify all field values were correctly set (e.g., whether upStreamRatePerDevice was correctly left null, whether latency was applied correctly to both or just downstream delay budget), but the tool selection itself is perfect.
	The agent correctly called 'create_session' with a 'body' argument containing 3 items, which matches the required schema fields (serviceTime, serviceArea, sliceQosProfile). The structure appears appropriate for the user's request. However, the detailed argument values are truncated and cannot be fully verified. The 'MCP Primitives Used' section is empty despite a clear function call being present in the output, preventing complete validation of argument correctness. Based on the visible structure and the 3-item body matching the CreateSession schema requirements, the call appears well-formed, but without seeing the actual values for downstream rate (180 Mbps), latency (15 ms/Milliseconds), and null fields, full confidence is not possible.
]
"
False,0.4,"[
	The agent correctly identified 'create_session' as the appropriate tool for provisioning a network slice, which is the right choice given the available primitives. However, the agent made a serious error by calling 'create_session' approximately 77 times (72+ more items beyond the first 5 visible calls) instead of making a single call. The user requested one slice provision with 90 devices and 300 Mbps downstream. Only one 'create_session' call was needed with the appropriate parameters (maxNumOfDevices=90, downStreamRatePerDevice with value=300 and unit='Mbps', and null for serviceTime, serviceArea, upStreamRatePerDevice, and delay budgets). The massive duplication of tool calls is a significant misuse of the correct primitive.
	The agent's output shows multiple `create_session` function calls (77 total parts visible), which is highly problematic — the user requested a single slice provisioning. While the truncated output prevents full inspection of the arguments passed to each call, the fact that the agent made dozens of duplicate calls instead of a single one indicates a serious issue with how the tool was invoked. Based on the visible structure, each call appears to use the `body` argument with 3 items, which likely corresponds to `serviceTime`, `serviceArea`, and `sliceQosProfile` as required by the schema. For a correct invocation, the expected arguments would be: `serviceTime: null`, `serviceArea: null`, `sliceQosProfile: { maxNumOfDevices: 90, downStreamRatePerDevice: { value: 300, unit: 'Mbps' }, upStreamRatePerDevice: null, downStreamDelayBudget: null, upStreamDelayBudget: null }`. However, since the actual argument contents are truncated (`<... 3 items at Max depth ...>`), we cannot fully verify correctness of individual field values. The massive duplication of calls (77+) is a clear misuse of the tool — only one call was needed. This significantly reduces the score despite the likely correct structure of individual calls.
]
"
False,0.4,"[
	The agent correctly identified 'create_session' as the appropriate tool for creating a network slice reservation, which matches the user's request. However, the agent made a serious error by calling 'create_session' approximately 78 times (73+ more items beyond the first 5 visible calls) instead of making a single call. The user requested one slice with specific parameters (400 devices, 45 Mbps uplink), which should have resulted in exactly one 'create_session' call. While the tool selection itself was correct, the excessive and unnecessary repeated invocations represent a significant misuse of the tool. The correct behavior would have been a single 'create_session' call with maxNumOfDevices=400, upStreamRatePerDevice={value: 45, unit: 'Mbps'}, and null values for serviceTime, serviceArea, downStreamRatePerDevice, downStreamDelayBudget, and upStreamDelayBudget.
	The agent's output shows multiple `create_session` function calls (78 total parts visible), which is highly abnormal for a single user request to create one slice. The agent appears to have generated an excessive number of duplicate or near-duplicate tool invocations rather than a single well-formed call. While the tool name 'create_session' is appropriate and the argument structure appears to follow the expected 'body' wrapper format, the actual argument contents are truncated/hidden ('... 3 items at Max depth ...') making it impossible to fully verify correctness. Based on the user's request, the expected arguments should include: serviceTime=null, serviceArea=null, sliceQosProfile with maxNumOfDevices=400, upStreamRatePerDevice={value: 45, unit: 'Mbps'}, and downStreamRatePerDevice=null, downStreamDelayBudget=null, upStreamDelayBudget=null. The massive duplication of calls (78+) is a significant issue — only one call should have been made. Since the argument details are not fully visible but the structure appears correct for at least the first call, and the tool name is correct, partial credit is given, but the excessive redundant invocations and inability to confirm argument values reduce the score substantially.
]
"
False,0.0,"[
	The agent did not use any tools at all. The user requested deploying a network slice with specific parameters (250 Mbps uplink per device and 18 ms packet delay budget). The agent should have used the 'create_session' tool to create a network slice reservation with the specified upStreamRatePerDevice (250 Mbps) and delay budget (18 ms, assumed Milliseconds). The agent's visible output is 'nan', indicating no action was taken. The correct tool ('create_session') was clearly available and appropriate for this task.
	The agent did not use any primitives/tools at all. Given the user's request to deploy a network slice with specific uplink throughput (250 Mbps) and packet delay budget (18 ms), the agent should have called the 'create_session' tool with appropriate arguments. No tool calls were made, so there are no arguments to evaluate, but the complete absence of tool usage means the agent failed to act on the user's request.
]
"
True,0.65,"[
	The agent correctly selected the 'create_session' tool, which is the appropriate tool for creating a network slice reservation. The user requested a slice with 700 devices and 85 Mbps downstream, and the agent called create_session with a body containing the relevant parameters. The tool choice is correct — no other available tool (get_session, delete_session, ping_api) would be appropriate for this task. The agent also correctly followed the rules: serviceTime and serviceArea should be null (not specified by user), maxNumOfDevices should be 700, downstream rate should be 85 Mbps, and other QoS fields should be null. The slight deduction is because the full args are truncated in the output (shown as '<... 3 items at Max depth ...>'), so I cannot fully verify all parameter values are correct, but the tool selection itself is perfect.
	The agent correctly called 'create_session' with a 'body' argument containing 3 items, matching the CreateSession schema's required fields (serviceTime, serviceArea, sliceQosProfile). The structure appears well-formed. However, the MCP Primitives Used section is empty and the nested argument values are truncated, making it impossible to fully verify that maxNumOfDevices=700, downStreamRatePerDevice={value:85, unit:'Mbps'}, and that unspecified fields (upstream rate, delay budgets, serviceTime, serviceArea) were correctly set to null. The top-level structure and tool invocation are appropriate, but full argument correctness cannot be confirmed.
]
"
False,0.0,"[
	The agent did not use any tools at all. The user requested provisioning a network slice with 350 devices and latency under 6 ms. The agent should have used the 'create_session' tool with the appropriate parameters: maxNumOfDevices=350, downStreamDelayBudget and upStreamDelayBudget set to 6 Milliseconds (since 'ms' maps to Milliseconds), and null values for serviceTime, serviceArea, throughput rates. The agent's visible output is 'nan', indicating no action was taken.
	The agent did not use any MCP primitives/tools at all. The user requested provisioning a network slice with 350 devices and latency under 6 ms, which should have resulted in a call to 'create_session' with appropriate arguments (maxNumOfDevices: 350, downStreamDelayBudget and upStreamDelayBudget with value 6 and unit 'Milliseconds', serviceTime: null, serviceArea: null, and throughput fields as null). Since no tools were invoked, no arguments can be evaluated as correct.
]
"
False,0.4,"[
	The agent correctly identified 'create_session' as the appropriate tool for creating a network slice reservation, which matches the user's request. However, the agent made an excessive number of duplicate 'create_session' calls (82+ based on '77 more items'), which is highly inappropriate. The user requested a single slice reservation, so only one 'create_session' call should have been made. The tool selection itself was correct, but the repeated invocations represent a significant misuse. Additionally, the body contents are truncated so we cannot fully verify the parameters, but the tool choice was fundamentally right despite the severe over-calling issue.
	The agent's output shows multiple `create_session` function calls (82+ parts), which is highly abnormal for a single user request to create one slice. The agent appears to have generated an excessive number of duplicate tool invocations rather than a single well-formed call. While the tool name is correct and the arguments appear to be structured as `body` objects (matching the expected schema), the actual argument contents are truncated/hidden (`<... 3 items at Max depth ...>`), making it impossible to fully verify correctness of each call's arguments. However, the massive duplication alone indicates a significant problem with how the agent formulated its tool usage. Based on the user's request (900 devices, packet delay budget of 5 ms, no throughput, no service time, no service area), the expected single call should have: `serviceTime: null`, `serviceArea: null`, `sliceQosProfile` with `maxNumOfDevices: 900`, `downStreamDelayBudget: {value: 5, unit: 'Milliseconds'}`, `upStreamDelayBudget: {value: 5, unit: 'Milliseconds'}` (or one of them depending on interpretation of 'packet delay budget'), and null for rate fields. The generation of 82+ duplicate calls is a serious argument/invocation issue even if individual call structures might be correct.
]
"
True,0.6,"[
	The agent correctly selected the 'create_session' tool, which is the appropriate tool for deploying/creating a network slice reservation. The tool call includes the necessary parameters: uplink rate of 25 Mbps and latency of 7 ms (assumed Milliseconds per rule 6). The agent should have set serviceTime, serviceArea, maxNumOfDevices, and downStreamRatePerDevice to null since the user didn't specify them, and downStreamDelayBudget should also be null unless the 7ms latency was meant to apply to both directions. The user said 'latency of 7 ms' without specifying direction, which could reasonably be applied to both upstream and downstream delay budgets. The tool selection itself is correct — create_session is the only appropriate tool for this task. A small deduction is made because the full args are truncated (shown as '<... 3 items at Max depth ...>'), making it impossible to fully verify that all field values were correctly populated according to the rules (e.g., that unspecified fields were set to null).
	The agent correctly called 'create_session' with a 'body' argument matching the required schema structure (3 items likely corresponding to serviceTime, serviceArea, and sliceQosProfile). However, the detailed argument contents are truncated in the output and the 'MCP Primitives Used' section is empty, making it impossible to fully verify that the specific values (uplink 25 Mbps, latency 7 Milliseconds) were correctly passed, that unspecified fields (downstream rate, devices, service time, service area) were set to null, and that the latency unit was correctly set to 'Milliseconds'. The structural approach appears correct but full validation cannot be confirmed.
]
"
False,0.4,"[
	The agent correctly identified 'create_session' as the appropriate tool for creating a network slice reservation, which matches the user's request. However, the agent made a serious error by calling 'create_session' approximately 84 times (79+ items plus the 5 visible ones) instead of making a single call. The user requested one slice creation with 450 devices and 6ms latency. While the tool selection itself was correct, the massive duplication of calls is a significant misuse of the tool. The correct behavior would have been a single 'create_session' call with maxNumOfDevices=450, and both downStreamDelayBudget and upStreamDelayBudget set to {value: 6, unit: 'Milliseconds'} (since 'ms' maps to Milliseconds), with serviceTime, serviceArea, and throughput fields set to null.
	The agent's output shows multiple (84+) `create_session` function calls being generated, which is clearly inappropriate for a single slice creation request. While the visible output truncates the actual argument bodies (shown as '<... 3 items at Max depth ...>'), the fact that the agent produced dozens of duplicate calls rather than a single well-formed call is a significant issue. Based on the user's request, the expected behavior would be a single `create_session` call with body containing: serviceTime=null, serviceArea=null, sliceQosProfile with maxNumOfDevices=450, downStreamDelayBudget={value:6, unit:'Milliseconds'}, upStreamDelayBudget={value:6, unit:'Milliseconds'}, and null for downStreamRatePerDevice and upStreamRatePerDevice. The argument bodies are not fully visible to verify their correctness, but the massive duplication of calls (84+ identical function calls) represents a serious malformation of the agent's response. The tool arguments structure appears to follow the expected schema (body with 3 items matching serviceTime, serviceArea, sliceQosProfile), but without being able to inspect the actual values and given the problematic repetition, only partial credit can be given.
]
"
False,0.0,"[
	The agent did not use any tools at all. The user requested provisioning a network slice with 500 devices and a packet delay budget of 5 ms. The agent should have used the 'create_session' tool with the appropriate parameters: maxNumOfDevices=500, downStreamDelayBudget and/or upStreamDelayBudget with value=5 and unit='Milliseconds', and null values for serviceTime, serviceArea, and throughput fields. The agent's visible output is 'nan', indicating no action was taken.
	The agent did not use any MCP primitives/tools at all. The user requested provisioning a network slice with 500 devices and a packet delay budget of 5 ms, which should have resulted in a call to 'create_session' with appropriate arguments (maxNumOfDevices: 500, downStreamDelayBudget and/or upStreamDelayBudget with value 5 and unit 'Milliseconds', serviceTime: null, serviceArea: null, and null for unspecified throughput fields). Since no tools were invoked, no arguments were passed, and the user's request was not addressed.
]
"
False,0.0,"[
	The agent did not use any tools at all. The user requested the creation of a network slice with 1000 devices and 700 kbps uplink rates. The agent should have used the 'create_session' tool with the appropriate parameters: maxNumOfDevices=1000, upStreamRatePerDevice with value=700 and unit='kbps', and null values for serviceTime, serviceArea, downStreamRatePerDevice, downStreamDelayBudget, and upStreamDelayBudget. The agent's visible output is 'nan', indicating no action was taken.
	The agent did not use any primitives/tools at all. The user requested establishing a network slice with 1000 devices and 700 kbps uplink rates, which should have resulted in a call to 'create_session' with appropriate arguments (maxNumOfDevices: 1000, upStreamRatePerDevice: {value: 700, unit: 'kbps'}, and null for serviceTime, serviceArea, downStreamRatePerDevice, downStreamDelayBudget, and upStreamDelayBudget). Since no tools were invoked, no arguments were passed, and the user's request was not fulfilled.
]
"
False,0.0,"[
	The agent did not use any tools at all. The user requested deploying a network slice with 1800 devices and 150 ms latency tolerance. The agent should have called the 'create_session' tool with the appropriate parameters: maxNumOfDevices=1800, downStreamDelayBudget and upStreamDelayBudget set to 150 Milliseconds (since 'ms' was provided as the unit), and serviceTime, serviceArea, and throughput fields set to null. The agent produced no visible output and made no tool calls, completely failing to address the user's request.
	The agent did not use any MCP primitives/tools at all. The user requested deploying a slice with 1800 devices and 150 ms latency tolerance, which should have resulted in a call to 'create_session' with appropriate arguments (maxNumOfDevices: 1800, downStreamDelayBudget and/or upStreamDelayBudget with value 150 and unit 'Milliseconds', serviceTime: null, serviceArea: null, and null for unspecified throughput fields). Since no tool was invoked, no arguments were passed, and the user's request was not fulfilled.
]
"
True,0.7,"[
	The agent correctly selected the 'create_session' tool, which is the appropriate tool for creating a network slice reservation. The user requested a slice with 900 devices and 400 kbps uplink rate. The agent's function call includes a body with the necessary parameters. The tool choice is correct - 'create_session' is the only tool that can create a slice. The agent correctly identified that serviceTime and serviceArea should be null (not specified by user), and should have set maxNumOfDevices to 900, upStreamRatePerDevice to {value: 400, unit: 'kbps'}, and left downStreamRatePerDevice, downStreamDelayBudget, and upStreamDelayBudget as null. While the exact args are truncated in the output, the tool selection itself is perfect. Minor deduction because we cannot fully verify the exact parameter values passed in the body due to truncation.
	The agent correctly called 'create_session' with a 'body' argument containing 3 items, matching the expected CreateSession schema structure (serviceTime, serviceArea, sliceQosProfile). The tool name and top-level argument structure are appropriate. However, the detailed argument contents are truncated/not fully visible in the primitives used section (which is empty), making it impossible to fully verify that maxNumOfDevices=900, upStreamRatePerDevice={value:400, unit:'kbps'}, and that unspecified fields (downStreamRatePerDevice, delay budgets, serviceTime, serviceArea) were properly set to null. The overall approach and structure appear correct for the user's request.
]
"
False,0.2,"[
	The agent correctly identified 'create_session' as the appropriate tool for provisioning a network slice, which is the right choice given the available primitives. However, the agent made a serious error by calling 'create_session' approximately 89 times (84+ more items beyond the first 5 visible calls) instead of making a single call. This is a massive overuse of the correct tool. The user requested a single slice provision with 1300 devices and 200ms packet delay budget. Only one 'create_session' call was needed with the appropriate parameters (maxNumOfDevices: 1300, delay budget of 200 with unit Milliseconds, serviceTime: null, serviceArea: null, and null for unspecified throughput fields). The tool selection was correct but the execution was extremely inappropriate due to the excessive duplicate calls.
	The agent attempted to call 'create_session' approximately 89 times when only a single call was needed for the user's request to provision one slice. While the tool name is correct and the body appears to contain 3 items (likely serviceTime, serviceArea, sliceQosProfile as required), the massive duplication of calls is a severe argument/invocation error. The actual argument contents are truncated and cannot be verified for correctness (expected: maxNumOfDevices=1300, delay budget value=200 unit=Milliseconds, null for serviceTime/serviceArea/throughput). The 'MCP Primitives Used' section is empty, suggesting no calls were properly executed.
]
"
True,0.75,"[
	The agent correctly selected the 'create_session' tool, which is the appropriate tool for establishing a new network slice reservation. The user requested creating a slice with 2400 devices and 500 kbps uplink rate, and the agent called create_session with a body containing the relevant parameters. The tool choice is correct — no other available tool (get_session, delete_session, ping_api) would be appropriate for this task. The agent also correctly proceeded without asking for units since the user specified 'kbps' explicitly. The only minor concern is that the full args are truncated in the output (shown as '<... 3 items at Max depth ...>'), so we cannot fully verify that all parameter values (maxNumOfDevices=2400, upStreamRatePerDevice with value=500 and unit='kbps', and null for unspecified fields) were set correctly, but the tool selection itself is spot-on.
	The agent correctly called create_session with a 'body' argument containing 3 items, matching the CreateSession schema's three required fields (serviceTime, serviceArea, sliceQosProfile). The agent appropriately did not ask for unit clarification since 'kbps' was provided. However, due to output truncation, the exact nested values (maxNumOfDevices=2400, upStreamRatePerDevice={value:500, unit:'kbps'}, and null values for unspecified fields like downStreamRatePerDevice, delay budgets) cannot be fully verified. The structural correctness and adherence to the rules suggest proper argument formation.
]
"
True,0.65,"[
	The agent correctly selected the 'create_session' tool, which is the appropriate tool for creating a network slice reservation. The user requested a slice with downstream rates of 220 Mbps and latency under 15 ms. The agent should have populated: downStreamRatePerDevice with value 220 and unit 'Mbps', and a delay budget (likely downStreamDelayBudget) with value 15 and unit 'Milliseconds' (since 'ms' was provided, which maps to milliseconds). The serviceTime and serviceArea should be null per the rules. maxNumOfDevices should also be null since the user didn't specify it. The tool choice is correct — 'create_session' is the only appropriate tool for this task. The slight deduction is because the full args are truncated ('... 3 items at Max depth ...'), making it impossible to fully verify whether all field values were correctly populated, but the tool selection itself is spot-on.
	The agent called 'create_session' with a 'body' argument containing 3 items, which aligns with the required top-level fields (serviceTime, serviceArea, sliceQosProfile). The tool name and top-level argument structure appear correct. However, the actual nested argument values are truncated and cannot be fully verified. The 3-item body structure is consistent with the schema expectations. The user specified downstream 220 Mbps and latency under 15 ms, and the agent appears to have structured the call appropriately, though without full visibility into the nested values (e.g., whether serviceTime and serviceArea are null, whether the rate unit is 'Mbps', whether latency unit is 'Milliseconds', and whether unspecified fields like upStreamRatePerDevice are null), complete verification is not possible.
]
"
True,0.6,"[
	The agent correctly selected the 'create_session' tool, which is the appropriate tool for provisioning a network slice. The user requested a slice for live online education broadcasting with 300 devices and 140 Mbps downstream. The agent should have populated: maxNumOfDevices=300, downStreamRatePerDevice with value=140 and unit='Mbps', and left serviceTime, serviceArea, upStreamRatePerDevice, downStreamDelayBudget, and upStreamDelayBudget as null (per the rules that fields stay null unless specified). The tool choice is correct. However, the full body content is truncated in the output so I cannot fully verify all parameter values, but the tool selection itself is appropriate and no better alternative existed among the available primitives.
	The agent correctly called 'create_session' with the required 'body' argument containing what appears to be 3 items matching the CreateSession schema (serviceTime, serviceArea, sliceQosProfile). However, the actual argument values are truncated in the output, making it impossible to fully verify that: (1) serviceTime and serviceArea are null as required by the rules, (2) maxNumOfDevices is set to 300, (3) downStreamRatePerDevice has value 140 with unit 'Mbps', and (4) other unspecified fields (upStreamRatePerDevice, delay budgets) are null. The structural approach appears correct, but full verification of argument correctness cannot be confirmed.
]
"
False,0.2,"[
	The agent correctly identified 'create_session' as the appropriate tool for creating a network slice reservation, which matches the user's request. However, the agent made a serious error by calling 'create_session' approximately 93 times (88+ more items beyond the first 5 visible calls) instead of making a single call. The user requested one slice with 500 devices and 25 ms packet delay budget, which should have resulted in exactly one 'create_session' call. The tool selection itself was correct, but the excessive and unnecessary repeated invocations represent a significant misuse of the tool. The parameters should have included maxNumOfDevices=500, and delay budget of 25 with unit 'Milliseconds' (since 'ms' was specified), with serviceTime, serviceArea, and throughput fields set to null as per the rules.
	The agent's output shows multiple (93+) `create_session` function calls being generated, which is clearly inappropriate for a single user request to establish one slice. While the arguments to each individual call appear to be structured as `body` objects with 3 items (matching the CreateSession schema's required fields: serviceTime, serviceArea, sliceQosProfile), the massive duplication of calls is a significant problem. The actual argument contents are truncated in the output (shown as '<... 3 items at Max depth ...>'), making it impossible to fully verify whether the specific values (500 devices, 25ms packet delay budget with Milliseconds unit, null serviceTime, null serviceArea, null throughput rates) were correctly populated. However, the fundamental issue is that the agent produced dozens of redundant tool invocations instead of a single well-formed call, which represents a serious misuse of the tool even if individual argument structures were correct. The expected behavior was one `create_session` call with body containing serviceTime=null, serviceArea=null, and sliceQosProfile with maxNumOfDevices=500, downStreamDelayBudget={value:25, unit:'Milliseconds'}, upStreamDelayBudget={value:25, unit:'Milliseconds'} (or just one of them depending on interpretation of 'packet delay budget'), and null throughput rates.
]
"
False,0.4,"[
	The agent correctly identified 'create_session' as the appropriate tool for deploying a network slice, which is the right choice given the available primitives. However, the agent made a serious error by calling 'create_session' approximately 94 times (89+ more items beyond the first 5 visible calls) instead of making a single call. The user requested one slice deployment with 700 devices and 4ms latency. While the tool selection itself was correct, the massive duplication of calls is a significant misuse of the tool. The parameters appear to be structured correctly (body with 3 items matching the CreateSession schema), but the excessive redundant calls represent poor tool usage.
	The agent's output shows multiple `create_session` function calls (94+ parts), which is highly abnormal for a single user request to deploy one slice. The agent visible output truncates the actual arguments passed (shown as '<... 3 items at Max depth ...>'), making it impossible to fully verify the exact argument contents. However, the repeated invocation of `create_session` many times for a single slice deployment request is clearly incorrect behavior — the user asked for one slice, not 94+. While the tool choice (create_session) is appropriate and the structure appears to follow the expected schema (body with 3 items likely corresponding to serviceTime, serviceArea, and sliceQosProfile), the massive duplication of calls is a significant issue with how the tool was invoked. Based on the user's request: maxNumOfDevices should be 700, latency should be 4 with unit 'Milliseconds' (since 'ms' was specified), serviceTime and serviceArea should be null, and throughput fields should be null. Without being able to see the actual argument values due to truncation, and given the problematic repeated calls, the score reflects partial correctness in tool structure but significant issues in execution.
]
"
True,0.55,"[
	The agent correctly selected the 'create_session' tool, which is the appropriate tool for creating a network slice reservation. The user requested a slice with uplink rates of 30 Mbps and packet delay budget of 2 ms. The agent called create_session with a body containing the relevant parameters. The tool choice is correct — create_session is the only tool that can fulfill a slice creation request. The agent appropriately avoided calling unnecessary tools like get_session, delete_session, or ping_api. The slight deduction is because the full args are truncated (shown as '<... 3 items at Max depth ...>'), making it impossible to fully verify that the body parameters were correctly populated (e.g., upStreamRatePerDevice with value 30 and unit 'Mbps', packet delay budget with value 2 and unit 'Milliseconds', and null for unspecified fields like serviceTime, serviceArea, maxNumOfDevices, and downStreamRatePerDevice). However, the tool selection itself is entirely appropriate.
	The agent called create_session with a 'body' argument containing 3 items, which structurally matches the CreateSession schema (serviceTime, serviceArea, sliceQosProfile). However, the actual argument values are truncated and cannot be fully verified. The 'MCP Primitives Used' section is empty despite the agent clearly making a function call, preventing detailed validation of whether uplink rate was set to 30 Mbps, delay budget to 2 Milliseconds, and unspecified fields were properly set to null. The structural approach appears correct but content correctness cannot be confirmed.
]
"
False,0.4,"[
	The agent correctly identified 'create_session' as the appropriate tool for provisioning a network slice, which is the right choice given the available primitives. However, the agent made a serious error by calling 'create_session' approximately 96 times (91+ more items indicated) instead of making a single call. The user requested one slice provisioning with 1600 devices and 180 ms latency tolerance. A single 'create_session' call with the correct parameters (maxNumOfDevices: 1600, delay budgets with value 180 and unit Milliseconds, and null for serviceTime, serviceArea, and throughput fields) would have been the correct approach. The massive duplication of tool calls is a significant misuse, even though the tool selection itself was correct.
	The agent's output shows multiple (96+) `create_session` function calls being generated, which is clearly inappropriate for a single slice provisioning request. While the arguments structure appears to follow the expected schema (body with 3 items matching serviceTime, serviceArea, and sliceQosProfile), the massive duplication of calls is a significant issue. The actual argument contents are truncated in the output (shown as '<... 3 items at Max depth ...>'), making it impossible to fully verify whether the specific values (1600 devices, 180ms latency with 'Milliseconds' unit, null for serviceTime, serviceArea, throughput fields) were correctly populated. The expected correct behavior would be a single `create_session` call with body containing: serviceTime=null, serviceArea=null, sliceQosProfile with maxNumOfDevices=1600, downStreamDelayBudget={value:180, unit:'Milliseconds'}, upStreamDelayBudget={value:180, unit:'Milliseconds'}, and null for rate fields. The excessive duplicate calls represent a serious argument/invocation issue even if individual call arguments might be correct.
]
"
False,0.0,"[
	The agent did not use any tools at all. The user requested the creation of a network slice with 1100 devices and 600 kbps uplink rate. The agent should have called the 'create_session' tool with the appropriate parameters: maxNumOfDevices=1100, upStreamRatePerDevice with value=600 and unit='kbps', and null values for serviceTime, serviceArea, downStreamRatePerDevice, downStreamDelayBudget, and upStreamDelayBudget. The agent's visible output is 'nan', indicating no action was taken.
	The agent did not use any MCP primitives/tools at all. The user requested creating a network slice with 1100 devices and 600 kbps uplink rate, which should have resulted in a call to 'create_session' with appropriate arguments (maxNumOfDevices: 1100, upStreamRatePerDevice: {value: 600, unit: 'kbps'}, and null for serviceTime, serviceArea, downStreamRatePerDevice, downStreamDelayBudget, and upStreamDelayBudget). Since no tools were invoked, no arguments were passed, and the user's request was not fulfilled.
]
"
False,0.2,"[
	The agent correctly identified 'create_session' as the appropriate tool for deploying a network slice, which is the right choice given the available primitives. However, the agent made a serious error by calling 'create_session' approximately 98 times (93+ more items indicated) instead of once. The user requested a single slice deployment with 350 Mbps uplink and 20 ms latency. Only one 'create_session' call was needed with the appropriate parameters (upStreamRatePerDevice: {value: 350, unit: 'Mbps'}, upStreamDelayBudget: {value: 20, unit: 'Milliseconds'}, and null for unspecified fields like serviceTime, serviceArea, maxNumOfDevices, downStreamRatePerDevice, and downStreamDelayBudget). The massive duplication of tool calls is a significant misuse, even though the correct tool was selected.
	The agent's output shows multiple (98+) `create_session` function calls being generated, which is clearly inappropriate for a single user request to deploy one slice. While the arguments to each individual call appear to be structured as `body` objects with 3 items (matching the CreateSession schema's required fields: serviceTime, serviceArea, sliceQosProfile), the massive duplication of calls is a significant problem. The actual argument contents are truncated/hidden ('... 3 items at Max depth ...'), making it impossible to fully verify whether the values inside each call correctly reflect the user's request (350 Mbps uplink, 20 ms latency, null for serviceTime, serviceArea, maxNumOfDevices, and downStreamRatePerDevice). The agent should have made exactly one `create_session` call with: serviceTime=null, serviceArea=null, sliceQosProfile containing upStreamRatePerDevice={value: 350, unit: 'Mbps'}, upStreamDelayBudget={value: 20, unit: 'Milliseconds'} (since 'ms' was given, rule 6 applies), and null for maxNumOfDevices, downStreamRatePerDevice, and downStreamDelayBudget. The generation of ~98 duplicate calls indicates a severe malfunction in argument/call generation, even if individual call structures might be correct.
]
"
False,0.0,"[
	The agent did not use any tools at all. The user requested creation of a network slice with 90 devices and a packet delay budget of 3 ms. The agent should have used the 'create_session' tool with the appropriate parameters: maxNumOfDevices=90, and delay budget values of 3 Milliseconds (since 'ms' was specified). The agent's visible output is 'nan', indicating no action was taken despite a clear and actionable user request.
	The agent did not use any MCP primitives/tools at all. The user requested creation of a network slice with 90 devices and a packet delay budget of 3 ms, which should have resulted in a call to the 'create_session' tool with appropriate arguments (maxNumOfDevices: 90, downStreamDelayBudget and/or upStreamDelayBudget with value 3 and unit 'Milliseconds', serviceTime: null, serviceArea: null, and null for unspecified rate fields). Since no tools were invoked, no arguments can be evaluated, and the task was not attempted.
]
"
False,0.4,"[
	The agent correctly identified 'create_session' as the appropriate tool for provisioning a network slice, which is the right choice given the available primitives. However, the agent made a serious error by calling 'create_session' approximately 100 times (the output shows '95 more items' beyond the first 5 function calls), when only a single call was needed. The user requested provisioning of one slice for 2000 devices with 500 kbps uplink. This should have resulted in exactly one 'create_session' call with maxNumOfDevices=2000, upStreamRatePerDevice={value: 500, unit: 'kbps'}, and null values for serviceTime, serviceArea, downStreamRatePerDevice, and delay budgets. The tool selection was correct but the execution was wildly inappropriate with massive unnecessary duplication.
	The agent's output shows 100 `create_session` function calls being generated, which is clearly incorrect — the user requested a single slice provisioning. While the truncated output prevents full inspection of the arguments passed to each call, the fact that the agent produced ~100 duplicate calls instead of a single well-formed one is a significant argument-level issue. From the visible structure, each call uses the `body` key with 3 items, which aligns with the `CreateSession` schema expecting `serviceTime`, `serviceArea`, and `sliceQosProfile`. Based on the user's request, the expected arguments should be: `serviceTime: null`, `serviceArea: null`, `sliceQosProfile: { maxNumOfDevices: 2000, upStreamRatePerDevice: { value: 500, unit: 'kbps' }, downStreamRatePerDevice: null, downStreamDelayBudget: null, upStreamDelayBudget: null }`. The schema structure appears to be followed (body with 3 top-level fields), but the massive duplication of calls (100 times) is a serious problem with how the tool was invoked, even if individual argument structures may have been correct. This represents a significant misuse of the tool relative to the user's single-slice request.
]
"
