success,score,reason
True,0.65,"[
	The agent correctly selected the 'create_session' tool, which is the appropriate tool for creating a network slice reservation. The user requested creating a slice with 40 devices, 120 Mbps downstream rate, and 15 ms packet delay budget. The agent called create_session with a body containing the sliceQosProfile parameters. Based on the visible output, the function call includes the correct tool name and a body with 3 items, which should correspond to serviceTime, serviceArea, and sliceQosProfile. The tool selection is correct. The slight deduction is because we cannot fully verify from the visible output whether all parameter values (maxNumOfDevices=40, downStreamRatePerDevice=120 Mbps, delay budget=15 Milliseconds) were correctly populated and whether serviceTime and serviceArea were properly set to null, and whether upStreamRatePerDevice and upStreamDelayBudget were set to null as the user didn't specify them. However, the tool choice itself is exactly right.
	The agent correctly called 'create_session' with a 'body' argument containing 3 items, matching the expected CreateSession schema structure (serviceTime, serviceArea, sliceQosProfile). However, the actual nested argument values are truncated and not fully visible for verification. The structural approach appears sound — the tool received the correct top-level argument type and format. Without being able to confirm the exact values for maxNumOfDevices (40), downStreamRatePerDevice (120 Mbps), delay budget (15 Milliseconds), and that unspecified fields (serviceTime, serviceArea, upStreamRatePerDevice) were set to null, full correctness cannot be confirmed. The score reflects correct structural usage with uncertainty about nested value correctness.
]
"
False,0.4,"[
	The agent correctly chose the 'create_session' tool, which is the appropriate tool for provisioning a network slice reservation. However, the agent made two 'create_session' calls instead of one, which is unnecessary and incorrect — the user only requested a single slice. The tool selection itself is correct (create_session is the right primitive), but the duplicate invocation is a mistake. The parameters appear to map the user's requirements (uplink 50 Mbps, downstream 100 Mbps, latency 20 ms) to the appropriate schema fields, with serviceTime and serviceArea correctly left as null since the user didn't specify them. The latency unit should be 'Milliseconds' per the rules (ms was specified). The main issue is the duplicate tool call.
	The agent's output shows two `create_session` function calls, but the actual arguments passed to them are truncated/not fully visible (shown as '<... 3 items at Max depth ...>'). Based on what is visible, there are concerns: (1) The agent made two separate `create_session` calls instead of one, which is not aligned with the user's single request to provision one slice. This suggests the agent may have split uplink and downlink into separate sessions, which is incorrect — the user requested a single slice with both uplink (50 Mbps) and downlink (100 Mbps) rates and latency capped at 20 ms. (2) Per the rules, serviceTime and serviceArea should be null since the user didn't specify them, and maxNumOfDevices should be null since no specific count was given. (3) The latency was specified as '20 ms', which per rule 6 should be treated as Milliseconds. (4) The uplink rate of 50 Mbps and downstream rate of 100 Mbps were given with units (Mbps), so no clarification was needed. While the argument structure appears to follow the expected schema (body with CreateSession), the duplication of calls and inability to verify the exact argument contents (due to truncation) significantly reduces confidence in correctness.
]
"
False,0.4,"[
	The agent correctly identified 'create_session' as the appropriate tool for creating a network slice reservation, which matches the user's request. However, the agent made three separate 'create_session' calls instead of one, which is unnecessary and incorrect — the user only requested a single slice setup. The tool choice itself was correct: 'create_session' is the right primitive for this task, and no other available tools (get_session, delete_session, ping_api) would have been more appropriate. The parameters should include maxNumOfDevices=300, downStreamRatePerDevice with value=80 and unit='Mbps', and a packet delay budget of 25 with unit='Milliseconds'. The serviceTime and serviceArea should be null per the rules. The triple invocation is a significant issue that reduces the score.
	The agent's output shows three `create_session` function calls, but the actual arguments passed to each are truncated/not fully visible (shown as '<... 3 items at Max depth ...>'). This makes it impossible to fully verify the correctness of the arguments. However, several issues are apparent: (1) The agent made three separate `create_session` calls instead of one, which is inappropriate for the user's single request to set up one slice. (2) Based on the user's request, the expected arguments should include: serviceTime=null, serviceArea=null, sliceQosProfile with maxNumOfDevices=300, downStreamRatePerDevice={value:80, unit:'Mbps'}, upStreamRatePerDevice=null, downStreamDelayBudget={value:25, unit:'Milliseconds'}, and upStreamDelayBudget=null. The 'packet delay budget' of 25 ms should map to both downstream and upstream delay budgets or just downstream depending on interpretation, but the user said 'packet delay budget' generically. The unit 'ms' should be interpreted as 'Milliseconds'. While we cannot see the exact arguments due to truncation, the fact that three calls were made instead of one is a significant argument-level error (the tool was invoked with redundant/duplicate inputs). The score reflects partial credit for likely correct structure but penalizes the triple invocation and inability to verify argument contents.
]
"
False,0.2,"[
	The agent correctly chose the 'create_session' tool, which is the appropriate tool for deploying a network slice reservation. However, the agent made 4 redundant calls to 'create_session' instead of a single call, which is unnecessary and incorrect. The tool selection itself was right — create_session is the only tool that can fulfill the user's request to deploy a slice with downstream throughput and latency requirements. The parameters should include downStreamRatePerDevice with value 300 and unit 'Mbps', and downStreamDelayBudget with value 10 and unit 'Milliseconds' (per rule 6), with serviceTime, serviceArea, maxNumOfDevices, upStreamRatePerDevice, and upStreamDelayBudget set to null (per rules 1, 5, 7, 8). The multiple duplicate calls are a significant issue that reduces the score.
	The agent's output shows four `create_session` function calls, but the actual arguments passed to each are truncated/hidden (shown as '<... 3 items at Max depth ...>'), making it impossible to fully verify their correctness. However, several issues are apparent: (1) The agent made four separate `create_session` calls instead of one, which is inappropriate for a single slice deployment request. (2) The user did not specify the number of devices, so `maxNumOfDevices` should be null per the rules. (3) The user said 'latency not exceeding 10 ms' without specifying upstream vs downstream separately — the agent should apply this to both delay budgets with unit 'Milliseconds'. (4) The downstream throughput should be 300 with unit 'Mbps'. (5) The user did not specify upstream throughput, so `upStreamRatePerDevice` should be null. (6) `serviceTime` and `serviceArea` should be null since the user didn't specify them. While the exact argument contents cannot be verified due to truncation, the fact that four calls were made instead of one is a clear error in how the tool was invoked, suggesting the arguments were likely duplicated or incorrectly structured.
]
"
False,0.4,"[
	The agent correctly chose the 'create_session' tool, which is the appropriate tool for establishing a network slice reservation. However, the agent made 5 separate 'create_session' calls instead of a single one, which is unnecessary and incorrect for the user's request to establish a single slice. The user asked for one slice with 500 devices and 60 Mbps downstream per device. The tool arguments are truncated so we cannot fully verify the parameter correctness, but the tool selection itself (create_session) was correct. The multiple redundant calls reduce the score. The agent also correctly did not use get_session, delete_session, or ping_api, which were not needed.
	The agent's output shows 5 separate `create_session` function calls, but the actual arguments passed to each are truncated/not visible (shown as '<... 3 items at Max depth ...>'). Based on what is visible, the agent called `create_session` multiple times when only one session was requested by the user. The user asked for a single slice with 500 devices and 60 Mbps downstream. The expected correct call would be a single `create_session` with body containing: serviceTime=null, serviceArea=null, sliceQosProfile with maxNumOfDevices=500, downStreamRatePerDevice={value:60, unit:'Mbps'}, and upStreamRatePerDevice/downStreamDelayBudget/upStreamDelayBudget set to null. Since the arguments are truncated and we cannot verify their exact content, and the agent made 5 calls instead of 1, this represents a significant issue. The multiple calls suggest either duplicated or incorrectly split arguments. Without being able to see the actual argument values, we cannot confirm correctness of the individual arguments, but the multiplicity of calls is clearly wrong for the user's single-slice request.
]
"
False,0.25,"[
	The agent correctly identified 'create_session' as the appropriate tool for creating a network slice reservation, which matches the user's request. However, the agent made multiple (appears to be 6) redundant calls to 'create_session' instead of a single call, which is unnecessary and incorrect behavior. The tool selection itself was correct — 'create_session' is the right primitive for this task, and no other available tools (get_session, delete_session, ping_api) would have been more appropriate. The parameters should include: downstream rate of 150 Mbps, packet delay budget of 15 ms (Milliseconds), with serviceTime, serviceArea, maxNumOfDevices, and upstream values as null (since the user didn't specify them). The multiple duplicate calls significantly reduce the score despite the correct tool choice.
	The 'MCP Primitives Used' section is empty, making it impossible to fully verify the arguments passed. However, the agent's visible output shows it made 6 redundant create_session calls for a single slice creation request, which is inappropriate. While the function name 'create_session' is correct, the multiplicity of calls and the inability to confirm argument correctness (downstream 150 Mbps, delay budget 15 Milliseconds, null for unspecified fields) significantly reduces confidence in proper argument handling.
]
"
False,0.4,"[
	The agent correctly identified 'create_session' as the appropriate tool for provisioning a network slice, which matches the user's request. However, the agent made multiple redundant calls to 'create_session' (at least 5+ visible function calls in the output), when only a single call was needed. The tool selection itself was correct — create_session is the right primitive for this task, and no other available tools (get_session, delete_session, ping_api) would have been more appropriate. The redundant calls significantly reduce the score, as the agent should have made exactly one create_session call with the proper parameters (maxNumOfDevices: 800, upStreamRatePerDevice with value 40 and unit Mbps, with serviceTime, serviceArea, downStreamRatePerDevice, and delay budgets set to null).
	The agent's output shows multiple `create_session` function calls being made, but the actual arguments passed to each call are truncated/hidden (shown as '<... 3 items at Max depth ...>'). This makes it impossible to fully verify the correctness of the arguments. However, several issues are apparent: (1) The agent made multiple (at least 5-7) `create_session` calls when only one slice reservation was requested by the user, which suggests incorrect or duplicated invocations. (2) Based on the user's request, the expected arguments should include: maxNumOfDevices=800, upStreamRatePerDevice with value=40 and unit='Mbps', serviceTime=null, serviceArea=null, downStreamRatePerDevice=null, downStreamDelayBudget=null, upStreamDelayBudget=null. While we cannot see the actual argument values due to truncation, the fact that multiple calls were made instead of one is a significant issue with how the tool was invoked. The structure appears to follow the expected 'body' wrapper with a CreateSession object, which is correct in form. The score reflects that the tool structure appears correct but the multiple redundant calls are problematic, and we cannot verify the actual argument values.
]
"
False,0.4,"[
	The agent correctly identified 'create_session' as the appropriate tool for creating a network slice reservation, which matches the user's request. However, there are significant issues: (1) The agent made multiple (at least 5+) redundant 'create_session' calls instead of a single one, which is unnecessary and incorrect. The user asked to design one slice, not multiple. (2) The visible output doesn't clearly show the parameters used in the function calls (they're truncated), so it's hard to verify if the fields were correctly populated (100 Mbps downstream, 20ms latency as Milliseconds, null for serviceTime, serviceArea, maxNumOfDevices, and upStreamRatePerDevice per the rules). The tool selection itself (create_session) was correct, but the multiple redundant calls represent poor tool usage.
	The agent's output shows multiple `create_session` function calls being made, but the actual arguments passed to each call are truncated/not fully visible (shown as '<... 3 items at Max depth ...>'). Based on what is visible, the agent called `create_session` multiple times (appears to be 5+ calls) for what should be a single slice reservation request. This is problematic - the user asked to 'design a slice' (singular), so multiple calls are inappropriate. Additionally, without being able to see the actual argument contents, we cannot fully verify correctness of the body parameters. However, based on the user's request, the expected arguments should include: serviceTime=null, serviceArea=null (user mentioned 'business district' but didn't specify coordinates/area type), sliceQosProfile with downStreamRatePerDevice={value: 100, unit: 'Mbps'}, maxNumOfDevices=null (not specified), upStreamRatePerDevice=null (not specified), and both downStreamDelayBudget and upStreamDelayBudget={value: 20, unit: 'Milliseconds'} (latency was given as '20 ms', and per rule 6, ms maps to Milliseconds). The multiple redundant calls and inability to confirm argument correctness due to truncation result in a lower score.
]
"
False,0.4,"[
	The agent correctly identified 'create_session' as the appropriate tool for deploying a network slice reservation, which is the right choice given the available primitives. However, the agent made multiple redundant 'create_session' calls (at least 5+ visible in the output) instead of a single call, which is unnecessary and incorrect behavior. The tool selection itself was correct — create_session is the only tool that can fulfill the user's request to deploy a slice with 200 devices, 200 Mbps downstream, and 10 ms packet delay budget. The parameters should include maxNumOfDevices=200, downStreamRatePerDevice with value=200 and unit='Mbps', and delay budget fields with value=10 and unit='Milliseconds'. The multiple duplicate calls significantly reduce the score despite the correct tool choice.
	The agent's output shows multiple `create_session` function calls (at least 5, possibly up to 9), but the actual arguments passed to each call are truncated/hidden (shown as '<... 3 items at Max depth ...>'). This makes it impossible to fully verify the correctness of the arguments. However, several issues are apparent: (1) The agent made multiple redundant `create_session` calls instead of a single one, which is inappropriate for the user's single request to deploy one slice. (2) The user's request is clear: 200 devices, 200 Mbps downstream, 10 ms packet delay budget. Per the rules, serviceTime and serviceArea should be null, upstream fields should be null, and the delay budget should use 'Milliseconds' as the unit (since 'ms' was specified). Without being able to see the actual argument contents, we cannot confirm whether these values were correctly populated. The multiple redundant calls significantly reduce the score, as only one properly-formed call was needed.
]
"
False,0.4,"[
	The agent correctly identified 'create_session' as the appropriate tool for creating a network slice reservation, which matches the user's request. However, the agent made multiple (at least 5+) redundant calls to 'create_session' instead of a single call, which is unnecessary and incorrect behavior. The tool selection itself was correct — 'create_session' is the right primitive for this task, and no other available tools (get_session, delete_session, ping_api) would have been more appropriate. The parameters should include: downstream rate of 90 Mbps, latency below 30 ms (Milliseconds), with serviceTime and serviceArea as null since the user didn't specify them, and maxNumOfDevices as null since no device count was mentioned. The multiple duplicate calls significantly reduce the score despite the correct tool choice.
	The agent's output shows multiple `create_session` function calls being generated (at least 5+), which is problematic since the user only requested a single slice creation. While the exact arguments passed to each call are truncated in the output (shown as '<... 3 items at Max depth ...>'), we can evaluate based on what's visible. The agent appears to have attempted to call `create_session` multiple times redundantly for a single user request, which suggests incorrect behavior. Additionally, the arguments are not fully visible for detailed inspection, but based on the user's request: downstream should be 90 Mbps (value: 90, unit: 'Mbps'), latency below 30 ms (value: 30, unit: 'Milliseconds'), serviceTime and serviceArea should be null (not specified by user), maxNumOfDevices should be null (not specified), and upStreamRatePerDevice should be null (not specified). The multiple redundant calls and the inability to confirm correct argument values due to truncation, combined with the clearly incorrect behavior of making multiple calls instead of one, results in a lower score.
]
"
False,0.2,"[
	The agent did not use any tools at all. Based on the user's request, the agent had enough information to call 'create_session' with the provided parameters: 600 devices (maxNumOfDevices), uplink rate of 35 Mbps per device (upStreamRatePerDevice), and null for unspecified fields (serviceTime, serviceArea, downStreamRatePerDevice, downStreamDelayBudget, upStreamDelayBudget). Per the system instructions, all fields stay null unless the user specifies them, and the agent should not fabricate values. Instead of proceeding with the available information and calling create_session, the agent asked for additional details (downstream rate, delay budgets) that the user never mentioned and which should remain null per the rules. The agent also confusingly referenced 10 other unrelated slice requests that were never part of this conversation. The correct action was to call create_session with the specified values and null for everything else.
	The agent did not use any tools/primitives at all. The user provided enough information to at least partially populate the create_session tool: 600 devices (maxNumOfDevices), uplink rate of 35 Mbps per device (upStreamRatePerDevice with value=35, unit='Mbps'), and null for serviceTime, serviceArea, downStreamRatePerDevice, downStreamDelayBudget, and upStreamDelayBudget. Per the system rules, all unspecified fields should remain null, and the agent should not fabricate values. The agent could have called create_session with the known values and null for the rest, but instead asked for additional information that the rules say should remain null unless specified by the user. Since no primitives were used, there are no arguments to evaluate as correct or incorrect, but the failure to invoke the tool when sufficient information was available warrants a low score.
]
"
False,0.25,"[
	The agent correctly identified 'create_session' as the appropriate tool for creating a network slice reservation, which matches the user's request. However, the agent made multiple (at least 5+) duplicate calls to 'create_session' instead of a single call, which is unnecessary and incorrect behavior. The user requested a single slice with 120 Mbps downstream per device and 15 ms packet delay budget. The tool selection itself was correct — 'create_session' is the right primitive for this task — but the repeated invocations suggest a malfunction or poor reasoning. Additionally, the visible output doesn't clearly show the arguments passed, making it hard to verify if the parameters (downstream rate of 120 Mbps, delay budget of 15 ms with Milliseconds unit, null for serviceTime, serviceArea, maxNumOfDevices, upStreamRatePerDevice, and upStreamDelayBudget) were correctly set. The tool choice was right but the execution pattern (multiple duplicate calls) was inappropriate.
	The 'MCP Primitives Used' section is empty, making it impossible to verify the exact arguments passed. However, the agent's visible output shows multiple (12+) create_session calls when the user requested only a single slice reservation. This redundant invocation pattern is inappropriate. While each call appears to have a 'body' with 3 items matching the CreateSession schema structure, the actual argument values (downstream rate of 120 Mbps, delay budget of 15 ms, null service time/area, etc.) cannot be confirmed from the available information. The multiple duplicate calls represent a significant argument/invocation issue.
]
"
False,0.4,"[
	The agent correctly identified 'create_session' as the appropriate tool for setting up a network slice reservation, which matches the user's request. However, the agent made multiple (at least 5+) redundant calls to 'create_session' instead of a single call, which is inappropriate and wasteful. The tool selection itself was correct — 'create_session' is the right primitive for this task — but the repeated invocations suggest a malfunction or poor reasoning. The parameters should include: downstream rate of 500 Mbps per device, latency of 8 ms (Milliseconds), with serviceTime, serviceArea, maxNumOfDevices, and upstream fields set to null per the rules. Without being able to inspect the actual arguments due to truncation, the tool choice is right but the execution pattern (multiple duplicate calls) is problematic.
	The agent's output shows multiple `create_session` function calls (at least 5, with 8 more truncated), but the actual arguments passed to each call are not fully visible due to truncation (`<... 3 items at Max depth ...>`). Based on what is visible, the agent called `create_session` multiple times when only one session creation was requested by the user. This is problematic — the user asked to 'set up a slice' (singular). Additionally, since the argument bodies are truncated, we cannot fully verify whether the correct values were passed (500 Mbps downstream, 8 ms latency, null for serviceTime, serviceArea, maxNumOfDevices, upStreamRatePerDevice). The multiple redundant calls suggest the agent may have had issues, but the tool name and general structure (passing a 'body' object) appear correct. The score reflects that while the tool signature was likely followed, the repeated invocations are inappropriate and the actual argument contents cannot be fully verified.
]
"
False,0.4,"[
	The agent correctly identified 'create_session' as the appropriate tool for creating a network slice reservation, which matches the user's request. However, the agent made multiple redundant calls to 'create_session' (at least 5+ visible function calls in the output, with '9 more items' indicated), when only a single call was needed. The correct approach would have been one 'create_session' call with the body containing: maxNumOfDevices=150, downStreamRatePerDevice with value=70 and unit='Mbps', and null for serviceTime, serviceArea, upStreamRatePerDevice, and delay budgets. The tool selection itself was correct, but the excessive duplicate invocations represent a significant misuse of the tool.
	The agent's output shows multiple `create_session` function calls being generated (at least 5+), which is problematic — the user only requested a single slice creation. While the actual argument contents are truncated (shown as '<... 3 items at Max depth ...>'), we cannot fully verify the exact values passed. However, the fact that multiple redundant calls were made for a single user request indicates incorrect behavior. Based on the visible structure, the tool name 'create_session' is correct and the 'body' key is present as required, but the duplication of calls is a significant issue. Additionally, since the detailed argument contents are not visible, we cannot confirm whether: (1) maxNumOfDevices was set to 150, (2) downStreamRatePerDevice was set to {value: 70, unit: 'Mbps'}, (3) serviceTime and serviceArea were set to null, (4) upStreamRatePerDevice, downStreamDelayBudget, and upStreamDelayBudget were set to null. The score reflects that the tool structure appears correct but the multiple redundant invocations and inability to verify argument correctness reduce confidence.
]
"
False,0.4,"[
	The agent correctly identified 'create_session' as the appropriate tool for deploying a network slice, which is the right choice given the available primitives. However, the agent made multiple redundant 'create_session' calls (at least 15 based on the visible output showing 5 explicit calls plus '10 more items'), when only a single call was needed. The user requested one slice with 80 Mbps downstream and 25 ms latency. The tool selection itself was correct, but the excessive duplicate invocations represent a significant misuse. Additionally, without seeing the actual arguments passed, it's unclear whether the parameters were correctly set (downstream: 80 Mbps, latency: 25 ms as Milliseconds, serviceTime: null, serviceArea: null, maxNumOfDevices: null, upStreamRatePerDevice: null). The core tool choice was right but the execution with multiple redundant calls was inappropriate.
	The agent's output shows multiple `create_session` function calls (at least 5, possibly up to 15), but the actual arguments passed to each call are truncated/hidden (shown as '<... 3 items at Max depth ...>'). This makes it impossible to fully verify the correctness of the arguments. However, several issues are apparent: (1) The agent made multiple redundant calls to `create_session` instead of a single call, which is inappropriate for the user's single request to deploy one slice. (2) The user specified 80 Mbps downstream per device and 25 ms latency. Per the rules, the user did not specify a number of devices, service time, or service area, so those should be null. The downstream rate should be {value: 80, unit: 'Mbps'}, the downstream delay budget should be {value: 25, unit: 'Milliseconds'} (latency without unit assumes Milliseconds per rule 6, though 'ms' was given which maps to Milliseconds), and upstream rate and upstream delay budget should be null. Without being able to see the actual argument contents, I cannot confirm these were set correctly. The multiple duplicate calls strongly suggest incorrect behavior, reducing the score significantly.
]
"
False,0.25,"[
	The agent correctly identified 'create_session' as the appropriate tool for provisioning a network slice, which is the right choice given the available primitives. However, the agent made multiple (at least 5+) redundant calls to 'create_session' instead of a single call, which is inappropriate and wasteful. The user requested one slice provisioning, so only one 'create_session' call should have been made. The tool selection itself was correct, but the repeated invocations represent incorrect usage. Additionally, without being able to inspect the exact arguments passed, it's unclear whether the parameters (uplink 200 Mbps, packet delay budget 12 ms, null for unspecified fields like serviceTime, serviceArea, maxNumOfDevices, downStreamRatePerDevice, downStreamDelayBudget) were correctly populated according to the rules.
	The 'MCP Primitives Used' section is empty, making it impossible to fully verify the arguments passed to create_session. The agent's visible output shows multiple (16+) redundant create_session calls for a single slice request, which is inappropriate. While the tool choice (create_session) aligns with the user's intent, the inability to inspect actual arguments and the excessive duplicate invocations indicate likely issues with argument correctness and overall execution. The expected correct arguments would include upStreamRatePerDevice={value:200, unit:'Mbps'}, a delay budget with value 12 and unit 'Milliseconds', and null values for serviceTime, serviceArea, maxNumOfDevices, and downStreamRatePerDevice.
]
"
False,0.4,"[
	The agent correctly identified 'create_session' as the appropriate tool for establishing a network slice reservation, which is the right tool for the task. However, the agent made multiple (at least 5+) redundant calls to 'create_session' instead of a single call, which is inappropriate. The user requested one slice for co-working spaces with 250 devices and 100 Mbps downstream per device. Only one 'create_session' call was needed. The excessive duplicate calls suggest the agent misinterpreted the request, possibly trying to create individual sessions per device or making erroneous repeated calls. While the tool selection itself was correct, the usage pattern was significantly flawed.
	The agent's output shows multiple `create_session` function calls (at least 5, with 12 more truncated), but the actual arguments passed to each call are not fully visible due to truncation (`<... 3 items at Max depth ...>`). Based on what is visible, the agent called `create_session` multiple times when only a single slice reservation was requested by the user. The user asked for a single slice supporting 250 devices with 100 Mbps downstream per device. The expected correct behavior would be a single `create_session` call with body containing: serviceTime=null, serviceArea=null, sliceQosProfile with maxNumOfDevices=250, downStreamRatePerDevice={value: 100, unit: 'Mbps'}, and upStreamRatePerDevice=null, downStreamDelayBudget=null, upStreamDelayBudget=null. While we cannot fully inspect the arguments due to truncation, the fact that the agent made multiple (potentially 17) calls instead of one is a significant issue with the arguments/invocations, even though the tool selection itself (create_session) was appropriate. The multiplicity of calls suggests the agent may have been trying to create individual sessions per device or made erroneous repeated calls, which does not align with the user's single slice request.
]
"
False,0.4,"[
	The agent correctly identified 'create_session' as the appropriate tool for creating a network slice reservation, which matches the user's request. However, the agent made multiple redundant calls to 'create_session' (at least 18 parts visible with function calls), which is highly inappropriate — only a single call should have been made. This excessive duplication of the same tool call is a significant misuse. The tool selection itself was correct (create_session is the right primitive), but the execution pattern with many duplicate calls is problematic. Additionally, without seeing the actual arguments passed, it's unclear whether the parameters correctly reflected 150 Mbps downstream, 20ms latency (with Milliseconds unit), and null values for unspecified fields like serviceTime, serviceArea, maxNumOfDevices, and upStreamRatePerDevice.
	The agent's output shows multiple `create_session` function calls being generated (at least 5+ visible, with 13 more truncated), which is problematic - the user requested a single slice creation. While we cannot see the exact arguments passed to each call (they are shown as '<... 3 items at Max depth ...>'), the fact that multiple redundant calls were made for a single user request is a significant issue. Based on the user's request, the expected arguments should be: serviceTime=null, serviceArea=null, sliceQosProfile with downStreamRatePerDevice={value: 150, unit: 'Mbps'}, upStreamRatePerDevice=null, maxNumOfDevices=null, and both downStreamDelayBudget and upStreamDelayBudget={value: 20, unit: 'Milliseconds'} (since the user said 'latency below 20 ms' without specifying direction, both downstream and upstream delay budgets could reasonably be set, or at minimum the downstream one). The latency unit 'ms' should map to 'Milliseconds'. However, since the actual argument contents are truncated and not fully visible, and the agent produced many duplicate calls instead of one, the score is reduced significantly. The multiplicity of identical calls suggests a malfunction rather than intentional behavior, and we cannot fully verify argument correctness due to truncation.
]
"
False,0.4,"[
	The agent correctly identified 'create_session' as the appropriate tool for deploying a network slice, which is the right choice given the available primitives. However, the agent made multiple redundant 'create_session' calls (at least 5+ visible in the output, with 14 more items indicated), when only a single call was needed. The user requested one slice deployment with 120 Mbps downstream per device and 10 ms latency. The tool selection itself was correct, but the excessive duplicate invocations represent inappropriate tool usage. Additionally, the agent should have set serviceTime and serviceArea to null (per the rules, since no specific time was given and 'city park' was mentioned but without concrete coordinates), and should have set the latency to 10 ms with 'Milliseconds' as the unit. The core tool choice was right but the execution pattern of calling it many times was incorrect.
	The agent's output shows multiple `create_session` function calls being generated (at least 5+ visible, with 14 more truncated), which is problematic — the user requested a single slice deployment. The actual arguments passed to each call are truncated/hidden ('body': {<... 3 items at Max depth ...>}), making it impossible to fully verify their correctness. However, based on the visible structure, the agent is calling `create_session` with a 'body' containing 3 items, which aligns with the CreateSession schema requiring 'serviceTime', 'serviceArea', and 'sliceQosProfile'. The user specified: 120 Mbps downstream per device, 10 ms latency, and a city park location. Per the rules: serviceTime should be null (not specified), serviceArea should be null (a 'city park' mention is vague and no specific coordinates were given — though this is debatable), sliceQosProfile should include downStreamRatePerDevice with value 120 and unit 'Mbps', and latency of 10 with unit 'Milliseconds' (since 'ms' was provided, which maps to Milliseconds). maxNumOfDevices should be null (not specified). The major issues are: (1) generating many duplicate function calls instead of one, and (2) the arguments are not visible for detailed verification. The structure appears roughly correct (3 items in body matching the schema), but the duplication of calls is a significant argument-level problem as it implies incorrect invocation patterns.
]
"
False,0.2,"[
	The agent correctly identified 'create_session' as the appropriate tool for provisioning a network slice, which is the right choice given the available primitives. However, the agent made multiple (approximately 20) duplicate 'create_session' calls in a single response instead of a single call, which is clearly incorrect behavior. The tool selection itself was appropriate - create_session is the correct tool for this task - but the excessive duplicate invocations represent a significant misuse. Additionally, the actual arguments passed to the function calls are truncated in the output, so it's difficult to verify whether the parameters (90 Mbps downstream, 10 ms packet delay budget, null for unspecified fields like serviceTime, serviceArea, maxNumOfDevices, upStreamRatePerDevice) were correctly populated. The repeated calls suggest a malfunction in the agent's reasoning rather than intentional tool selection.
	The agent's output shows multiple `create_session` function calls (at least 5, with 15 more truncated), which is highly problematic for a single user request. The user asked for one slice provisioning, so generating 20 calls is incorrect behavior. While the arguments within each call are truncated (shown as '<... 3 items at Max depth ...>'), making it impossible to fully verify their correctness, the sheer number of duplicate/redundant calls is a significant issue with how the tool was invoked. Based on the user's request, the expected behavior would be a single `create_session` call with: serviceTime=null, serviceArea=null, sliceQosProfile containing downStreamRatePerDevice={value:90, unit:'Mbps'}, maxNumOfDevices=null, upStreamRatePerDevice=null, and both downStreamDelayBudget and upStreamDelayBudget set to {value:10, unit:'Milliseconds'} (since 'packet delay budget' without specifying direction could reasonably apply to both, and the user said 'ms' which maps to Milliseconds). The massive duplication of calls suggests the arguments were not properly managed, even if individual call structures might have been correct.
]
"
False,0.2,"[
	The agent correctly identified 'create_session' as the appropriate tool for creating a network slice reservation, which matches the user's request. However, the agent made multiple (21+) redundant calls to 'create_session' instead of a single call, which is inappropriate and wasteful. The tool selection itself was correct — 'create_session' is the only relevant tool among the available primitives for this task. The parameters should include: serviceTime=null, serviceArea=null, sliceQosProfile with upStreamRatePerDevice={value:20, unit:'Mbps'}, and a packet delay budget of {value:3, unit:'Milliseconds'}. Since 'packet delay budget' without specifying upstream or downstream likely means both, both delay budgets should be set. The maxNumOfDevices, downStreamRatePerDevice should be null as the user didn't specify them. The core issue is the excessive duplicate function calls, which significantly reduces the score despite correct tool selection.
	The agent's output shows multiple `create_session` function calls being generated, but the actual arguments passed to these calls are truncated/not visible in the output (shown as `{<... 3 items at Max depth ...>}`). Since the primitives used section shows no MCP primitives were actually recorded as used, it's impossible to fully verify the correctness of the arguments. However, the agent appears to have made multiple redundant calls (at least 5+ visible, with 16 more items) for what should be a single slice creation request, which is inappropriate. Based on the user's request, the expected behavior would be a single `create_session` call with: serviceTime=null, serviceArea=null, and a sliceQosProfile containing maxNumOfDevices=null, downStreamRatePerDevice=null, upStreamRatePerDevice={value: 20, unit: 'Mbps'}, and both downStreamDelayBudget and upStreamDelayBudget set to {value: 3, unit: 'Milliseconds'} (since 'packet delay budget' without specifying direction could reasonably apply to both, though the user said 'ms' which maps to Milliseconds). The generation of many duplicate function calls suggests the arguments were likely repeated incorrectly or the agent malfunctioned. The low score reflects the inability to confirm correct arguments and the clearly inappropriate multiple invocations.
]
"
False,0.4,"[
	The agent correctly identified 'create_session' as the appropriate tool for provisioning a network slice, which matches the user's request. However, the agent made multiple redundant calls to 'create_session' (at least 22 function calls visible in the output with '17 more items'), when only a single call was needed. The tool selection itself was correct — create_session is the right primitive for this task — but the excessive duplicate invocations represent inappropriate tool usage. The parameters should have included: maxNumOfDevices=60, downStreamRatePerDevice with value=30 and unit='Mbps', downStreamDelayBudget with value=5 and unit='Milliseconds', and null values for serviceTime, serviceArea, upStreamRatePerDevice, and upStreamDelayBudget. While we cannot fully inspect the args due to truncation, the core tool choice was right but the repeated calls significantly reduce the score.
	The agent's output shows multiple `create_session` function calls (at least 5, with 17 more truncated), which is problematic — the user requested a single slice provisioning. The actual arguments passed to each call are truncated in the output (shown as '<... 3 items at Max depth ...>'), making it impossible to fully verify their correctness. However, based on the user's request, the expected arguments should include: serviceTime=null, serviceArea=null, sliceQosProfile with maxNumOfDevices=60, downStreamRatePerDevice={value:30, unit:'Mbps'}, upStreamRatePerDevice=null, downStreamDelayBudget={value:5, unit:'Milliseconds'}, and upStreamDelayBudget=null (or both delay budgets set to 5ms since 'latency' could be interpreted as both directions). The agent called create_session multiple times (22+ times) instead of once, which indicates the arguments were likely duplicated or malformed across calls. While the tool selection is correct (create_session), the repeated invocations with the same or similar arguments represent incorrect usage. Since the actual argument contents are not visible due to truncation, partial credit is given for likely having the correct structure, but significant deduction for the excessive duplicate calls.
]
"
False,0.3,"[
	The agent correctly identified 'create_session' as the appropriate tool for establishing a network slice reservation, which is the right tool for this task. However, the agent made multiple (at least 5+, with '18 more items') redundant calls to 'create_session' instead of a single well-formed call. The user requested one slice with ultra-low latency of 2 ms and uplink throughput of 25 Mbps. Only one 'create_session' call was needed. The excessive duplicate tool calls represent a significant misuse of the available primitives, even though the correct tool was selected. Additionally, the body contents are truncated so we cannot fully verify the parameters were correctly populated (latency 2ms, uplink 25 Mbps, with other fields null), but the tool choice itself was correct — just grossly over-invoked.
	The agent's output shows multiple `create_session` function calls (at least 5, with 18 more truncated), but the actual arguments passed to each call are not fully visible due to truncation (`<... 3 items at Max depth ...>`). This makes it impossible to fully verify the correctness of the arguments. However, several issues are apparent: (1) The agent made multiple redundant calls to `create_session` instead of a single call, which is inappropriate for the user's request to establish one slice. (2) Based on the user's request, the expected arguments should include: serviceTime=null, serviceArea=null, and a sliceQosProfile with upStreamRatePerDevice={value: 25, unit: 'Mbps'}, latency/delay budget of {value: 2, unit: 'Milliseconds'} (the user said 'ultra-low latency of 2 ms' without specifying upstream vs downstream, so both delay budgets could reasonably be set to 2ms or at minimum one should be), maxNumOfDevices=null, and downStreamRatePerDevice=null. Since the actual argument contents are truncated and cannot be verified, and the agent made many duplicate calls which is clearly wrong behavior, the score is low. The inability to inspect the actual arguments prevents a higher score even if individual call arguments might have been correct.
]
"
False,0.4,"[
	The agent correctly identified 'create_session' as the appropriate tool for deploying a network slice, which is the right choice given the available primitives. However, the agent made multiple redundant calls to 'create_session' (24+ function calls visible in the output), which is clearly inappropriate — only one call should have been made. The tool selection itself was correct: the user requested a slice with 1 ms packet delay budget and 50 Mbps downstream, which maps to create_session with the appropriate sliceQosProfile fields. The parameters should include downStreamRatePerDevice with value 50 and unit 'Mbps', and delay budget fields with value 1 and unit 'Milliseconds'. Service time and area should be null per the rules. The massive duplication of calls significantly reduces the score despite the correct tool choice.
	The agent's output shows multiple `create_session` function calls (at least 5, with 19 more truncated), which is problematic — the user requested a single slice deployment. The actual arguments passed to each call are truncated/hidden ('body': {<... 3 items at Max depth ...>}), making it impossible to fully verify their correctness. However, based on what is visible: (1) The tool `create_session` was called with a 'body' argument containing 3 items, which aligns with the CreateSession schema expecting 'serviceTime', 'serviceArea', and 'sliceQosProfile'. (2) Per the rules, serviceTime and serviceArea should be null since the user didn't specify them. (3) The sliceQosProfile should include: downStreamRatePerDevice with value 50 and unit 'Mbps', a packet delay budget of 1 with unit 'Milliseconds' (the user said '1 ms'), and maxNumOfDevices/upStreamRatePerDevice should be null since not specified. (4) The user mentioned 'packet delay budget' generically — it's ambiguous whether this applies to downstream, upstream, or both. A reasonable interpretation would be to set both downStreamDelayBudget and upStreamDelayBudget to {value: 1, unit: 'Milliseconds'}. The major issue is that the agent generated many duplicate function calls instead of a single one, which is clearly incorrect behavior for the user's single request. Since the actual argument contents are not visible for verification, and the agent produced excessive duplicate calls, the score is reduced significantly.
]
"
False,0.2,"[
	The agent correctly identified 'create_session' as the appropriate tool for creating a network slice reservation, which is the right tool for the task. However, the agent made a serious error by calling 'create_session' approximately 25 times (20+ visible function calls) instead of making a single call. The user requested one slice creation, so only one 'create_session' call was needed. The parameters should have included maxNumOfDevices=120, and both downStreamDelayBudget and upStreamDelayBudget set to {value: 4, unit: 'Milliseconds'} (since 'ms' maps to Milliseconds), with serviceTime, serviceArea, downStreamRatePerDevice, and upStreamRatePerDevice as null. While the tool selection was correct, the excessive duplicate calls represent a significant misuse of the tool.
	The agent's output shows multiple (25+) `create_session` function calls being generated, which is clearly incorrect for a single slice creation request. While the individual call arguments appear to have the correct structure (body with 3 items matching serviceTime, serviceArea, and sliceQosProfile), the agent should have made exactly one `create_session` call. The actual argument contents are truncated in the output (shown as '<... 3 items at Max depth ...>'), making it impossible to fully verify whether the specific values (120 devices, 4ms latency as Milliseconds, null for serviceTime, serviceArea, throughput rates) were correctly populated. However, the fundamental issue of generating ~25 duplicate calls instead of one is a significant problem with the arguments/invocations, even though the tool structure appears correct. The score reflects that the tool schema structure seems to be followed but the massive duplication and inability to verify actual argument values significantly reduces confidence in correctness.
]
"
False,0.0,"[
	The user requested provisioning a network slice with specific uplink rate (40 Mbps) and latency (<5 ms) parameters. The agent should have used the 'create_session' tool to create the slice reservation with the specified QoS parameters (upStreamRatePerDevice: {value: 40, unit: 'Mbps'}, and appropriate delay budget: {value: 5, unit: 'Milliseconds'}), with null values for serviceTime, serviceArea, maxNumOfDevices, and downStreamRatePerDevice as per the rules. However, the agent used no MCP primitives at all, and the visible output is just '0', which indicates the agent completely failed to select and use the appropriate tool. The correct tool (create_session) was clearly available and should have been called.
	The agent did not use any MCP primitives/tools at all. The user requested provisioning a network slice with specific uplink rate (40 Mbps) and latency (under 5 ms) parameters, which should have resulted in a call to 'create_session' with appropriate arguments including upStreamRatePerDevice (value: 40, unit: 'Mbps'), and delay budget fields (value: 5, unit: 'Milliseconds'). Since no tools were invoked, no arguments can be evaluated, and the task was not attempted.
]
"
False,0.4,"[
	The agent correctly identified 'create_session' as the appropriate tool for creating a network slice reservation, which matches the user's request. However, the agent made multiple (27+) duplicate 'create_session' calls instead of a single one, which is highly inappropriate and wasteful. The user requested one slice with specific parameters (60 Mbps downstream, 3 ms packet delay budget), and only one call to 'create_session' was needed. The tool selection itself was correct, but the excessive redundant invocations represent a significant misuse. Additionally, without seeing the exact arguments passed, it's unclear whether the parameters were correctly populated (downstream rate of 60 Mbps, delay budget of 3 Milliseconds, with other fields as null per the rules). The massive duplication of calls is a serious issue in tool usage.
	The agent's output shows multiple `create_session` function calls (at least 5 visible, with 22 more truncated), which is problematic — the user requested a single slice reservation. The actual arguments passed to each call are truncated ('body': {<... 3 items at Max depth ...>}), making it impossible to fully verify their correctness. However, based on the visible structure, the agent is calling `create_session` with a 'body' parameter containing 3 items, which aligns with the CreateSession schema expecting 'serviceTime', 'serviceArea', and 'sliceQosProfile'. The user specified: downstream rate of 60 Mbps per device and packet delay budget of 3 ms. Per the rules: serviceTime and serviceArea should be null (not specified by user), maxNumOfDevices should be null (not specified), downStreamRatePerDevice should be {value: 60, unit: 'Mbps'}, upStreamRatePerDevice should be null, and for packet delay budget of 3 ms — since 'packet delay budget' is ambiguous between downstream and upstream, a reasonable interpretation would set both or at least one delay budget to {value: 3, unit: 'Milliseconds'}. The major issues are: (1) the agent made many duplicate calls instead of a single one, which is clearly incorrect behavior, and (2) the actual argument contents cannot be verified due to truncation. The structural format appears correct (body with 3 items matching the schema), but the excessive duplicate calls significantly reduce the score.
]
"
False,0.4,"[
	The agent correctly identified 'create_session' as the appropriate tool for deploying a network slice, which is the right choice given the available primitives. However, the agent made multiple redundant calls to 'create_session' (28+ function calls visible in the output) instead of a single call, which is inappropriate and wasteful. The tool selection itself was correct — create_session is the only tool that can fulfill the user's request to deploy a slice with 300 devices and 4ms latency. The parameters should include maxNumOfDevices=300, downStreamDelayBudget and upStreamDelayBudget with value=4 and unit='Milliseconds' (since 'ms' was provided), with serviceTime, serviceArea, and throughput fields as null. The massive duplication of calls significantly reduces the score despite the correct tool choice.
	The agent's output shows multiple `create_session` function calls (28 total parts visible), which is highly unusual and suggests erratic behavior — the user only requested a single slice deployment. While the arguments are truncated (shown as '<... 3 items at Max depth ...>'), we cannot fully verify their correctness. However, the fact that the agent made numerous duplicate calls rather than a single well-formed call is a significant issue with how the tool was invoked. Based on the user's request, the expected single call should have: serviceTime=null, serviceArea=null, sliceQosProfile with maxNumOfDevices=300, downStreamDelayBudget={value:4, unit:'Milliseconds'}, upStreamDelayBudget={value:4, unit:'Milliseconds'}, and downStreamRatePerDevice=null, upStreamRatePerDevice=null. The latency was specified as '4 ms' which maps to Milliseconds per rule 6. Since the actual argument contents are not fully visible but the agent produced ~28 duplicate calls instead of one, this represents a significant misuse of the tool even if individual argument structures might be correct.
]
"
False,0.0,"[
	The agent did not use any tools at all. The user's request contained sufficient information to call the 'create_session' tool: 80 devices, latency below 5 ms (unit provided as 'ms', so assume Milliseconds), and uplink rate of 30 Mbps (unit provided). Per the system rules, service time and service area stay null unless specified, and fields not mentioned by the user stay null. The agent should have called 'create_session' with maxNumOfDevices=80, upStreamRatePerDevice={value:30, unit:'Mbps'}, upStreamDelayBudget={value:5, unit:'Milliseconds'}, and null for serviceTime, serviceArea, downStreamRatePerDevice, and downStreamDelayBudget. Instead, the agent incorrectly asked for additional information that was not required, referencing unrelated slices and fabricating requirements not present in the user's request.
	The agent did not invoke any tools/primitives at all. The user's request contained sufficient information to call the 'create_session' tool with: maxNumOfDevices=80, upStreamRatePerDevice={value:30, unit:'Mbps'}, and a latency/delay budget of {value:5, unit:'Milliseconds'}. Per the system rules, serviceTime and serviceArea should be null since the user didn't specify them, and fields not mentioned (like downStreamRatePerDevice and downStreamDelayBudget) should also be null. Instead of making the tool call, the agent incorrectly asked for additional information that was not required, violating the rules that all unspecified fields stay null and that service time/area are not required.
]
"
False,0.0,"[
	The agent did not use any tools at all. The user requested provisioning a network slice with specific parameters (10 Mbps uplink per device and 6 ms packet delay budget). The agent should have used the 'create_session' tool to create the slice reservation with the appropriate parameters: upStreamRatePerDevice set to {value: 10, unit: 'Mbps'}, and both downStreamDelayBudget and upStreamDelayBudget (or at least one, depending on interpretation of 'packet delay budget') set to {value: 6, unit: 'Milliseconds'}, with serviceTime, serviceArea, maxNumOfDevices, and downStreamRatePerDevice set to null. The agent's visible output of '0' suggests it failed to process the request entirely.
	The agent did not use any MCP primitives/tools at all. The user requested provisioning a network slice with specific parameters (10 Mbps uplink per device and 6 ms packet delay budget), which should have resulted in a call to the 'create_session' tool with appropriate arguments. The agent's output was simply '0', indicating it failed to invoke any tools to fulfill the user's request.
]
"
False,0.4,"[
	The agent correctly identified 'create_session' as the appropriate tool for establishing a network slice reservation, which matches the user's request. However, the agent made multiple redundant calls to 'create_session' (appears to be 31+ function calls based on the '26 more items' indication), which is highly inappropriate - only a single call was needed. The tool selection itself was correct (create_session is the right primitive for this task), but the excessive duplicate invocations represent a significant misuse. The parameters should include: serviceTime=null, serviceArea=null, downStreamRatePerDevice with value 25 and unit Mbps, and latency/delay budget of 5 with unit Milliseconds, with maxNumOfDevices=null and upStreamRatePerDevice=null. Without being able to inspect the exact body contents, the tool choice was right but the execution pattern of calling it dozens of times was clearly wrong.
	The agent's output shows multiple `create_session` function calls (at least 5, with 26 more truncated), which is problematic — the user requested a single slice reservation. The actual arguments passed to each call are truncated/hidden ('body': {<... 3 items at Max depth ...>}), making it impossible to fully verify correctness of the argument contents. However, based on what is visible: (1) The tool name 'create_session' is correct for the task. (2) The 'body' key is present as required. (3) The body appears to contain 3 items, which aligns with the CreateSession schema's three top-level fields (serviceTime, serviceArea, sliceQosProfile). However, the agent made multiple redundant calls instead of a single one, which is inappropriate. Without being able to inspect the actual argument values, we cannot confirm that latency was set to 5 ms with unit 'Milliseconds', downstream was set to 25 Mbps, serviceTime and serviceArea were null, maxNumOfDevices was null, upstream fields were null, etc. The multiple duplicate calls and inability to verify argument contents significantly reduce confidence in argument correctness.
]
"
False,0.2,"[
	The agent correctly identified 'create_session' as the appropriate tool for deploying a network slice, which is the right choice given the available primitives. However, the agent made a serious error by calling 'create_session' multiple times (appears to be 32+ function calls based on '27 more items') instead of making a single call. The user requested one slice deployment with 50 devices and 2ms latency cap. Only one 'create_session' call was needed. The tool selection itself was correct, but the excessive and unnecessary repeated invocations represent a significant misuse of the tool. Additionally, without seeing the actual arguments, it's unclear whether the parameters (50 devices, 2ms latency as Milliseconds, null for serviceTime, serviceArea, throughput) were correctly populated according to the rules.
	The agent's output shows multiple `create_session` function calls (at least 5, with 27+ more items truncated), but the actual arguments passed to each call are not fully visible due to truncation (`<... 3 items at Max depth ...>`). This makes it impossible to fully verify the correctness of the arguments. However, several issues are apparent: (1) The agent made multiple redundant `create_session` calls instead of a single one, which is inappropriate for the user's single request to deploy one slice. (2) Based on the user's request, the expected arguments should include: `maxNumOfDevices: 50`, `downStreamDelayBudget` and `upStreamDelayBudget` with value 2 and unit 'Milliseconds' (since the user said 'latency capped at 2 ms', and per rule 6, ms maps to Milliseconds), `serviceTime: null`, `serviceArea: null`, and null for throughput fields since the user didn't specify them. While we cannot see the actual argument values due to truncation, the fact that the agent generated 32+ duplicate function calls for a single slice request is a significant argument-level error — the agent should have called `create_session` exactly once with the correct body. This represents a fundamental misuse of the tool's arguments/invocations even if individual argument structures might be correct.
]
"
False,0.0,"[
	The agent did not use any tools at all. The user requested creation of a network slice with specific uplink rate (20 Mbps) and packet delay budget (7 ms) parameters. The agent should have used the 'create_session' tool with the appropriate parameters: upStreamRatePerDevice set to {value: 20, unit: 'Mbps'}, and a delay budget (either upStreamDelayBudget or both delay budgets) set to {value: 7, unit: 'Milliseconds'}, with serviceTime, serviceArea, and unspecified fields set to null. The agent's visible output of '0' suggests it failed to process the request entirely.
	The agent did not use any MCP primitives/tools at all. The user requested creation of a network slice with specific uplink rate (20 Mbps) and packet delay budget (7 ms) parameters, which should have resulted in a call to the 'create_session' tool with appropriate arguments. The agent's visible output was simply '0', indicating it failed to invoke any tools to fulfill the user's request.
]
"
False,0.4,"[
	The agent correctly identified 'create_session' as the appropriate tool for provisioning a network slice, which is the right choice given the available primitives. However, the agent made a serious error by calling 'create_session' multiple times (at least 34 times based on '29 more items' plus the 5 visible parts), when only a single call was needed. The user requested one slice with 150 devices and latency under 5ms. The correct behavior would have been a single 'create_session' call with maxNumOfDevices=150, downStreamDelayBudget and upStreamDelayBudget set to {value: 5, unit: 'Milliseconds'} (since 'ms' maps to Milliseconds), and null for serviceTime, serviceArea, and throughput fields. The tool selection was correct but the execution was severely flawed with excessive duplicate calls.
	The agent's output shows multiple `create_session` function calls (at least 5 visible, with 29+ more truncated), which is problematic for a single slice provisioning request. The actual argument bodies are truncated/hidden ('... 3 items at Max depth ...'), making it impossible to fully verify the exact arguments passed. However, the user requested a single slice with 150 devices and latency under 5 ms. According to the rules: serviceTime and serviceArea should be null (not specified by user), maxNumOfDevices should be 150, latency should be 5 with unit 'Milliseconds' (rule 6), and throughput fields should be null (not specified). The agent appears to have made 34 separate create_session calls instead of one, which suggests the arguments were likely duplicated or incorrectly structured across multiple calls. While we cannot inspect the exact body contents due to truncation, the sheer number of redundant calls (34 instead of 1) indicates a significant issue with how the tool was invoked, even if individual argument structures might have been correct. This represents a major misalignment with the user's single-slice request.
]
"
False,0.4,"[
	The agent correctly identified 'create_session' as the appropriate tool for creating a network slice reservation, which matches the user's request. However, the agent made a serious error by calling 'create_session' approximately 35 times (30+ visible function calls) instead of making a single call. The user requested one slice with 400 devices and 6ms latency cap. It appears the agent may have tried to create individual sessions per device or had some other malfunction causing excessive duplicate calls. The correct approach would have been a single 'create_session' call with maxNumOfDevices=400, downStreamDelayBudget and upStreamDelayBudget set to {value: 6, unit: 'Milliseconds'}, and serviceTime, serviceArea, downStreamRatePerDevice, and upStreamRatePerDevice set to null. The tool selection was correct but the usage was severely flawed due to the excessive number of redundant calls.
	The agent's output shows multiple `create_session` function calls (at least 5, with '30 more items' indicated), which is highly problematic — the user requested a single slice reservation. While the arguments are truncated and not fully visible (shown as '<... 3 items at Max depth ...>'), the fact that the agent made dozens of redundant calls to `create_session` instead of a single well-formed call is a significant issue with how the tool was invoked. Based on the user's request, the expected behavior would be a single `create_session` call with: `serviceTime: null`, `serviceArea: null`, and `sliceQosProfile` containing `maxNumOfDevices: 400`, `downStreamDelayBudget: {value: 6, unit: 'Milliseconds'}`, `upStreamDelayBudget: {value: 6, unit: 'Milliseconds'}`, and null for throughput fields. Since the actual argument contents are not visible due to truncation, we cannot fully verify correctness of individual arguments, but the massive duplication of calls (35+ identical function calls) represents a clear misuse of the tool's invocation pattern. The score reflects that the tool choice was correct and the structure likely matches, but the excessive redundant invocations are a serious argument-level issue.
]
"
False,0.0,"[
	The agent did not use any tools at all. The user requested deploying a network slice with specific parameters (80 Mbps downstream per device, 5 ms latency). The agent should have used the 'create_session' tool to create a network slice reservation with the specified QoS profile (downStreamRatePerDevice: 80 Mbps, downStreamDelayBudget and/or upStreamDelayBudget: 5 Milliseconds). The agent's visible output of '0' suggests it failed to process the request and did not invoke any MCP primitives.
	The agent did not use any MCP primitives/tools at all. The user requested deploying a network slice with specific parameters (80 Mbps downstream per device and 5 ms latency), which should have resulted in a call to 'create_session' with appropriate arguments. Since no tools were invoked, no arguments can be evaluated, and the agent completely failed to act on the user's request.
]
"
False,0.0,"[
	The agent did not use any tools at all. The user requested creation of a network slice with 70 devices and a packet delay budget of 4 ms. The agent should have used the 'create_session' tool with appropriate parameters (maxNumOfDevices: 70, downStreamDelayBudget and/or upStreamDelayBudget with value 4 and unit 'Milliseconds', serviceTime: null, serviceArea: null, and null for unspecified throughput fields). Instead, the agent produced no tool calls and returned '0' as output.
	The agent did not use any MCP primitives/tools at all. The user requested creation of a network slice with 70 devices and a packet delay budget of 4 ms, which should have resulted in a call to the 'create_session' tool with appropriate arguments (maxNumOfDevices: 70, downStreamDelayBudget and/or upStreamDelayBudget with value: 4 and unit: 'Milliseconds', serviceTime: null, serviceArea: null, and null for unspecified rate fields). Since no tool was invoked, no arguments were passed, and the user's request was not fulfilled.
]
"
False,0.2,"[
	The agent correctly identified 'create_session' as the appropriate tool for provisioning a network slice, which is the right choice given the available primitives. However, the agent made a serious error by calling 'create_session' multiple times (appears to be 38+ function calls based on '33 more items' in the output), when only a single call was needed. The user requested one slice with latency ≤ 2ms and uplink of 15 Mbps, which should have been fulfilled with exactly one 'create_session' call. The excessive duplicate calls represent a significant misuse of the tool, even though the tool selection itself was correct.
	The agent's output shows multiple `create_session` function calls (at least 5, with 33+ more items truncated), which is highly inappropriate for a single slice provisioning request. The user asked for one slice with latency ≤ 2 ms and uplink of 15 Mbps. While the tool arguments are truncated (shown as '<... 3 items at Max depth ...>'), the fact that the agent made dozens of duplicate calls to `create_session` instead of a single well-formed call is a significant issue with argument/invocation correctness. Additionally, since the actual argument contents are not fully visible due to truncation, we cannot fully verify whether the body contents (latency as 2 ms with 'Milliseconds' unit, uplink as 15 Mbps, null for serviceTime, serviceArea, maxNumOfDevices, downStreamRatePerDevice, and downStreamDelayBudget) were correctly populated. The massive duplication of calls strongly suggests the arguments were not properly managed, even if individual call structures might have been correct.
]
"
False,0.3,"[
	The agent correctly identified 'create_session' as the appropriate tool for creating a network slice reservation, which matches the user's request. However, the agent made an excessive number of duplicate 'create_session' calls (the output shows at least 39 parts with function calls), when only a single call was needed. The tool selection itself was correct — create_session is the right primitive for establishing a slice with 200 devices and 5ms latency. The parameters should include maxNumOfDevices=200, downStreamDelayBudget and upStreamDelayBudget with value=5 and unit='Milliseconds', with serviceTime, serviceArea, and throughput fields set to null. The massive duplication of calls is a significant issue in tool usage, even though the correct tool was chosen.
	The agent's output shows multiple `create_session` function calls (at least 5, with 34 more items truncated), which is highly problematic — the user requested a single slice reservation. While the tool arguments are shown as truncated (`<... 3 items at Max depth ...>`), making it impossible to fully verify the exact argument values, the fact that the agent made dozens of duplicate calls to `create_session` instead of a single call is a significant issue with how the tool was invoked. Based on the user's request, the expected behavior would be a single `create_session` call with: `serviceTime: null`, `serviceArea: null`, `sliceQosProfile: { maxNumOfDevices: 200, downStreamRatePerDevice: null, upStreamRatePerDevice: null, downStreamDelayBudget: { value: 5, unit: 'Milliseconds' }, upStreamDelayBudget: { value: 5, unit: 'Milliseconds' } }`. The latency was specified as '5 ms', so the unit should be 'Milliseconds' per rule 6 (and the explicit unit provided). The massive duplication of tool calls (39 total) is a serious argument/invocation error even if individual call arguments were correct.
]
"
False,0.2,"[
	The agent correctly identified 'create_session' as the appropriate tool for deploying a network slice, which is the right choice given the available primitives. However, the agent made multiple (approximately 40) redundant calls to 'create_session' instead of a single call, which is highly inappropriate. The user requested one slice deployment, so only one 'create_session' call was needed. The tool selection itself was correct, but the excessive duplication of calls is a significant misuse. The parameters should include downstream rate of 1 Gbps and packet delay budget of 1 ms (Milliseconds), with serviceTime, serviceArea, maxNumOfDevices, and upStreamRatePerDevice as null per the rules. The core tool choice was right but the execution with ~40 duplicate calls is problematic.
	The agent's output shows multiple `create_session` function calls (at least 5, with 35+ more items truncated), which is highly inappropriate for a single user request to deploy one slice. The user asked for a single slice with downstream 1 Gbps per device and packet delay budget of 1 ms. While we cannot see the exact arguments inside the truncated `body` objects (shown as `<... 3 items at Max depth ...>`), the fact that the agent made dozens of redundant calls is a significant issue. Additionally, the agent should have made exactly one `create_session` call with: serviceTime=null, serviceArea=null, sliceQosProfile containing downStreamRatePerDevice={value:1, unit:'Gbps'}, maxNumOfDevices=null, upStreamRatePerDevice=null, and both downStreamDelayBudget and upStreamDelayBudget set to {value:1, unit:'Milliseconds'} (since 'packet delay budget' without specifying direction could reasonably apply to both, and the unit 'ms' maps to 'Milliseconds'). The massive duplication of calls suggests the agent malfunctioned in argument/call generation. Since the actual argument contents are not fully visible but the call pattern is clearly wrong, the score is low.
]
"
False,0.0,"[
	The agent did not use any tools at all. The user requested creation of a network slice with specific parameters (3000 devices, 1 Mbps uplink per device), which clearly requires calling the 'create_session' tool. The agent should have invoked 'create_session' with the appropriate parameters: maxNumOfDevices=3000, upStreamRatePerDevice with value=1 and unit='Mbps', and null values for serviceTime, serviceArea, downStreamRatePerDevice, downStreamDelayBudget, and upStreamDelayBudget. Instead, the agent output '0' without making any tool calls.
	The agent did not use any MCP primitives/tools at all. The user requested creation of a network slice with specific parameters (3000 devices, 1 Mbps uplink per device), but the agent failed to call the 'create_session' tool with the appropriate arguments. No tool arguments can be evaluated because no tools were invoked.
]
"
False,0.3,"[
	The agent correctly identified 'create_session' as the appropriate tool for provisioning a network slice, which is the right choice given the available primitives. However, the agent made a serious error by calling 'create_session' an excessive number of times (42+ function calls visible in the output with '37 more items') instead of making a single call. The user requested one slice provisioning, so only one 'create_session' call was needed. The tool selection was correct, but the usage was highly inappropriate due to the massive duplication of calls.
	The agent's output shows multiple `create_session` function calls (42 total parts visible), which is highly problematic — the user requested a single slice provisioning. While the arguments are truncated (shown as '<... 3 items at Max depth ...>'), the fact that the agent made dozens of duplicate calls to `create_session` instead of a single well-formed call is a significant issue with how the tool was invoked. Based on the user's request, a single `create_session` call should have been made with: serviceTime=null, serviceArea=null, and sliceQosProfile containing maxNumOfDevices=2500, downStreamDelayBudget={value:100, unit:'Milliseconds'}, upStreamDelayBudget={value:100, unit:'Milliseconds'} (since 'packet delay budget' without direction specification reasonably applies to both), and null for throughput rates. The massive duplication of calls (37+ extra) represents incorrect tool usage even if individual argument structures were correct. Since the actual argument contents are truncated and cannot be fully verified, but the pattern of invocation is clearly wrong, the score reflects partial credit for likely correct argument structure but significant penalty for the excessive duplicate invocations.
]
"
False,0.3,"[
	The agent correctly identified 'create_session' as the appropriate tool for creating a network slice reservation, which matches the user's request. However, the agent made a serious error by calling 'create_session' approximately 43 times (38+ more items beyond the 5 visible) instead of making a single call. The user requested one slice for 4000 devices with 500 kbps uplink per device. This should have been a single 'create_session' call with maxNumOfDevices=4000 and upStreamRatePerDevice={value: 500, unit: 'kbps'}. The tool choice was correct, but the excessive repeated invocations represent a significant misuse of the tool. The agent appears to have split the 4000 devices across many individual session calls, which is incorrect behavior — the schema supports specifying maxNumOfDevices directly.
	The agent's output shows multiple `create_session` function calls (at least 5, with 38 more items indicated), which is highly problematic for a single slice reservation request. The user asked for one slice with 4000 devices and 500 kbps uplink per device. While the exact arguments passed to each `create_session` call are truncated (shown as '<... 3 items at Max depth ...>'), the fact that the agent made dozens of calls instead of a single one suggests the arguments were likely incorrect — possibly splitting 4000 devices across multiple sessions rather than creating one session with maxNumOfDevices=4000. The expected correct behavior would be a single `create_session` call with body containing: serviceTime=null, serviceArea=null, sliceQosProfile with maxNumOfDevices=4000, upStreamRatePerDevice={value: 500, unit: 'kbps'}, and null for downStreamRatePerDevice, downStreamDelayBudget, and upStreamDelayBudget. The massive number of redundant calls indicates fundamentally misaligned argument construction, even though the tool choice itself (create_session) was appropriate. Due to truncation, exact argument correctness cannot be fully verified, but the pattern of 43+ calls strongly suggests incorrect parameterization.
]
"
False,0.2,"[
	The agent correctly identified 'create_session' as the appropriate tool for deploying a network slice, which is the right choice given the available primitives. However, the agent made a serious error by calling 'create_session' multiple times (the output shows at least 5+ function calls with '39 more items'), when only a single call was needed. The user requested one slice deployment with 1800 devices and 150 ms latency tolerance. A single 'create_session' call with maxNumOfDevices=1800, downStreamDelayBudget and upStreamDelayBudget set to {value: 150, unit: 'Milliseconds'}, and null for serviceTime, serviceArea, and throughput fields would have been correct. The excessive duplicate calls represent a significant misuse of the tool.
	The agent's output shows multiple (44+) `create_session` function calls being generated, which is clearly inappropriate for a single user request to deploy one slice. While the arguments are truncated and not fully visible (shown as '<... 3 items at Max depth ...>'), the fact that the agent produced dozens of duplicate calls rather than a single well-formed `create_session` call indicates a significant problem. Based on the user's request, the expected behavior would be a single `create_session` call with body containing: serviceTime=null, serviceArea=null, and sliceQosProfile with maxNumOfDevices=1800, downStreamDelayBudget={value:150, unit:'Milliseconds'}, upStreamDelayBudget={value:150, unit:'Milliseconds'}, and null values for downStreamRatePerDevice and upStreamRatePerDevice. The massive duplication of calls is a serious issue even if individual call arguments might be correct. Since the actual argument contents are not fully visible due to truncation, I cannot fully verify their correctness, but the repeated invocation pattern alone warrants a low score.
]
"
False,0.0,"[
	The agent did not use any tools at all. The user requested creation of a network slice with 1200 devices and 800 kbps uplink rate. The agent should have used the 'create_session' tool with the appropriate parameters (maxNumOfDevices: 1200, upStreamRatePerDevice: {value: 800, unit: 'kbps'}, and null for serviceTime, serviceArea, downStreamRatePerDevice, downStreamDelayBudget, and upStreamDelayBudget). The agent's visible output of '0' suggests it failed to process the request entirely.
	The agent did not use any MCP primitives/tools at all. The user requested creation of a network slice with 1200 devices and 800 kbps uplink rate, which should have resulted in a call to 'create_session' with appropriate arguments (maxNumOfDevices: 1200, upStreamRatePerDevice: {value: 800, unit: 'kbps'}, and null for serviceTime, serviceArea, downStreamRatePerDevice, downStreamDelayBudget, and upStreamDelayBudget). Since no tools were invoked, no arguments were passed, and the user's request was not fulfilled.
]
"
False,0.0,"[
	The agent did not use any tools at all. The user requested provisioning a network slice with 2200 devices and a packet delay budget of 200 ms. The agent should have used the 'create_session' tool with the appropriate parameters: maxNumOfDevices=2200, and delay budget values of 200 Milliseconds (since 'ms' was specified). The agent's visible output of '0' suggests it failed to process the request and did not invoke the correct tool.
	The agent did not use any MCP primitives/tools at all. The user requested provisioning a network slice with 2200 devices and a packet delay budget of 200 ms, which should have resulted in a call to the 'create_session' tool with appropriate arguments (maxNumOfDevices: 2200, downStreamDelayBudget and/or upStreamDelayBudget with value 200 and unit 'Milliseconds', serviceTime: null, serviceArea: null, and null for unspecified rate fields). Since no tools were invoked, no arguments can be evaluated, and the task was not attempted.
]
"
False,0.4,"[
	The agent correctly identified that 'create_session' was the appropriate tool for establishing a network slice reservation. However, the agent made a serious error by calling 'create_session' approximately 47 times (42+ more items indicated in the output) instead of making a single call. The user requested one slice reservation, so only one 'create_session' call was needed. The correct tool was selected, but the excessive and redundant invocations represent a significant misuse. The parameters should have included maxNumOfDevices=3500, upStreamRatePerDevice with value=300 and unit='kbps', with serviceTime, serviceArea, downStreamRatePerDevice, downStreamDelayBudget, and upStreamDelayBudget set to null. The tool choice was correct but the execution was severely flawed due to the massive duplication.
	The agent's output shows multiple `create_session` function calls (47 total based on '42 more items' plus the 5 shown), which is highly problematic — the user requested a single slice reservation. While the tool name is correct (`create_session`), the body arguments are truncated and not fully visible (shown as `{<... 3 items at Max depth ...>}`), making it impossible to fully verify correctness of the arguments. However, the fact that the agent made dozens of duplicate calls instead of a single well-formed call is a significant issue with how the tool was invoked. Based on the user's request, the expected single call should have: `serviceTime: null`, `serviceArea: null`, and `sliceQosProfile` with `maxNumOfDevices: 3500`, `upStreamRatePerDevice: {value: 300, unit: 'kbps'}`, `downStreamRatePerDevice: null`, `downStreamDelayBudget: null`, `upStreamDelayBudget: null`. The massive duplication of calls suggests the agent did not properly handle the tool invocation, even if individual argument structures might have been correct.
]
"
False,0.3,"[
	The agent correctly identified 'create_session' as the appropriate tool for deploying a network slice, which is the right choice given the available primitives. However, the agent made a serious error by calling 'create_session' approximately 48 times (43+ more items indicated) instead of making a single call. The user requested one slice deployment with 900 devices and 250ms latency tolerance. It appears the agent may have attempted to create individual sessions per device or had some other malfunction, resulting in massively redundant and incorrect tool usage. A single 'create_session' call with maxNumOfDevices=900 and appropriate delay budget of 250 Milliseconds would have been the correct approach. The tool selection was correct but the execution was severely flawed with unnecessary repeated calls.
	The agent's output shows multiple `create_session` function calls (48 total based on '43 more items'), which is highly problematic. The user requested a single slice deployment. While the visible output is truncated and we cannot inspect the exact arguments passed to each `create_session` call (they show '<... 3 items at Max depth ...>'), the fact that the agent made dozens of duplicate calls instead of a single one is a significant issue with how the tool was invoked. Based on the user's request, a single `create_session` call should have been made with: serviceTime=null, serviceArea=null, sliceQosProfile with maxNumOfDevices=900, downStreamDelayBudget={value: 250, unit: 'Milliseconds'}, upStreamDelayBudget={value: 250, unit: 'Milliseconds'}, and downStreamRatePerDevice=null, upStreamRatePerDevice=null. The latency tolerance of '250 ms' should map to both delay budgets with value 250 and unit 'Milliseconds' (since 'ms' was provided as the unit). We cannot fully verify the argument contents due to truncation, but the massive duplication of calls is clearly incorrect and inappropriate for the user's single request.
]
"
False,0.3,"[
	The agent correctly identified 'create_session' as the appropriate tool for creating a network slice reservation, which matches the user's request. However, the agent made a serious error by calling 'create_session' approximately 49 times (44+ more items indicated) instead of making a single call. The user requested one slice creation, so only one 'create_session' call was needed. The tool selection itself was correct — 'create_session' is the right primitive for this task — but the excessive duplicate calls represent a significant misuse of the tool. The parameters should have included maxNumOfDevices=1600, upStreamRatePerDevice with value=1 and unit='Mbps', with serviceTime, serviceArea, downStreamRatePerDevice, and delay budgets set to null.
	The agent's output shows multiple `create_session` function calls (at least 5 visible, with 44+ more items), which is highly problematic — the user requested a single slice creation. While the tool name is correct, the agent appears to have generated an excessive number of duplicate or near-duplicate calls rather than a single well-formed one. Additionally, the actual argument contents are truncated/hidden ('... 3 items at Max depth ...'), making it impossible to fully verify the correctness of the body arguments. However, based on the user's request, the expected body should contain: serviceTime=null, serviceArea=null, sliceQosProfile with maxNumOfDevices=1600, upStreamRatePerDevice={value: 1, unit: 'Mbps'}, and downStreamRatePerDevice=null, downStreamDelayBudget=null, upStreamDelayBudget=null. The massive duplication of calls (49+ total) is a significant issue — only one call should have been made. The score reflects that while the tool choice and likely argument structure may be partially correct, the repeated invocations are inappropriate and the argument details cannot be fully verified.
]
"
False,0.4,"[
	The agent correctly identified 'create_session' as the appropriate tool for provisioning a network slice, which is the right choice given the available primitives. However, the agent made multiple redundant 'create_session' calls (at least 5+ visible in the output) instead of a single call, which is inappropriate and wasteful. The tool selection itself was correct — create_session is the only tool that can fulfill the user's request to provision a slice with 2800 devices and 120ms packet delay budget. The parameters should include maxNumOfDevices=2800, and delay budget of 120 with unit 'Milliseconds' (since 'ms' was specified), with serviceTime, serviceArea, and rate fields set to null. The repeated calls significantly reduce the score despite correct tool identification.
	The agent's output shows multiple `create_session` function calls (appears to be 10 calls based on '5 more items'), but the actual arguments passed to each call are truncated/hidden ('... 3 items at Max depth ...'). Based on what is visible, the agent called `create_session` multiple times when only one slice reservation was requested by the user. This is problematic — the user asked to 'Provision a slice' (singular). While we cannot fully inspect the argument contents due to truncation, the fact that the agent made approximately 10 duplicate calls to `create_session` instead of a single call is a significant issue with how the tool was invoked. The expected correct behavior would be a single `create_session` call with body containing: serviceTime=null, serviceArea=null, sliceQosProfile with maxNumOfDevices=2800, downStreamRatePerDevice=null, upStreamRatePerDevice=null, downStreamDelayBudget={value: 120, unit: 'Milliseconds'}, upStreamDelayBudget={value: 120, unit: 'Milliseconds'} (or potentially only one direction if the agent interpreted 'packet delay budget' as applying to both). The multiple redundant calls represent incorrect tool usage even if individual argument structures were correct.
]
"
False,0.0,"[
	The agent did not use any tools at all. The user requested creating a network slice reservation with 1400 devices and 600 kbps uplink rate. The agent should have used the 'create_session' tool with the appropriate parameters: maxNumOfDevices=1400, upStreamRatePerDevice with value=600 and unit='kbps', and null values for serviceTime, serviceArea, downStreamRatePerDevice, downStreamDelayBudget, and upStreamDelayBudget. The agent's visible output of '0' suggests it failed to process the request properly.
	The agent did not use any MCP primitives/tools at all. The user requested creating a network slice with 1400 devices and 600 kbps uplink rate, which should have resulted in a call to 'create_session' with appropriate arguments (maxNumOfDevices: 1400, upStreamRatePerDevice: {value: 600, unit: 'kbps'}, and null for serviceTime, serviceArea, downStreamRatePerDevice, downStreamDelayBudget, upStreamDelayBudget). Since no tools were invoked, no arguments were passed, and the user's request was not fulfilled.
]
"
False,0.4,"[
	The agent correctly chose the 'create_session' tool, which is the appropriate tool for deploying a network slice reservation. However, the agent made multiple redundant calls to 'create_session' (appears to be 5+ calls visible with more truncated) instead of a single call, which is unnecessary and incorrect behavior. The tool selection itself was correct — create_session is the right primitive for this task, and no other available tools (get_session, delete_session, ping_api) would have been more appropriate. The parameters should include maxNumOfDevices=2000 and latency delay budgets of 180 Milliseconds (since 'ms' was specified), with serviceTime, serviceArea, and throughput fields as null since the user didn't specify them. The multiple duplicate calls significantly reduce the score.
	The agent's output shows multiple `create_session` function calls being generated (appears to be 10 calls), but the actual arguments passed to each call are truncated/hidden ('body': {<... 3 items at Max depth ...>}), making it impossible to fully verify the exact argument contents. However, several issues are apparent: (1) The agent made multiple redundant `create_session` calls instead of a single one, which is inappropriate for the user's single request to deploy one slice. (2) Based on the visible structure, each call passes a 'body' object with 3 items, which aligns with the CreateSession schema requiring 'serviceTime', 'serviceArea', and 'sliceQosProfile'. Per the rules, serviceTime and serviceArea should be null since the user didn't specify them. The sliceQosProfile should contain maxNumOfDevices=2000, and both downStreamDelayBudget and upStreamDelayBudget should be set to {value: 180, unit: 'Milliseconds'} (since the user said 'ms' which is milliseconds). downStreamRatePerDevice and upStreamRatePerDevice should be null since no throughput was specified. While the structure appears correct for the tool's expected input schema, the generation of multiple duplicate calls is a significant issue with the agent's behavior, even though each individual call's argument structure seems properly formed.
]
"
False,0.0,"[
	The agent did not use any tools at all. The user requested creation of a network slice with 1100 devices and 700 kbps uplink rate. The agent should have called the 'create_session' tool with the appropriate parameters (maxNumOfDevices: 1100, upStreamRatePerDevice: {value: 700, unit: 'kbps'}, and null for serviceTime, serviceArea, downStreamRatePerDevice, downStreamDelayBudget, and upStreamDelayBudget). Instead, the agent produced no tool calls and returned '0' as output.
	The agent did not use any MCP primitives/tools at all. The user requested creating a network slice for smart agriculture weather probes with 1100 devices and 700 kbps uplink rates. The agent should have called the 'create_session' tool with appropriate arguments: maxNumOfDevices=1100, upStreamRatePerDevice={value: 700, unit: 'kbps'}, and null values for serviceTime, serviceArea, downStreamRatePerDevice, downStreamDelayBudget, and upStreamDelayBudget. Instead, no tool was invoked, so no arguments can be evaluated as correct.
]
"
False,0.4,"[
	The agent correctly identified 'create_session' as the appropriate tool for provisioning a network slice, which is the right choice given the available primitives. However, the agent made a serious error by calling 'create_session' approximately 54 times (49+ more items indicated) instead of making a single call. The user requested one slice reservation with 3200 devices and 100ms packet delay budget. This massive duplication of tool calls is inappropriate and incorrect. The correct behavior would have been a single 'create_session' call with maxNumOfDevices=3200, and both downStreamDelayBudget and upStreamDelayBudget set to {value: 100, unit: 'Milliseconds'} (since 'ms' was specified, mapping to Milliseconds), with serviceTime, serviceArea, downStreamRatePerDevice, and upStreamRatePerDevice set to null. The tool selection itself was correct, but the execution with dozens of redundant calls is a significant misuse.
	The agent's output shows multiple `create_session` function calls (at least 5 visible, with 49+ more items), which is highly problematic — the user requested a single slice provisioning. While the tool name is correct, the agent appears to have generated an excessive number of duplicate calls rather than a single well-formed one. The actual arguments passed to each call are truncated in the output (shown as '<... 3 items at Max depth ...>'), making it impossible to fully verify the exact content of the 'body' argument. However, based on the user's request, the expected correct body should include: serviceTime=null, serviceArea=null, and sliceQosProfile with maxNumOfDevices=3200, downStreamDelayBudget={value: 100, unit: 'Milliseconds'}, upStreamDelayBudget={value: 100, unit: 'Milliseconds'} (since 'packet delay budget' without direction specification typically applies to both), and null for throughput rates. The user specified 'ms' which maps to 'Milliseconds'. The massive duplication of calls (54+ identical create_session calls) is a significant issue with the arguments/invocations, even if individual call arguments might be correct. This represents a malformed agent response that would create dozens of unnecessary sessions.
]
"
False,0.3,"[
	The agent correctly identified 'create_session' as the appropriate tool for creating a network slice reservation, which matches the user's request. However, the agent made multiple redundant calls to 'create_session' (at least 20 based on the '15 more items' indication), which is clearly inappropriate — only a single call was needed. The tool choice itself was correct (create_session is the right primitive for establishing a slice), and the parameters should include maxNumOfDevices=1700, upStreamRatePerDevice with value=900 and unit='kbps', with serviceTime, serviceArea, downStreamRatePerDevice, downStreamDelayBudget, and upStreamDelayBudget set to null. The excessive duplicate calls significantly reduce the score despite the correct tool selection.
	The agent's output shows multiple `create_session` function calls (at least 5, with 15 more truncated), which is highly inappropriate for a single slice creation request. While the arguments are shown as truncated (`<... 3 items at Max depth ...>`), making it impossible to fully verify the exact values passed, the fact that the agent made approximately 20 duplicate calls to `create_session` for a single user request is a significant issue with how the tool was invoked. The user requested a single slice with 1700 devices and 900 kbps uplink. The expected correct call would be a single `create_session` with body containing: serviceTime=null, serviceArea=null, sliceQosProfile with maxNumOfDevices=1700, upStreamRatePerDevice={value: 900, unit: 'kbps'}, and null for downStreamRatePerDevice, downStreamDelayBudget, and upStreamDelayBudget. Due to the truncation we cannot confirm the argument contents are correct, but the massive duplication of calls is clearly wrong. Partial credit is given because the tool name is correct and the structure appears to include a 'body' key with 3 items, which could align with the expected CreateSession schema.
]
"
False,0.4,"[
	The agent correctly identified 'create_session' as the appropriate tool for deploying a network slice, which is the right choice given the available primitives. However, the agent made a serious error by calling 'create_session' multiple times (appears to be 56+ function calls based on '51 more items') instead of making a single call. The user requested one slice deployment with 2600 devices and 200ms latency tolerance. Only one 'create_session' call was needed. The excessive duplicate calls represent a significant misuse of the tool, even though the tool selection itself was correct. Additionally, without seeing the actual arguments, it's unclear whether the parameters (maxNumOfDevices=2600, delay budgets with value=200 and unit='Milliseconds', null for serviceTime, serviceArea, throughput rates) were correctly set. The tool choice was right but the execution pattern was very problematic.
	The agent's output shows multiple `create_session` function calls (56 total parts visible), which is highly problematic — the user requested a single slice deployment. While the truncated output prevents full inspection of the argument bodies (shown as '<... 3 items at Max depth ...>'), the fact that the agent generated dozens of duplicate calls indicates a serious issue with how the tool was invoked. Based on the visible structure, each call uses the correct tool name ('create_session') and passes a 'body' argument as required. However, the massive duplication of calls is inappropriate for the user's single request. Additionally, since the actual argument contents are not fully visible due to truncation, we cannot fully verify that the arguments correctly include maxNumOfDevices=2600, downStreamDelayBudget and upStreamDelayBudget with value=200 and unit='Milliseconds' (as the user specified 'ms'), and that serviceTime, serviceArea, downStreamRatePerDevice, and upStreamRatePerDevice are properly set to null. The score reflects that the tool structure appears correct but the excessive duplicate invocations and inability to verify argument contents significantly reduce confidence in argument correctness.
]
"
False,0.2,"[
	The agent correctly identified 'create_session' as the appropriate tool for creating a network slice reservation, which matches the user's request. However, the agent made a serious error by calling 'create_session' approximately 57 times (52+ more items indicated in the output) instead of making a single call. The user requested one slice creation, so only one 'create_session' call was needed. The tool selection itself was correct, but the excessive and unnecessary repeated invocations represent a significant misuse of the tool. The parameters should have included maxNumOfDevices=1500, upStreamRatePerDevice with value=500 and unit='kbps', with serviceTime, serviceArea, downStreamRatePerDevice, and delay budgets set to null per the rules.
	The agent's output shows multiple (57+) repeated calls to 'create_session', which is highly abnormal for a single slice creation request. While the tool arguments are shown as truncated ('<... 3 items at Max depth ...>'), making it impossible to fully verify the exact argument values, the fact that the agent made dozens of duplicate calls to the same tool is a significant issue. The user requested a single slice with 1500 devices and 500 kbps uplink. The expected correct behavior would be a single 'create_session' call with body containing: serviceTime=null, serviceArea=null, sliceQosProfile with maxNumOfDevices=1500, upStreamRatePerDevice={value: 500, unit: 'kbps'}, and downStreamRatePerDevice=null, downStreamDelayBudget=null, upStreamDelayBudget=null. Due to the truncated output, we cannot confirm the actual argument contents, but the massive duplication of calls strongly suggests malformed or erratic behavior. A small partial score is given because the tool name 'create_session' is correct and the body structure appears to have 3 items which could correspond to the required fields (serviceTime, serviceArea, sliceQosProfile).
]
"
True,0.65,"[
	The agent correctly selected the 'create_session' tool, which is the appropriate tool for provisioning a network slice. The user requested a slice with 800 devices and a packet delay budget of 150 ms. The agent should have populated maxNumOfDevices=800 and set the delay budget values to 150 with unit 'Milliseconds' (since 'ms' was provided, which maps to Milliseconds). The tool choice is correct. The body appears to have 3 items which likely correspond to serviceTime, serviceArea, and sliceQosProfile. Without seeing the exact parameter values due to truncation, the tool selection itself is appropriate. The only minor concern is whether the agent correctly set both downstream and upstream delay budgets (since 'packet delay budget' is generic and could apply to both) and whether unspecified fields like throughput were properly left as null. The tool selection is correct and no unnecessary tools were called.
	The agent correctly called create_session with a 'body' argument containing what appears to be the 3 required top-level fields (serviceTime, serviceArea, sliceQosProfile) matching the CreateSession schema. However, the detailed nested arguments are truncated at max depth, preventing full verification that: (1) maxNumOfDevices was set to 800, (2) packet delay budget was set to value=150 with unit='Milliseconds' for both upstream and downstream (or appropriately), (3) serviceTime and serviceArea were null as required by the rules, and (4) throughput fields were null since the user didn't specify them. The structural approach appears correct, but the inability to confirm exact nested values limits confidence in full argument correctness.
]
"
False,0.4,"[
	The agent correctly identified 'create_session' as the appropriate tool for creating a network slice reservation, which matches the user's request. However, the agent made a serious error by calling 'create_session' approximately 59 times (54+ more items indicated) instead of making a single call. The user requested one slice reservation, so only one 'create_session' call was needed. The tool selection itself was correct — 'create_session' is the right primitive for this task — but the excessive duplicate calls represent a significant misuse of the tool. The parameters should have included maxNumOfDevices=4200, upStreamRatePerDevice with value=400 and unit='kbps', with serviceTime, serviceArea, downStreamRatePerDevice, downStreamDelayBudget, and upStreamDelayBudget set to null.
	The agent's output indicates multiple `create_session` function calls were generated (59+ parts), which is highly abnormal for a single user request to create one slice. The visible output only shows truncated `body` objects with '3 items at Max depth', making it impossible to fully verify the exact arguments passed. However, the agent appears to have attempted to call `create_session` many times instead of once, which is inappropriate. Based on the user's request, the correct behavior would be a single `create_session` call with: serviceTime=null, serviceArea=null, sliceQosProfile with maxNumOfDevices=4200, upStreamRatePerDevice={value: 400, unit: 'kbps'}, downStreamRatePerDevice=null, downStreamDelayBudget=null, upStreamDelayBudget=null. While we cannot inspect the exact arguments due to truncation, the fact that dozens of duplicate calls were made suggests a significant issue with argument handling. The tool expects a single `body` with a `CreateSession` schema, and calling it 59+ times is clearly incorrect behavior even if individual call arguments might have been correct.
]
"
False,0.4,"[
	The agent correctly identified 'create_session' as the appropriate tool for deploying a network slice, which is the right choice given the available primitives. However, the agent made multiple redundant 'create_session' calls (at least 20 based on the '15 more items' indication), when only a single call was needed. The user requested one slice deployment with 2300 devices and 180 ms latency tolerance. The correct behavior would be a single 'create_session' call with maxNumOfDevices=2300, downStreamDelayBudget and upStreamDelayBudget set to {value: 180, unit: 'Milliseconds'}, and serviceTime, serviceArea, downStreamRatePerDevice, and upStreamRatePerDevice set to null. The tool selection was correct but the execution was severely flawed due to the excessive duplicate calls.
	The agent's output shows multiple `create_session` function calls (at least 5, with 15 more truncated), which is problematic — the user requested a single slice deployment. The actual arguments passed to each call are truncated/hidden ('body': {<... 3 items at Max depth ...>}), making it impossible to fully verify their correctness. However, based on the visible structure, the agent is calling `create_session` with a 'body' object containing 3 items, which aligns with the CreateSession schema expecting 'serviceTime', 'serviceArea', and 'sliceQosProfile'. The user specified 2300 devices and 180 ms latency tolerance. Per the rules: serviceTime and serviceArea should be null (not specified by user), maxNumOfDevices should be 2300, latency should be 180 with unit 'Milliseconds' (user said 'ms'), and throughput fields should be null. The major issues are: (1) the agent made approximately 20 duplicate calls instead of a single call, which is clearly incorrect behavior, and (2) the actual argument values cannot be verified due to truncation. The structural format of passing a 'body' object to 'create_session' is correct, but the excessive duplication of calls significantly reduces the score.
]
"
False,0.2,"[
	The agent correctly identified 'create_session' as the appropriate tool for creating a network slice reservation, which matches the user's request. However, the agent made an excessive number of function calls (61+ parts visible in the output), calling 'create_session' repeatedly instead of making a single well-formed call. This indicates a serious issue with tool usage - while the correct tool was selected, it was invoked far too many times unnecessarily. The correct behavior would have been a single 'create_session' call with downstream rate of 250 Mbps and packet delay budget of 12 ms (Milliseconds), with serviceTime, serviceArea, maxNumOfDevices, upStreamRatePerDevice, and upStreamDelayBudget set to null per the rules.
	The agent's output shows multiple (61+) `create_session` function calls being generated, which is clearly inappropriate for a single slice creation request. While the detailed arguments within each call body are truncated and not fully visible, the fact that the agent produced dozens of redundant calls instead of a single well-formed `create_session` call indicates a fundamental problem with how the tool was invoked. Based on the visible structure, each call appears to pass a 'body' object with 3 items, which likely corresponds to serviceTime, serviceArea, and sliceQosProfile — the correct top-level structure. However, without being able to verify the actual argument values (downstream rate of 250 Mbps, packet delay budget of 12 ms, null for unspecified fields like serviceTime, serviceArea, maxNumOfDevices, upStreamRatePerDevice, upStreamDelayBudget), and given the massive duplication of calls (56+ extra invocations), the argument passing behavior is severely flawed. The user requested a single slice creation, and the agent should have made exactly one `create_session` call with appropriate arguments.
]
"
False,0.4,"[
	The agent correctly chose the 'create_session' tool, which is the appropriate tool for provisioning a network slice. However, the agent made 5 separate 'create_session' calls instead of a single one. The user requested a single slice for 60 devices with 400 Mbps downstream per device. This should have been handled with one 'create_session' call with maxNumOfDevices=60 and downStreamRatePerDevice={value: 400, unit: 'Mbps'}. The multiple calls appear to be erroneous duplication. The tool selection itself was correct, but the execution pattern (5 calls instead of 1) was inappropriate. Additionally, the other fields (serviceTime, serviceArea, upStreamRatePerDevice, delay budgets) should be null per the rules since the user didn't specify them.
	The agent's output shows 5 separate `create_session` function calls, but the actual arguments passed to each are truncated/hidden (shown as '<... 3 items at Max depth ...>'). Based on the visible output structure, the agent appears to have called `create_session` five times instead of once, which is inappropriate for the user's single request to provision one slice. The user asked for 60 devices with 400 Mbps downstream per device. A correct single call should have: body.serviceTime = null, body.serviceArea = null, body.sliceQosProfile with maxNumOfDevices = 60, downStreamRatePerDevice = {value: 400, unit: 'Mbps'}, upStreamRatePerDevice = null, downStreamDelayBudget = null, upStreamDelayBudget = null. While we cannot fully inspect the arguments due to truncation, the fact that 5 calls were made instead of 1 is a clear error in how the tool was invoked. The body structure appears to have 3 items which aligns with the CreateSession schema (serviceTime, serviceArea, sliceQosProfile), suggesting the structure may be correct, but the quintuple invocation is problematic.
]
"
False,0.3,"[
	The agent correctly identified 'create_session' as the appropriate tool for establishing a network slice reservation, which matches the user's request. However, the agent made 5 duplicate 'create_session' calls instead of a single one, which is unnecessary and incorrect behavior. The tool choice itself was correct — create_session is the only relevant tool for this task among the available primitives. The parameters should include: downstream rate of 200 Mbps, latency (delay budget) of 20 ms, with serviceTime, serviceArea, maxNumOfDevices, and upStreamRatePerDevice as null (since the user didn't specify them). The redundant calls significantly reduce the score despite the correct tool selection.
	The agent made 5 create_session calls when the user requested only a single slice, which is incorrect. The actual arguments passed to each call are not visible in the 'Primitives Used' section (listed as empty), making it impossible to verify whether the correct values (200 Mbps downstream, 20 ms latency, null for unspecified fields) were properly passed. The redundant calls represent a significant issue with the arguments/invocations, even if individual call arguments might have been correct.
]
"
False,0.0,"[
	The agent did not use any tools at all. The user requested deploying a network slice with 100 devices and 150 Mbps downstream rates, which clearly requires calling the 'create_session' tool with the appropriate parameters (maxNumOfDevices: 100, downStreamRatePerDevice: {value: 150, unit: 'Mbps'}, and null for unspecified fields like serviceTime, serviceArea, upStreamRatePerDevice, and delay budgets). The agent's visible output of '0' suggests it failed to process the request and did not invoke the correct tool.
	The agent did not use any MCP primitives/tools at all. The user requested deploying a network slice with 100 devices and 150 Mbps downstream rates, which should have resulted in a call to 'create_session' with appropriate arguments (maxNumOfDevices: 100, downStreamRatePerDevice: {value: 150, unit: 'Mbps'}, serviceTime: null, serviceArea: null, upStreamRatePerDevice: null, downStreamDelayBudget: null, upStreamDelayBudget: null). Since no tool was invoked, no arguments were passed, and the user's request was not fulfilled.
]
"
False,0.0,"[
	The user requested creation of a network slice with 90 Mbps downstream per device. The agent should have used the 'create_session' tool with the appropriate parameters (downStreamRatePerDevice with value 90 and unit 'Mbps', and other fields set to null as per the rules). However, the agent did not use any MCP primitives at all, and the visible output is just '0', which does not fulfill the user's request. The correct tool ('create_session') was available but was not used.
	The agent did not use any MCP primitives/tools at all. The user requested creation of a network slice with 90 Mbps downstream per device, which should have resulted in a call to 'create_session' with appropriate arguments (serviceTime: null, serviceArea: null, sliceQosProfile with downStreamRatePerDevice: {value: 90, unit: 'Mbps'} and other QoS fields set to null). Instead, the agent produced no tool calls and returned '0' as output, completely failing to address the user's request.
]
"
False,0.0,"[
	The agent did not use any tools at all. The user requested provisioning a network slice with 500 devices and 4 ms latency, which clearly requires calling the 'create_session' tool with the appropriate parameters (maxNumOfDevices: 500, downStreamDelayBudget and upStreamDelayBudget with value 4 and unit 'Milliseconds', and null for serviceTime, serviceArea, and throughput fields). The agent's visible output of '0' suggests it failed to process the request and did not invoke the correct tool.
	The agent did not use any MCP primitives/tools at all. The user requested provisioning a network slice with 500 devices and latency capped at 4 ms, which should have resulted in a call to 'create_session' with appropriate arguments (maxNumOfDevices: 500, downStreamDelayBudget and upStreamDelayBudget with value 4 and unit 'Milliseconds', serviceTime: null, serviceArea: null, and throughput fields as null). Instead, the agent produced no tool calls, so no arguments can be evaluated as correct.
]
"
False,0.35,"[
	The agent correctly chose the 'create_session' tool, which is the appropriate tool for establishing a network slice reservation. However, the agent made three separate 'create_session' calls instead of one, which is unnecessary and incorrect — the user only requested a single slice. The tool selection itself is correct (create_session is the right primitive), but the redundant calls are a problem. Additionally, from the visible output we cannot fully verify the exact parameters passed (the body details are truncated), but the tool choice aligns with the user's request to establish a slice with uplink rate of 35 Mbps and packet delay budget of 3 ms. The fields serviceTime, serviceArea, maxNumOfDevices, downStreamRatePerDevice, and downStreamDelayBudget should be null per the rules since the user didn't specify them. The triple invocation is the main issue reducing the score.
	The agent made three create_session calls when only one was needed for the user's single slice request, suggesting argument or invocation issues. The actual arguments passed to the tools are not visible in the 'MCP Primitives Used' section (which is empty), making it impossible to verify whether the correct values (uplink rate of 35 Mbps, packet delay budget of 3 ms) were properly structured, or whether unspecified fields (serviceTime, serviceArea, maxNumOfDevices, downStreamRatePerDevice) were correctly set to null. The triple invocation alone indicates a problem with how the tool was called.
]
"
False,0.0,"[
	The agent did not use any tools at all. The user requested deploying a network slice with 600 devices and latency under 5 ms, which clearly requires calling the 'create_session' tool with the appropriate parameters (maxNumOfDevices: 600, downStreamDelayBudget and/or upStreamDelayBudget with value 5 and unit 'Milliseconds', serviceTime: null, serviceArea: null, and throughput fields as null). The agent's visible output of '0' suggests it failed to process the request and did not invoke the correct tool.
	The agent did not use any MCP primitives/tools at all. The user requested deploying a network slice with 600 devices and latency under 5 ms, which should have resulted in a call to 'create_session' with appropriate arguments (maxNumOfDevices: 600, downStreamDelayBudget and/or upStreamDelayBudget with value 5 and unit 'Milliseconds', serviceTime: null, serviceArea: null, and throughput fields as null). Instead, the agent produced no tool calls, so there are no arguments to evaluate as correct.
]
"
False,0.4,"[
	The agent correctly identified 'create_session' as the appropriate tool for creating a network slice reservation, which matches the user's request. However, the agent made a serious error by calling 'create_session' approximately 69 times (64+ more items indicated) instead of making a single call. This is a significant misuse of the tool - the user only requested one slice creation. While the tool selection itself was correct, the excessive and redundant invocations represent a major problem in tool usage. The parameters should have included downstream rate of 70 Mbps and latency of 6 ms (with Milliseconds unit as per rule 6), with other fields set to null as per the rules. The massive duplication of calls severely undermines the appropriateness of the tool usage despite the correct initial selection.
	The agent's output shows multiple `create_session` function calls (at least 5, with 64+ more items indicated), which is highly problematic — the user requested a single slice creation. While the truncated output prevents full inspection of the arguments passed to each call, the fact that the agent generated dozens of redundant calls to the same tool with the same or similar arguments is a significant issue. The arguments themselves (based on the visible structure showing 'body' with 3 items) appear to follow the expected schema structure for `create_session`, but the massive duplication suggests the agent malfunctioned. Without being able to see the actual argument values (they are truncated as '<... 3 items at Max depth ...>'), I cannot fully verify whether downstream rate was correctly set to 70 Mbps, latency to 6 ms (Milliseconds), and unspecified fields (serviceTime, serviceArea, maxNumOfDevices, upStreamRatePerDevice, upStreamDelayBudget) were properly set to null. The score reflects that the tool structure appears correct but the excessive redundant calls and inability to verify exact argument values significantly reduce confidence in argument correctness.
]
"
False,0.4,"[
	The agent correctly identified 'create_session' as the appropriate tool for provisioning a network slice, which is the right choice given the available primitives. However, the agent made a serious error by calling 'create_session' approximately 70 times (65+ items visible in the output) instead of making a single call. The user requested one slice provisioning with 250 devices and 4ms packet delay budget, which should have resulted in exactly one 'create_session' call. The tool selection was correct, but the excessive repeated invocations represent a significant misuse of the tool. Additionally, the body contents are truncated so we cannot fully verify the parameters were correctly set (250 devices, delay budget of 4 with Milliseconds unit, null for serviceTime, serviceArea, throughput rates), but the fundamental issue of calling the tool dozens of times is a major problem.
	The agent's output shows multiple `create_session` function calls (at least 5, with 65+ more items indicated), which is highly problematic - the user requested a single slice provisioning. While the truncated output shows the tool name is correct ('create_session') and the body argument structure appears to be present with 3 items (likely serviceTime, serviceArea, and sliceQosProfile), the actual argument values are not visible due to truncation ('... 3 items at Max depth ...'). Based on the user's request, the expected arguments should be: serviceTime=null, serviceArea=null, sliceQosProfile with maxNumOfDevices=250, downStreamDelayBudget={value: 4, unit: 'Milliseconds'}, upStreamDelayBudget={value: 4, unit: 'Milliseconds'} (since 'packet delay budget' typically applies to both directions), and null for throughput rates. The agent called the tool approximately 70 times instead of once, which is a significant error in execution even if individual call arguments might be correct. The massive duplication of calls suggests a malfunction. Without being able to verify the actual argument values passed, and given the excessive number of duplicate calls, the score is reduced significantly.
]
"
False,0.4,"[
	The agent correctly identified 'create_session' as the appropriate tool for creating a network slice reservation, which matches the user's request. However, the agent made multiple redundant calls to 'create_session' (at least 5+ visible function calls in the output), when only a single call was needed. The tool selection itself was correct — create_session is the right primitive for establishing a slice with the specified parameters (3100 devices, 300 kbps uplink). The parameters should include maxNumOfDevices=3100, upStreamRatePerDevice with value=300 and unit='kbps', and null values for serviceTime, serviceArea, downStreamRatePerDevice, downStreamDelayBudget, and upStreamDelayBudget per the rules. The multiple duplicate calls represent unnecessary and incorrect tool usage, reducing the score significantly.
	The agent's output shows multiple `create_session` function calls (at least 5, possibly up to 10), but the actual arguments passed to each call are truncated/hidden (shown as '<... 3 items at Max depth ...>'). Based on the visible output structure, the agent appears to have called `create_session` multiple times when only a single call was needed for the user's request. The user asked for a single slice with 3100 devices and 300 kbps uplink. A correct invocation would be a single `create_session` call with body containing: serviceTime=null, serviceArea=null, sliceQosProfile with maxNumOfDevices=3100, upStreamRatePerDevice={value: 300, unit: 'kbps'}, and downStreamRatePerDevice=null, downStreamDelayBudget=null, upStreamDelayBudget=null. While we cannot fully inspect the arguments due to truncation, the fact that the agent made multiple redundant calls (5-10 instead of 1) indicates incorrect usage. The argument structure appears to follow the expected schema format (a 'body' key with nested items), but the multiplicity of calls is inappropriate and suggests potential issues with argument correctness across the duplicate invocations.
]
"
False,0.0,"[
	The agent did not use any tools at all. The user requested deploying a network slice with 1900 devices and 200 ms latency tolerance, which clearly requires calling the 'create_session' tool with the appropriate parameters (maxNumOfDevices: 1900, downStreamDelayBudget and/or upStreamDelayBudget with value 200 and unit 'Milliseconds', and null for serviceTime, serviceArea, and throughput fields). The agent's visible output of '0' suggests it failed to process the request and did not invoke the correct tool.
	The agent did not use any MCP primitives/tools at all. The user requested deploying a network slice with 1900 devices and 200 ms latency tolerance, which should have resulted in a call to 'create_session' with appropriate arguments (maxNumOfDevices: 1900, downStreamDelayBudget and/or upStreamDelayBudget with value 200 and unit 'Milliseconds', serviceTime: null, serviceArea: null, and null for unspecified throughput fields). Since no tool was invoked, no arguments were passed, and the user's request was not fulfilled.
]
"
False,0.4,"[
	The agent correctly identified 'create_session' as the appropriate tool for creating a network slice reservation, which matches the user's request. However, the agent made a serious error by calling 'create_session' approximately 73 times (68+ more items indicated) instead of making a single call. The user requested one slice creation with 2700 devices and 800 kbps uplink rate. A single 'create_session' call with the correct parameters (maxNumOfDevices: 2700, upStreamRatePerDevice: {value: 800, unit: 'kbps'}, and null for serviceTime, serviceArea, downStreamRatePerDevice, downStreamDelayBudget, upStreamDelayBudget) would have been the correct approach. The massive duplication of tool calls is a significant misuse, even though the tool selection itself was correct.
	The agent's output shows multiple `create_session` function calls (73+ parts), which is highly abnormal for a single user request to create one slice. The agent appears to have generated an excessive number of duplicate or near-duplicate tool invocations rather than a single well-formed call. While the tool name 'create_session' is correct and the argument structure appears to follow the expected schema (a 'body' object with nested items), the actual argument contents are truncated/hidden ('... 3 items at Max depth ...'), making it impossible to fully verify correctness of the values passed. However, the massive duplication of calls is a significant issue — the user requested one slice, not 73+. Based on what is visible: (1) the tool selected is appropriate, (2) the argument structure appears to match the expected 'body' key with a CreateSession object, but (3) the extreme repetition suggests malformed behavior, and (4) we cannot confirm the actual values (maxNumOfDevices=2700, upStreamRatePerDevice={value:800, unit:'kbps'}, serviceTime=null, serviceArea=null, etc.) are correctly set. The score reflects partial credit for likely correct structure but penalizes the abnormal repetition and inability to verify argument contents.
]
"
False,0.4,"[
	The agent correctly identified 'create_session' as the appropriate tool for provisioning a network slice, which is the right choice given the available primitives. However, the agent made multiple redundant calls to 'create_session' (at least 20 function calls visible in the output), when only a single call was needed. The user requested one slice with 2100 devices and 150 ms packet delay budget, which should have been fulfilled with exactly one 'create_session' call. The excessive duplicate calls represent a significant misuse of the tool, even though the tool selection itself was correct.
	The agent's output shows multiple `create_session` function calls (at least 5, with 15 more truncated), which is problematic — the user requested a single slice provisioning. The actual arguments passed to each call are truncated/hidden ('body': {<... 3 items at Max depth ...>}), making it impossible to fully verify their correctness. However, the expected behavior would be a single `create_session` call with body containing: serviceTime=null, serviceArea=null, sliceQosProfile with maxNumOfDevices=2100, downStreamDelayBudget and upStreamDelayBudget both set to {value: 150, unit: 'Milliseconds'} (since 'packet delay budget' without specifying direction typically applies to both, and 'ms' maps to 'Milliseconds'), and downStreamRatePerDevice=null, upStreamRatePerDevice=null. The agent made approximately 20 duplicate calls instead of one, which represents incorrect usage even though the tool selection itself is appropriate. Since the arguments are not fully visible but the structure appears to match the expected schema (3 items in body matching serviceTime, serviceArea, sliceQosProfile), partial credit is given, but the massive duplication of calls significantly reduces the score.
]
"
False,0.3,"[
	The agent correctly identified 'create_session' as the appropriate tool for establishing a network slice reservation, which matches the user's request. However, the agent made multiple redundant calls to 'create_session' (appears to be 5+ duplicate function calls in the output), which is unnecessary and incorrect — only one call should have been made. The tool selection itself was correct: create_session is the right primitive for creating a slice with 1200 devices and 600 kbps uplink. The parameters should include maxNumOfDevices=1200, upStreamRatePerDevice with value=600 and unit='kbps', with serviceTime, serviceArea, downStreamRatePerDevice, downStreamDelayBudget, and upStreamDelayBudget set to null. The multiple duplicate calls reduce the score despite correct tool selection.
	The 'MCP Primitives Used' section is empty, making it impossible to verify the actual arguments passed to the tools. The agent's visible output shows multiple (10+) create_session function calls when only one was needed for the user's single request. While the function call structure appears to reference 'create_session' with a 'body' containing 3 items (which could correspond to serviceTime, serviceArea, and sliceQosProfile), the actual argument values are truncated and cannot be verified for correctness (e.g., maxNumOfDevices=1200, upStreamRatePerDevice={value:600, unit:'kbps'}, null fields for unspecified parameters). The redundant multiple calls and lack of visible argument details significantly reduce confidence in argument correctness.
]
"
False,0.2,"[
	The agent correctly identified 'create_session' as the appropriate tool for creating a network slice reservation, which is the right tool for the user's request. However, the agent made a serious error by calling 'create_session' approximately 76 times (71+ more items plus the 5 visible) instead of once. This is a massive over-invocation of the correct tool. The user requested a single slice creation, so only one 'create_session' call was needed. While the tool selection itself was correct, the excessive and unnecessary repeated calls represent a significant misuse of the tool. Additionally, the parameters passed are not fully visible to verify correctness (e.g., whether downstream was set to 180 Mbps, latency to 15 ms with Milliseconds unit, and unspecified fields like serviceTime, serviceArea, maxNumOfDevices, upStreamRatePerDevice, and upStreamDelayBudget were set to null).
	The agent's output shows multiple (76+) `create_session` function calls being generated, which is clearly inappropriate for a single slice creation request. While the arguments are truncated and not fully visible (shown as '<... 3 items at Max depth ...>'), the fact that the agent produced dozens of duplicate tool calls instead of a single well-formed one indicates a serious problem. Without being able to inspect the actual argument contents of any individual call, I cannot verify whether the body correctly included: serviceTime=null, serviceArea=null, sliceQosProfile with downStreamRatePerDevice={value:180, unit:'Mbps'}, upStreamRatePerDevice=null, maxNumOfDevices=null, downStreamDelayBudget={value:15, unit:'Milliseconds'}, and upStreamDelayBudget={value:15, unit:'Milliseconds'} (or null if only downstream was intended). The massive duplication of calls is a significant issue even if individual arguments were correct, as it would create many unwanted sessions. The score reflects that while the tool choice was appropriate, the execution pattern (76+ duplicate calls) is fundamentally flawed, and argument correctness cannot be fully verified from the truncated output.
]
"
False,0.4,"[
	The agent correctly identified 'create_session' as the appropriate tool for provisioning a network slice, which is the right choice given the available primitives. However, the agent made 5 duplicate 'create_session' calls instead of a single one, which is unnecessary and incorrect — the user only requested one slice. Additionally, the actual arguments passed to the tool calls are not fully visible (truncated), so we cannot fully verify whether the parameters (90 devices, 300 Mbps downstream, null for unspecified fields) were correctly set. The tool selection itself was correct, but the redundant calls significantly reduce the score.
	The agent's output shows 5 separate `create_session` function calls, but the actual arguments passed to each are truncated/not visible (shown as '<... 3 items at Max depth ...>'). Based on the visible structure, the agent appears to have called `create_session` multiple times when only one session was requested by the user. This is problematic — the user asked to 'Provision a slice' (singular). Additionally, without being able to inspect the actual argument values, we cannot fully verify correctness of the body contents. However, the tool name is correct and the structure shows a 'body' key as required. The multiple redundant calls are a significant issue. Based on the schema, the expected body should contain serviceTime: null, serviceArea: null, and sliceQosProfile with maxNumOfDevices: 90, downStreamRatePerDevice: {value: 300, unit: 'Mbps'}, and the remaining fields (upStreamRatePerDevice, downStreamDelayBudget, upStreamDelayBudget) as null. We cannot confirm these values from the truncated output, and the 5 duplicate calls suggest incorrect behavior.
]
"
False,0.0,"[
	The agent did not use any tools at all. The user requested the creation of a network slice with specific parameters (400 devices, 45 Mbps uplink), which clearly requires calling the 'create_session' tool with the appropriate parameters (maxNumOfDevices: 400, upStreamRatePerDevice: {value: 45, unit: 'Mbps'}, and null for unspecified fields like serviceTime, serviceArea, downStreamRatePerDevice, and delay budgets). The agent's visible output of '0' suggests it failed to process the request and did not invoke the correct tool.
	The agent did not use any MCP primitives/tools at all. The user requested creating a network slice with specific parameters (400 devices, 45 Mbps uplink), which should have resulted in a call to 'create_session' with appropriate arguments including maxNumOfDevices=400, upStreamRatePerDevice={value: 45, unit: 'Mbps'}, and null values for serviceTime, serviceArea, downStreamRatePerDevice, downStreamDelayBudget, and upStreamDelayBudget. Since no tools were invoked, no arguments were passed, and the user's request was not fulfilled.
]
"
False,0.2,"[
	The agent correctly identified 'create_session' as the appropriate tool for deploying a network slice, which is the right choice given the available primitives. However, the agent made a serious error by calling 'create_session' approximately 79 times (74+ more items indicated) instead of once. The user requested a single slice deployment with 250 Mbps uplink per device and 18 ms packet delay budget. Only one 'create_session' call was needed with the appropriate parameters (upStreamRatePerDevice: {value: 250, unit: 'Mbps'}, and delay budget with value 18 and unit 'Milliseconds'). The massive duplication of tool calls is a significant misuse, even though the correct tool was selected. Additionally, the actual arguments passed to the tool calls are not fully visible, so correctness of parameter values cannot be fully verified.
	The agent's output shows multiple (79+) `create_session` function calls being generated, which is clearly inappropriate for a single user request to deploy one slice. While the arguments passed to each call appear to follow the correct structure (body with serviceTime, serviceArea, sliceQosProfile), the massive duplication of calls is a significant issue. Additionally, the actual argument contents are truncated/hidden ('... 3 items at Max depth ...'), making it impossible to fully verify whether the specific values (250 Mbps uplink, 18 ms packet delay budget, null for serviceTime, null for serviceArea, null for maxNumOfDevices, null for downStreamRatePerDevice, null for downStreamDelayBudget) were correctly populated. The agent should have made exactly one create_session call with: serviceTime=null, serviceArea=null, sliceQosProfile containing upStreamRatePerDevice={value: 250, unit: 'Mbps'}, upStreamDelayBudget={value: 18, unit: 'Milliseconds'} (since 'ms' was given, mapping to Milliseconds), and null for maxNumOfDevices, downStreamRatePerDevice, and downStreamDelayBudget. The generation of ~79 duplicate calls represents a severe argument/invocation error even if individual call structures were correct.
]
"
False,0.4,"[
	The agent correctly identified 'create_session' as the appropriate tool for creating a network slice reservation, which matches the user's request. However, the agent made a serious error by calling 'create_session' approximately 80 times (75+ items visible in the output) instead of making a single call. The user requested one slice creation with 700 devices and 85 Mbps downstream. Only one 'create_session' call was needed. The tool selection itself was correct, but the excessive and redundant invocations represent a significant misuse of the tool. The parameters passed cannot be fully verified from the truncated output, but the repeated calls are clearly inappropriate.
	The agent's output shows multiple `create_session` function calls (80 total parts visible), which is highly abnormal for a single user request to create one slice. While the arguments are truncated (shown as '<... 3 items at Max depth ...>'), the fact that the agent generated approximately 80 duplicate calls to `create_session` instead of a single well-formed call is a significant issue. The user requested a single slice with 700 devices and 85 Mbps downstream. The expected correct behavior would be a single `create_session` call with body containing: serviceTime=null, serviceArea=null, sliceQosProfile with maxNumOfDevices=700, downStreamRatePerDevice={value: 85, unit: 'Mbps'}, upStreamRatePerDevice=null, downStreamDelayBudget=null, upStreamDelayBudget=null. Due to the truncated argument details, we cannot fully verify the content of each call's arguments, but the massive duplication of calls is clearly incorrect. The score reflects that while the tool choice was appropriate (create_session), the execution pattern of ~80 duplicate calls is fundamentally wrong, though the individual argument structure may have been partially correct.
]
"
False,0.4,"[
	The agent correctly identified 'create_session' as the appropriate tool for provisioning a network slice, which is the right choice given the available primitives. However, the agent made a serious error by calling 'create_session' approximately 81 times (76+ more items beyond the 5 visible) instead of making a single call. This is a massive overuse of the correct tool. The user requested a single slice provision with 350 devices and latency under 6 ms. Only one 'create_session' call was needed with the appropriate parameters (maxNumOfDevices: 350, downStreamDelayBudget and upStreamDelayBudget with value 6 and unit Milliseconds, and null for serviceTime, serviceArea, and throughput fields). The tool selection was correct but the execution was severely flawed with excessive redundant calls.
	The agent's output shows multiple `create_session` function calls (at least 5 visible, with 76+ more items), which is highly problematic — the user requested a single slice provisioning. While the truncated output prevents full inspection of the arguments passed to each call, the fact that the agent made dozens of redundant calls to the same tool is a significant issue with argument/invocation correctness. Based on the visible structure, each call appears to pass a 'body' object with 3 items, which likely corresponds to the required 'serviceTime', 'serviceArea', and 'sliceQosProfile' fields. Per the rules: serviceTime and serviceArea should be null (user didn't specify them), maxNumOfDevices should be 350, and both downStreamDelayBudget and upStreamDelayBudget should have value 6 with unit 'Milliseconds' (since 'ms' was specified). downStreamRatePerDevice and upStreamRatePerDevice should be null. However, the massive duplication of calls (80+ create_session invocations) represents a severe misuse of the tool, even though individual argument structures may have been correct. The agent should have made exactly one create_session call.
]
"
True,0.7,"[
	The agent correctly selected the 'create_session' tool, which is the appropriate tool for establishing a network slice reservation. The user requested a slice for industrial alarm systems with 900 devices and a packet delay budget of 5 ms. The agent called create_session with a body containing the relevant parameters. While I cannot fully inspect the nested args due to truncation in the output, the tool choice itself is correct. The agent properly avoided unnecessary tools like get_session, delete_session, or ping_api. The slight deduction is because the visible output doesn't clearly confirm that all parameter values (maxNumOfDevices=900, delay budget=5 with unit Milliseconds, and null for unspecified fields like serviceTime, serviceArea, throughput rates) were correctly populated in the body, though the tool selection was spot-on.
	The agent correctly called create_session with a 'body' argument containing 3 top-level keys matching the required CreateSession schema fields (serviceTime, serviceArea, sliceQosProfile). The structure appears appropriate for the user's request (900 devices, 5 ms packet delay budget). However, the exact nested argument values cannot be fully verified due to depth truncation in the output, so complete correctness of all nested fields (e.g., whether delay budget value=5, unit='Milliseconds', maxNumOfDevices=900, and unspecified fields are null) cannot be confirmed with certainty.
]
"
False,0.0,"[
	The agent did not use any tools at all. The user requested deploying a network slice with specific uplink rate (25 Mbps) and latency (7 ms) parameters. The agent should have used the 'create_session' tool to create a network slice reservation with the specified QoS parameters (upStreamRatePerDevice: {value: 25, unit: 'Mbps'}, and appropriate delay budget with value 7 and unit 'Milliseconds'). The agent's visible output of '0' suggests it failed to process the request entirely.
	The agent did not use any MCP primitives/tools at all. The user requested deploying a network slice with specific uplink rate (25 Mbps) and latency (7 ms) parameters, which should have resulted in a call to the 'create_session' tool with appropriate arguments (upStreamRatePerDevice with value 25 and unit 'Mbps', and delay budget(s) with value 7 and unit 'Milliseconds', with serviceTime, serviceArea, maxNumOfDevices, and downStreamRatePerDevice set to null). Since no tools were invoked, no arguments can be evaluated, and the task was not fulfilled.
]
"
False,0.0,"[
	The agent did not use any tools at all. The user requested creation of a network slice with 450 devices and 6 ms latency, which clearly requires calling the 'create_session' tool with the appropriate parameters (maxNumOfDevices: 450, downStreamDelayBudget and upStreamDelayBudget with value 6 and unit 'Milliseconds', serviceTime: null, serviceArea: null, and throughput fields as null). The agent's visible output of '0' suggests it failed to process the request and did not invoke the correct tool.
	The agent did not use any MCP primitives/tools at all. The user requested creating a network slice with 450 devices and latency capped at 6 ms, which should have resulted in a call to the 'create_session' tool with appropriate arguments (maxNumOfDevices: 450, downStreamDelayBudget and upStreamDelayBudget with value 6 and unit 'Milliseconds', serviceTime: null, serviceArea: null, and null for throughput fields). Instead, the agent produced no tool calls, so no arguments can be evaluated as correct.
]
"
False,0.35,"[
	The agent correctly identified 'create_session' as the appropriate tool for provisioning a network slice, which is the right choice given the available primitives. However, the agent made multiple (approximately 20) redundant calls to 'create_session' instead of a single call, which is highly inappropriate. The user requested one slice reservation with 500 devices and 5 ms packet delay budget. A single 'create_session' call with maxNumOfDevices=500 and appropriate delay budget fields (value=5, unit='Milliseconds') would have been correct. The excessive duplicate calls represent a significant misuse of the tool, even though the tool selection itself was correct.
	The agent attempted to call 'create_session' which is the correct tool, and the body appears to contain 3 items matching the CreateSession schema structure. However, the agent made 20+ redundant duplicate calls instead of a single call, which is inappropriate. The actual argument contents are truncated and cannot be fully verified. The 'MCP Primitives Used' section is empty, indicating no primitives were successfully recorded as used. While the general structure seems plausible (serviceTime=null, serviceArea=null, sliceQosProfile with 500 devices and 5ms delay), the excessive duplicate invocations and inability to confirm actual argument values significantly reduce confidence in argument correctness.
]
"
False,0.4,"[
	The agent correctly identified 'create_session' as the appropriate tool for creating a network slice reservation, which matches the user's request. However, the agent made multiple redundant calls to 'create_session' (at least 5+ visible function calls in the output), when only a single call was needed. The tool selection itself was correct — create_session is the right primitive for establishing a slice with 1000 devices and 700 kbps uplink. The parameters should include maxNumOfDevices=1000, upStreamRatePerDevice with value=700 and unit='kbps', with serviceTime, serviceArea, downStreamRatePerDevice, downStreamDelayBudget, and upStreamDelayBudget set to null. The multiple duplicate calls represent unnecessary and incorrect tool usage, significantly reducing the score.
	The agent's output shows multiple `create_session` function calls being generated (at least 5, possibly up to 10), but the actual arguments passed to each call are truncated/hidden in the output (shown as `{<... 3 items at Max depth ...>}`). This makes it impossible to fully verify the exact argument contents. However, there are two clear issues: (1) The agent made multiple redundant `create_session` calls instead of a single one, which is inappropriate for the user's request to establish one slice. (2) Based on the visible structure, each call appears to pass a `body` object with 3 items, which aligns with the expected `CreateSession` schema requiring `serviceTime`, `serviceArea`, and `sliceQosProfile`. The expected correct arguments would be: `serviceTime: null`, `serviceArea: null`, `sliceQosProfile: { maxNumOfDevices: 1000, upStreamRatePerDevice: { value: 700, unit: 'kbps' }, downStreamRatePerDevice: null, downStreamDelayBudget: null, upStreamDelayBudget: null }`. While the structure appears correct (body with 3 required top-level fields), the duplication of calls is a significant issue, and without being able to see the actual values, we cannot confirm the arguments are fully correct. The score reflects partial structural correctness but penalizes the multiple redundant invocations and inability to verify actual values.
]
"
False,0.4,"[
	The agent correctly identified 'create_session' as the appropriate tool for deploying a network slice, which is the right choice given the available primitives. However, the agent made multiple redundant calls to 'create_session' (at least 10 function calls visible in the output), when only a single call was needed. The tool selection itself was correct — create_session is the only tool that can fulfill the user's request to deploy a slice with 1800 devices and 150ms latency. The parameters should include maxNumOfDevices=1800, and delay budgets of 150 with unit 'Milliseconds' (since 'ms' was provided, which maps to Milliseconds), with serviceTime, serviceArea, and throughput fields as null since the user didn't specify them. The multiple duplicate calls represent unnecessary and incorrect tool usage, reducing the score.
	The agent's output shows multiple `create_session` function calls (at least 5, possibly up to 10), but the actual arguments passed to each call are truncated/hidden (shown as '<... 3 items at Max depth ...>'). Based on the visible structure, the agent is calling `create_session` with a `body` argument containing 3 items, which aligns with the expected `CreateSession` schema requiring `serviceTime`, `serviceArea`, and `sliceQosProfile`. However, there are significant issues: (1) The agent made multiple redundant `create_session` calls instead of a single one, which is inappropriate for the user's single request to deploy one slice. (2) Since the actual argument values are not visible, we cannot fully verify correctness, but based on the user's request, the expected arguments should be: `serviceTime: null`, `serviceArea: null`, `sliceQosProfile: { maxNumOfDevices: 1800, downStreamRatePerDevice: null, upStreamRatePerDevice: null, downStreamDelayBudget: { value: 150, unit: 'Milliseconds' }, upStreamDelayBudget: { value: 150, unit: 'Milliseconds' } }`. The latency tolerance of '150 ms' should map to both delay budgets with value 150 and unit 'Milliseconds' (since 'ms' is provided as a unit). The structure of the body argument appears correct (3 items matching the 3 required fields), but the multiple duplicate calls represent a significant argument/invocation issue.
]
"
False,0.2,"[
	The agent correctly identified 'create_session' as the appropriate tool for creating a network slice reservation, which matches the user's request. However, the agent made a serious error by calling 'create_session' approximately 88 times (83+ items indicated in the output) instead of making a single call. The user requested one slice creation, so only one 'create_session' call was needed. The tool selection itself was correct, but the excessive and redundant invocations represent a significant misuse of the tool. The parameters should have included maxNumOfDevices=900, upStreamRatePerDevice with value=400 and unit='kbps', with serviceTime, serviceArea, downStreamRatePerDevice, downStreamDelayBudget, and upStreamDelayBudget set to null.
	The agent's output shows multiple (88+) repeated calls to 'create_session', which is highly abnormal and suggests a malfunction. While the tool arguments are truncated in the output (shown as '<... 3 items at Max depth ...>'), making it impossible to fully verify the exact argument contents, the massive repetition of the same tool call is clearly inappropriate for the user's single request to create one slice. The user asked for a single slice with 900 devices and 400 kbps uplink. The expected correct call would be a single 'create_session' with body containing: serviceTime=null, serviceArea=null, sliceQosProfile with maxNumOfDevices=900, upStreamRatePerDevice={value: 400, unit: 'kbps'}, and null for downStreamRatePerDevice, downStreamDelayBudget, and upStreamDelayBudget. Since the actual argument contents are not visible due to truncation, and the agent made ~88 duplicate calls instead of one, the argument passing behavior is severely flawed even if individual call arguments might have been correct.
]
"
False,0.4,"[
	The agent correctly identified 'create_session' as the appropriate tool for provisioning a network slice, which is the right choice given the available primitives. However, the agent made a serious error by calling 'create_session' approximately 89 times (84+ more items beyond the first 5 visible calls) instead of making a single call. This is a massive overuse of the correct tool. The user requested a single slice provisioning with 1300 devices and 200ms packet delay budget, which should have resulted in exactly one 'create_session' call with the appropriate parameters (maxNumOfDevices: 1300, delay budget of 200 with unit Milliseconds, and null values for serviceTime, serviceArea, and throughput fields). The tool selection was correct but the execution was severely flawed due to the excessive duplicate calls.
	The agent's output shows multiple (89+) `create_session` function calls being generated, which is clearly inappropriate for a single slice provisioning request. While the arguments structure appears to follow the expected schema (body with serviceTime, serviceArea, sliceQosProfile), the massive duplication of calls is a significant issue. The actual argument contents are truncated in the output (shown as '<... 3 items at Max depth ...>'), making it impossible to fully verify whether the specific values (1300 devices, 200 ms packet delay budget with 'Milliseconds' unit, null serviceTime, null serviceArea, null throughput rates) were correctly passed. The expected behavior would be a single `create_session` call with: maxNumOfDevices=1300, downStreamDelayBudget={value: 200, unit: 'Milliseconds'}, upStreamDelayBudget={value: 200, unit: 'Milliseconds'} (since 'packet delay budget' is general and could apply to both directions), serviceTime=null, serviceArea=null, and null throughput rates. The excessive number of duplicate calls severely undermines the correctness of the tool usage even if individual argument structures were correct.
]
"
False,0.4,"[
	The agent correctly identified 'create_session' as the appropriate tool for creating a network slice reservation, which matches the user's request. However, the agent made multiple redundant calls to 'create_session' (appears to be 5+ duplicate function calls in the output), which is unnecessary and incorrect — only one call should have been made. The tool choice itself was correct: the user asked to establish a slice with 2400 devices and 500 kbps uplink, and 'create_session' is the right primitive for that. The parameters should include maxNumOfDevices=2400, upStreamRatePerDevice with value=500 and unit='kbps', with serviceTime, serviceArea, downStreamRatePerDevice, and delay budgets set to null. The multiple duplicate calls significantly reduce the score despite the correct tool selection.
	The agent's output shows multiple `create_session` function calls (at least 5, possibly up to 10), but the actual arguments passed to each call are truncated/hidden (shown as '<... 3 items at Max depth ...>'). This makes it impossible to fully verify the correctness of the arguments. However, there are clear issues: (1) The agent made multiple redundant `create_session` calls instead of a single one, which is inappropriate for the user's request to establish one slice. (2) Based on the user's request, the expected correct call should have: serviceTime=null, serviceArea=null, sliceQosProfile with maxNumOfDevices=2400, upStreamRatePerDevice={value: 500, unit: 'kbps'}, downStreamRatePerDevice=null, downStreamDelayBudget=null, upStreamDelayBudget=null. While we cannot see the actual argument values due to truncation, the fact that multiple duplicate calls were made is a significant issue with how the tool was invoked, even though the tool selection itself (create_session) was appropriate. The score reflects the likely correct structure of at least one call but penalizes the multiple redundant invocations.
]
"
False,0.4,"[
	The agent correctly identified 'create_session' as the appropriate tool for creating a network slice reservation, which matches the user's request. However, the agent made a serious error by calling 'create_session' approximately 91 times (86+ more items beyond the first 5 visible calls) instead of making a single call. This is a massive over-invocation of the correct tool. The tool selection itself was correct — 'create_session' is the right primitive for this task, and no other available tools (get_session, delete_session, ping_api) would have been more appropriate. But the excessive repeated calls represent a significant misuse of the tool, even though the tool choice was correct. The parameters appear to be structured correctly based on the user's specifications (220 Mbps downstream, 15 ms latency), but the duplication is a critical issue in tool usage.
	The agent's output shows multiple (91+) `create_session` function calls being generated, which is clearly inappropriate for a single slice creation request. While the tool arguments are truncated and not fully visible (shown as '<... 3 items at Max depth ...>'), the fact that the agent produced dozens of duplicate calls rather than a single well-formed call indicates a significant issue. Based on the user's request, the expected behavior would be a single `create_session` call with: serviceTime=null, serviceArea=null, sliceQosProfile containing downStreamRatePerDevice={value:220, unit:'Mbps'}, downStreamDelayBudget={value:15, unit:'Milliseconds'}, maxNumOfDevices=null, upStreamRatePerDevice=null, upStreamDelayBudget=null. Since the actual argument contents are not fully visible due to truncation, and the agent produced an excessive number of duplicate calls, the score reflects both the inability to verify argument correctness and the clearly erroneous multiplicity of calls. The repetitive invocation pattern suggests the arguments may have been correct in structure for each individual call, but the overall behavior is problematic.
]
"
False,0.4,"[
	The agent correctly identified 'create_session' as the appropriate tool for provisioning a network slice, which matches the user's request. However, the agent made multiple (at least 5+) redundant calls to 'create_session' instead of a single call, which is unnecessary and incorrect behavior. The tool selection itself was correct — create_session is the right primitive for this task — but the repeated invocations suggest a problem with how the agent used the tool. Additionally, from the visible output, we cannot fully verify the parameters passed (they are truncated), but the approach of using create_session with the specified 300 devices and 140 Mbps downstream rate, with null for unspecified fields (serviceTime, serviceArea, upstream, delay budgets), would be the correct usage pattern.
	The agent's output shows multiple `create_session` function calls being generated (at least 5+), which is problematic since the user only requested a single slice provisioning. While the truncated output prevents full inspection of the exact arguments passed to each call, the fact that multiple redundant calls were made for a single user request indicates incorrect behavior. Additionally, the arguments are shown as '<... 3 items at Max depth ...>' which prevents full verification, but based on the schema the body should contain serviceTime (null per rules since not specified), serviceArea (null per rules since not specified), and sliceQosProfile with maxNumOfDevices=300, downStreamRatePerDevice={value: 140, unit: 'Mbps'}, and upStreamRatePerDevice/downStreamDelayBudget/upStreamDelayBudget as null. The agent appears to have attempted to pass the correct structure but generated multiple duplicate calls instead of a single one, which is a significant issue with how the tool was invoked even if individual argument structures may have been correct.
]
"
False,0.4,"[
	The agent correctly identified 'create_session' as the appropriate tool for creating a network slice reservation, which matches the user's request. However, the agent made multiple (at least 5+) duplicate calls to 'create_session' instead of a single call, which is unnecessary and incorrect behavior. The tool selection itself was correct — 'create_session' is the right primitive for establishing a slice with 500 devices and a 25ms packet delay budget. The parameters should include maxNumOfDevices=500, a delay budget of 25 with unit 'Milliseconds', and null values for serviceTime, serviceArea, throughput rates. The duplication of calls significantly reduces the score as it represents improper tool usage despite correct tool selection.
	The agent's output shows multiple `create_session` function calls (at least 5, possibly up to 15 based on '10 more items'), but the actual arguments passed to each call are truncated and not fully visible (shown as '<... 3 items at Max depth ...>'). The user requested a single slice with 500 devices and a packet delay budget of 25 ms. Based on the rules: serviceTime and serviceArea should be null (not specified by user), maxNumOfDevices should be 500, delay budget should be 25 with unit 'Milliseconds' (since 'ms' was provided as the unit), and throughput fields should be null. The major issues are: (1) the agent made multiple create_session calls instead of a single one, which is inappropriate for the user's single request; (2) while we cannot fully inspect the arguments due to truncation, the repeated calls suggest incorrect behavior. Since the actual argument contents are not fully visible, we cannot definitively confirm whether the individual argument values were correct, but the multiplicity of calls is clearly wrong. The score reflects that the tool type and general structure appear correct, but the repeated invocations and inability to verify exact argument correctness significantly reduce confidence.
]
"
False,0.0,"[
	The agent did not use any tools at all. The user requested deploying a network slice with 700 devices and 4 ms latency, which clearly requires calling the 'create_session' tool with the appropriate parameters (maxNumOfDevices: 700, downStreamDelayBudget and upStreamDelayBudget with value 4 and unit 'Milliseconds', and null for serviceTime, serviceArea, and throughput fields). The agent's visible output of '0' suggests it failed to process the request and did not invoke the correct tool.
	The agent did not use any MCP primitives/tools at all. The user requested deploying a network slice with 700 devices and latency capped at 4 ms, which should have resulted in a call to 'create_session' with appropriate arguments (maxNumOfDevices: 700, downStreamDelayBudget and upStreamDelayBudget with value 4 and unit 'Milliseconds', serviceTime: null, serviceArea: null, and throughput fields as null). Since no tools were invoked, no arguments can be evaluated, and the task was not attempted.
]
"
False,0.4,"[
	The agent correctly identified 'create_session' as the appropriate tool for creating a network slice reservation, which matches the user's request. However, the agent made multiple redundant calls to 'create_session' (at least 30 based on the visible output showing '25 more items'), which is highly inappropriate - only a single call was needed. The tool selection itself was correct (create_session is the right primitive for this task), but the excessive duplicate invocations represent a significant misuse. The parameters should have included upStreamRatePerDevice with value 30 and unit 'Mbps', and a packet delay budget (likely upStreamDelayBudget) with value 2 and unit 'Milliseconds', with other fields set to null. The repeated calls severely undermine the appropriateness of the tool usage despite the correct tool being chosen.
	The agent's output shows multiple `create_session` function calls (at least 5, with 25+ more truncated), which is problematic — the user requested a single slice creation. The actual arguments passed to each call are not fully visible due to truncation (`<... 3 items at Max depth ...>`), making it impossible to fully verify correctness of the body contents. However, based on the user's request, the expected arguments should include: serviceTime=null, serviceArea=null, sliceQosProfile with upStreamRatePerDevice={value:30, unit:'Mbps'}, a packet delay budget (likely upStreamDelayBudget={value:2, unit:'Milliseconds'}), and null for maxNumOfDevices, downStreamRatePerDevice, and downStreamDelayBudget. The agent called the correct tool (`create_session`) but called it an excessive number of times (30+) instead of once, which is a significant issue with how the tool was invoked. Since the actual argument contents are not visible for verification and the tool was called far too many times, the score reflects partial credit for likely correct tool selection and argument structure, but penalizes the redundant invocations and inability to confirm argument correctness.
]
"
False,0.4,"[
	The agent correctly identified 'create_session' as the appropriate tool for provisioning a network slice, which is the right choice given the available primitives. However, the agent made multiple redundant calls to 'create_session' (at least 20 function calls visible in the output), which is clearly inappropriate — only a single call was needed. The tool selection itself was correct (create_session is the right tool for this task), but the excessive duplicate invocations represent a significant misuse. The parameters should have included maxNumOfDevices=1600 and latency delay budgets of 180 ms (with unit 'Milliseconds'), with serviceTime, serviceArea, and throughput fields set to null as per the rules. The core tool choice was right but the execution pattern of calling it many times was wrong.
	The agent's output shows multiple `create_session` function calls being generated (at least 5, with 15 more truncated), which is problematic — the user requested a single slice provisioning. While the truncated output prevents full inspection of the arguments passed to each call, the fact that the agent produced ~20 duplicate calls for a single user request indicates incorrect behavior. The arguments appear to be structured with a 'body' key containing 3 items, which aligns with the CreateSession schema expecting 'serviceTime', 'serviceArea', and 'sliceQosProfile'. Based on the user's request: maxNumOfDevices should be 1600, latency (both downstream and upstream delay budgets) should be 180 with unit 'Milliseconds' (user said 'ms'), serviceTime and serviceArea should be null, and throughput fields should be null. However, since the actual argument values are truncated and not fully visible, and the agent generated many redundant duplicate calls instead of a single one, the score reflects partial correctness for likely correct structure but significant issues with the multiplied invocations.
]
"
False,0.2,"[
	The agent correctly identified 'create_session' as the appropriate tool for creating a network slice reservation, which matches the user's request. However, the agent made multiple (approximately 20) duplicate calls to 'create_session' instead of a single call, which is unnecessary and incorrect behavior. The tool selection itself was correct — 'create_session' is the right primitive for establishing a slice with the specified parameters (1100 devices, 600 kbps uplink). The parameters should include maxNumOfDevices=1100, upStreamRatePerDevice with value=600 and unit='kbps', with serviceTime, serviceArea, downStreamRatePerDevice, downStreamDelayBudget, and upStreamDelayBudget set to null. The excessive duplicate calls significantly reduce the score despite the correct tool choice.
	The agent generated approximately 20 duplicate create_session calls when only one was needed, which is a significant argument/invocation error. The MCP Primitives Used section is empty, suggesting no tool calls were properly recorded. While the body structure appears to have 3 items matching the CreateSession schema's required fields (serviceTime, serviceArea, sliceQosProfile), the actual argument values are truncated and cannot be verified for correctness (e.g., whether maxNumOfDevices=1100, upStreamRatePerDevice={value:600, unit:'kbps'}, and other fields are null as expected). The massive duplication of calls with identical arguments represents a fundamental misuse of the tool's inputs.
]
"
False,0.1,"[
	The agent did not use any tools at all. The user's request to 'Deploy a slice for high-resolution mobile mapping vehicles, requiring 350 Mbps uplink per device and latency of 20 ms' provided sufficient information to call the 'create_session' tool with upStreamRatePerDevice={value: 350, unit: 'Mbps'}, and latency (delay budget) of {value: 20, unit: 'Milliseconds'}, with other fields set to null as per the rules. Instead, the agent hallucinated a response about '100 network slice reservations' and 'Video Journalists' which have nothing to do with the user's request. The agent should have called 'create_session' with the provided parameters (serviceTime: null, serviceArea: null, sliceQosProfile with upStreamRatePerDevice: 350 Mbps, delay budget: 20 Milliseconds, and other QoS fields as null).
	The agent did not use any MCP primitives/tools at all. The user's request was clear enough to proceed with creating a network slice reservation: 350 Mbps uplink per device and 20 ms latency were specified. Per the rules, service time and service area stay null unless specified, and the number of devices stays null since it wasn't specified. The agent should have called 'create_session' with appropriate arguments (upStreamRatePerDevice: {value: 350, unit: 'Mbps'}, downStreamDelayBudget and upStreamDelayBudget: {value: 20, unit: 'Milliseconds'}, and null for unspecified fields). Instead, the agent hallucinated a response about 100 requests, video journalists, and other unrelated scenarios that have nothing to do with the user's single request about mobile mapping vehicles. Since no tools were invoked, there are no arguments to evaluate as correct or incorrect, but the failure to call any tool when sufficient information was available warrants a low score.
]
"
False,0.0,"[
	The agent did not use any tools at all. The user requested creation of a network slice with 90 devices and a packet delay budget of 3 ms. The agent should have used the 'create_session' tool with the appropriate parameters: maxNumOfDevices=90, and delay budget values of 3 Milliseconds (since the user provided 'ms' as the unit). The agent's visible output of '0' suggests it failed to process the request and did not invoke the correct tool.
	The agent did not use any MCP primitives/tools at all. The user requested creation of a network slice with 90 devices and a packet delay budget of 3 ms, which should have resulted in a call to the 'create_session' tool with appropriate arguments (maxNumOfDevices: 90, downStreamDelayBudget and/or upStreamDelayBudget with value 3 and unit 'Milliseconds', serviceTime: null, serviceArea: null, and null for unspecified rate fields). Since no tools were invoked, no arguments can be evaluated, and the task was not fulfilled.
]
"
False,0.4,"[
	The agent correctly chose the 'create_session' tool, which is the appropriate tool for provisioning a network slice. However, the agent made 5 duplicate calls to 'create_session' instead of a single call, which is unnecessary and incorrect behavior. The tool selection itself was correct — create_session is the right primitive for this task, and no other available tools (get_session, delete_session, ping_api) would have been more appropriate. The parameters should include maxNumOfDevices=2000, upStreamRatePerDevice with value=500 and unit='kbps', with serviceTime, serviceArea, downStreamRatePerDevice, and delay budgets set to null per the rules. The multiple redundant calls reduce the score.
	The agent's output shows 5 separate `create_session` function calls, but the actual arguments passed to each are truncated/not fully visible (shown as '<... 3 items at Max depth ...>'). Based on what is visible, the agent called `create_session` multiple times when only one slice reservation was requested, which suggests redundant or incorrect invocations. Without being able to inspect the actual argument contents, we can partially assess: the tool name is correct (`create_session`), and the schema expects a `body` field which appears to be present. However, calling the tool 5 times for a single provisioning request is inappropriate. The expected correct behavior would be a single `create_session` call with body containing: serviceTime=null, serviceArea=null, sliceQosProfile with maxNumOfDevices=2000, upStreamRatePerDevice={value: 500, unit: 'kbps'}, and downStreamRatePerDevice/downStreamDelayBudget/upStreamDelayBudget all set to null. The multiple redundant calls significantly reduce the score, though the tool structure (using 'body' key) appears correct.
]
"
