success,score,reason
True,0.9,"[
	The agent correctly selected the 'create_session' tool, which is the only appropriate tool for creating a network slice reservation. The parameters were well-mapped from the user's request: maxNumOfDevices=40, downStreamRatePerDevice with value=120 and unit='Mbps', downStreamDelayBudget with value=15 and unit='Milliseconds' (correctly interpreting 'ms' as Milliseconds). Fields not specified by the user (serviceTime, serviceArea, upStreamRatePerDevice, upStreamDelayBudget) were correctly set to null, following the rules about not fabricating values. The only minor consideration is that the user mentioned 'packet delay budget' generically (not specifically downstream), but mapping it to downStreamDelayBudget is a reasonable interpretation given the context of downstream video streaming. Overall, the tool selection and parameter population were appropriate and correct.
	The agent correctly constructed the `create_session` tool call with well-formed arguments that closely match the user's request and the tool's expected schema. Specifically: (1) `maxNumOfDevices` is set to 40, matching the user's 'up to 40 devices'. (2) `downStreamRatePerDevice` is set to `{value: 120, unit: 'Mbps'}`, correctly reflecting '120 Mbps per device'. (3) `downStreamDelayBudget` is set to `{value: 15, unit: 'Milliseconds'}`, correctly interpreting '15 ms' as 15 Milliseconds. (4) `serviceTime` and `serviceArea` are correctly null since the user didn't specify them. (5) `upStreamRatePerDevice` and `upStreamDelayBudget` are null since the user didn't specify upstream values. The only minor concern is that the `downStreamDelayBudget` uses the `Duration` schema which has a `TimeUnitEnum` unit field — 'Milliseconds' is a valid value in that enum, so this is correct. The `unit` for the delay budget uses 'Milliseconds' from the TimeUnitEnum rather than a rate unit, which is appropriate. All types, structures, and values align with both the schema and the user's request. A small deduction is made because the user mentioned 'packet delay budget' generically (not specifically downstream), and the agent mapped it only to `downStreamDelayBudget` — this is a reasonable interpretation for a video streaming use case but could arguably also apply to upstream. Overall, the arguments are well-formed and appropriate.
]
"
True,0.85,"[
	The agent correctly selected the 'create_session' tool, which is the only appropriate tool for provisioning a network slice reservation. The parameters were well-mapped: uplink rate of 50 Mbps, downstream rate of 100 Mbps, and latency of 20ms (with 'Milliseconds' unit correctly applied since 'ms' was provided). The serviceTime and serviceArea were correctly left as null since the user didn't specify them. maxNumOfDevices was correctly left as null since the user said 'per device' but didn't specify a total device count. The only minor consideration is that the user said 'latency capped at 20 ms' generically, and the agent applied it to both downstream and upstream delay budgets, which is a reasonable interpretation. The tool selection was perfect — no unnecessary tools were called and no better alternative existed.
	The agent correctly called `create_session` with well-structured arguments matching the tool's expected schema. The `serviceTime` and `serviceArea` are correctly set to null (user didn't specify them). The `maxNumOfDevices` is correctly null (user didn't specify a count). The `downStreamRatePerDevice` (100 Mbps) and `upStreamRatePerDevice` (50 Mbps) correctly match the user's request with proper units. The latency of 20 ms is correctly applied to both `downStreamDelayBudget` and `upStreamDelayBudget` with unit 'Milliseconds', which is reasonable since the user said 'latency capped at 20 ms' without distinguishing upstream vs downstream. However, the `Duration` type expects a `TimeUnitEnum` for the unit field, and 'Milliseconds' is a valid value in that enum, so that's correct. One minor concern: the user said 'ms' which the agent correctly interpreted as 'Milliseconds' per the rules. The delay budget uses the `Duration` schema which expects `value` as integer and `unit` as `TimeUnitEnum` — both are correctly provided. The only slight issue is that the user's phrasing 'latency capped at 20 ms' is general and could be interpreted as applying to both directions, which the agent did, so this is a reasonable interpretation. All types, formats, and structures match the expected schema.
]
"
True,0.95,"[
	The agent correctly selected the 'create_session' tool, which is the only appropriate tool for creating a network slice reservation. The parameters were accurately populated: maxNumOfDevices=300, downStreamRatePerDevice with value=80 and unit='Mbps', downStreamDelayBudget with value=25 and unit='Milliseconds' (correctly interpreting 'ms' as Milliseconds). Fields not specified by the user (serviceTime, serviceArea, upStreamRatePerDevice, upStreamDelayBudget) were correctly set to null, following the rules about not fabricating values. No unnecessary tool calls were made.
	The agent correctly constructed the `create_session` tool call with well-formed arguments that align with both the user's request and the tool's expected schema. Specifically: (1) `maxNumOfDevices` is set to 300 as requested. (2) `downStreamRatePerDevice` is set to `{value: 80, unit: 'Mbps'}`, correctly matching the user's '80 Mbps' specification. (3) `downStreamDelayBudget` is set to `{value: 25, unit: 'Milliseconds'}`, correctly interpreting '25 ms' as milliseconds per the rules. (4) `serviceTime` and `serviceArea` are correctly set to `null` since the user didn't specify them. (5) `upStreamRatePerDevice` and `upStreamDelayBudget` are set to `null` since the user didn't mention upstream values, following the rule to not fabricate values. All argument types match the schema expectations (integers for values, proper enum strings for units, null for unspecified optional fields). The only minor note is that `downStreamDelayBudget` uses the `Duration` schema which has a `TimeUnitEnum` unit, and 'Milliseconds' is a valid value in that enum, which is correct. The structure is fully compliant with the `CreateSession` schema.
]
"
True,0.95,"[
	The agent correctly selected the 'create_session' tool, which is the only appropriate tool for deploying a network slice reservation. The parameters were well-mapped: downstream throughput of 300 Mbps per device was correctly set with value 300 and unit 'Mbps', latency of 10 ms was correctly mapped to downStreamDelayBudget with value 10 and unit 'Milliseconds' (following rule 6 since 'ms' was provided). Fields not specified by the user (serviceTime, serviceArea, maxNumOfDevices, upStreamRatePerDevice, upStreamDelayBudget) were correctly left as null, adhering to rule 8. The only minor consideration is that the user said 'latency not exceeding 10 ms' which could arguably apply to both downstream and upstream delay budgets, but the agent only set downStreamDelayBudget. However, since the user specifically mentioned downstream throughput context and didn't explicitly request upstream latency, this is a reasonable interpretation. Overall, the tool selection and parameter mapping were appropriate and correct.
	The agent correctly constructed the `create_session` tool call with well-formed arguments that match the schema expectations. Specifically: (1) `serviceTime` and `serviceArea` are correctly set to `null` since the user didn't specify them. (2) `maxNumOfDevices` is correctly `null` since the user didn't specify a total device count (they mentioned 'per device' throughput, not a count). (3) `downStreamRatePerDevice` is correctly set to `{value: 300, unit: 'Mbps'}`, matching the user's request of '300 Mbps per device'. (4) `upStreamRatePerDevice` is correctly `null` since no upstream was specified. (5) `downStreamDelayBudget` is set to `{value: 10, unit: 'Milliseconds'}`, correctly interpreting '10 ms' as 10 Milliseconds. (6) `upStreamDelayBudget` is correctly `null`. The only minor consideration is that the user said 'latency not exceeding 10 ms' which could arguably apply to both downstream and upstream delay budgets, but the agent reasonably interpreted it as downstream latency only since the user's focus was on downstream throughput. All types match the schema (integers for values, correct enum strings for units), all required fields are present, and no values were fabricated.
]
"
True,0.9,"[
	The agent correctly selected the 'create_session' tool, which is the only appropriate tool for establishing a new network slice reservation. The tool was called with the correct parameters: maxNumOfDevices set to 500, downStreamRatePerDevice set to 60 Mbps (matching the user's specified unit), and all unspecified fields (serviceTime, serviceArea, upStreamRatePerDevice, downStreamDelayBudget, upStreamDelayBudget) correctly set to null. The agent followed all the rules: it didn't fabricate values, correctly reused the user-provided unit 'Mbps', and left optional fields as null since they weren't specified by the user.
	The agent correctly called 'create_session' with well-formed arguments that match the tool's expected schema. The 'body' object includes 'serviceTime' as null, 'serviceArea' as null, and a 'sliceQosProfile' with 'maxNumOfDevices' set to 500, 'downStreamRatePerDevice' set to {value: 60, unit: 'Mbps'}, and the remaining fields ('upStreamRatePerDevice', 'downStreamDelayBudget', 'upStreamDelayBudget') set to null. All required fields in the schema are present. The values align with the user's request: 500 devices, 60 Mbps downstream per device, no service time or area specified, and no upstream/latency values fabricated. The only minor consideration is that the user mentioned 'high-capacity browsing' which could imply some upstream rate, but per the rules, fields should stay null unless the user specifies them, which the agent correctly followed. All argument types, formats, and contents are appropriate.
]
"
True,0.95,"[
	The agent correctly selected the 'create_session' tool, which is the only appropriate tool for creating a network slice reservation. The tool parameters were accurately populated: downstream rate set to 150 Mbps as specified, packet delay budget set to 15 ms with 'Milliseconds' unit (correctly interpreting 'ms'), and all unspecified fields (serviceTime, serviceArea, maxNumOfDevices, upStreamRatePerDevice, upStreamDelayBudget) were properly left as null following the rules. The agent did not fabricate any values and correctly handled the units provided by the user without asking for clarification.
	The agent correctly constructed the `create_session` tool call with well-formed arguments that match the schema expectations. Specifically: (1) `serviceTime` and `serviceArea` are correctly set to `null` since the user didn't specify them, following rule 5. (2) `maxNumOfDevices` is correctly `null` since the user didn't specify a number of devices, following rules 3 and 8. (3) `downStreamRatePerDevice` is correctly set to `{value: 150, unit: 'Mbps'}`, matching the user's request of '150 Mbps downstream per device' — the unit was provided so no clarification was needed (rule 4). (4) `upStreamRatePerDevice` is correctly `null` since the user didn't mention upstream. (5) `downStreamDelayBudget` is set to `{value: 15, unit: 'Milliseconds'}`, correctly interpreting '15 ms' as milliseconds. The user provided 'ms' which is a unit, and 'Milliseconds' is the correct enum value. (6) `upStreamDelayBudget` is correctly `null`. The only minor consideration is that the user said 'packet delay budget' without specifying downstream vs upstream explicitly, but interpreting it as downstream delay budget is reasonable given the context of prioritizing downstream user experience. All types match the schema (integers for values, correct enum strings for units, null for unspecified fields). The structure follows the required `body > CreateSession` nesting correctly.
]
"
True,0.95,"[
	The agent correctly selected the 'create_session' tool, which is the only appropriate tool for provisioning a new network slice reservation. The tool was called with the correct parameters: maxNumOfDevices set to 800, upStreamRatePerDevice set to {value: 40, unit: 'Mbps'}, and all unspecified fields (serviceTime, serviceArea, downStreamRatePerDevice, downStreamDelayBudget, upStreamDelayBudget) correctly set to null. The agent followed all the rules: it didn't fabricate values, correctly reused the 'Mbps' unit provided by the user, and left service time and area as null since they weren't specified. No unnecessary tool calls were made.
	The agent correctly called `create_session` with well-formed arguments that match the tool's expected schema. Specifically: (1) `serviceTime` is null as the user didn't specify any time period — correct per rules. (2) `serviceArea` is null as the user didn't specify a geographic area — correct per rules. (3) `maxNumOfDevices` is set to 800, matching the user's request for 'up to 800 devices'. (4) `upStreamRatePerDevice` is set to `{value: 40, unit: 'Mbps'}`, correctly reflecting the user's '40 Mbps' uplink rate with the unit already provided. (5) `downStreamRatePerDevice`, `downStreamDelayBudget`, and `upStreamDelayBudget` are all null since the user didn't specify them — correct per the rule to not fabricate values. All required fields in the schema are present, types are correct (integers for values, proper enum strings for units), and the structure matches the `CreateSession` schema. The only minor consideration is that the Rate schema specifies a maximum value of 1024, and 40 is well within that range. Everything aligns with the user's request and the tool's expected input format.
]
"
True,0.95,"[
	The agent correctly selected the 'create_session' tool, which is the only appropriate tool for creating a network slice reservation. The parameters were well-mapped: downstream rate set to 100 Mbps as specified, latency set to 20 ms with 'Milliseconds' unit (correctly assumed per rule 6 since 'ms' was provided which maps to milliseconds), and all unspecified fields (serviceTime, serviceArea, maxNumOfDevices, upStreamRatePerDevice, upStreamDelayBudget) were correctly left as null per the rules. The only minor consideration is whether the latency should have been applied to both downstream and upstream delay budgets since the user said 'latency around 20 ms' without specifying direction, but applying it only to downstream is a reasonable conservative interpretation. The tool selection was perfect - no unnecessary tools were called and no better alternative existed.
	The agent correctly called `create_session` with well-formed arguments that match the tool's expected schema. The `body` object includes `serviceTime: null`, `serviceArea: null`, and a `sliceQosProfile` with appropriate fields. The downstream rate is correctly set to `{value: 100, unit: 'Mbps'}` matching the user's '100 Mbps downstream per device'. The latency is set as `downStreamDelayBudget: {value: 20, unit: 'Milliseconds'}` which correctly interprets '20 ms' (the user provided 'ms' which maps to Milliseconds). Fields not mentioned by the user (`maxNumOfDevices`, `upStreamRatePerDevice`, `upStreamDelayBudget`) are correctly set to null, following the rule that all fields stay null unless specified. The only minor consideration is that the user said 'latency around 20 ms' without specifying it as specifically downstream latency — it could arguably apply to both upstream and downstream — but mapping it to `downStreamDelayBudget` is a reasonable interpretation for cloud-based applications where downstream is typically the primary concern. All argument types, formats, and structures match the tool's input schema correctly.
]
"
True,0.95,"[
	The agent correctly selected the 'create_session' tool, which is the only appropriate tool for deploying a network slice reservation. The tool was called with properly structured parameters: maxNumOfDevices set to 200, downStreamRatePerDevice set to 200 Mbps, and downStreamDelayBudget set to 10 Milliseconds — all matching the user's request exactly. Fields not specified by the user (serviceTime, serviceArea, upStreamRatePerDevice, upStreamDelayBudget) were correctly left as null, adhering to the rules. The 'ms' unit was correctly interpreted as 'Milliseconds'. No unnecessary or incorrect tool calls were made.
	The agent correctly called `create_session` with well-formed arguments that closely match the user's request. Specifically: (1) `maxNumOfDevices` is set to 200, matching the user's '200 devices'. (2) `downStreamRatePerDevice` is set to `{value: 200, unit: 'Mbps'}`, correctly reflecting '200 Mbps downstream rates'. (3) `downStreamDelayBudget` is set to `{value: 10, unit: 'Milliseconds'}`, correctly interpreting '10 ms' as 10 Milliseconds. (4) `serviceTime` and `serviceArea` are correctly set to `null` since the user did not specify them. (5) `upStreamRatePerDevice` and `upStreamDelayBudget` are set to `null` since the user did not mention upstream rates or upstream delay. All argument types match the expected schema: integers for values, proper enum strings for units, and null for unspecified optional fields. The only minor note is that `downStreamDelayBudget` uses the `Duration` type which expects a `TimeUnitEnum` for its unit field — 'Milliseconds' is a valid value in that enum. The structure is fully compliant with the `CreateSession` schema. The slight deduction is because the user said 'packet delay budget' generically (not specifically 'downstream delay budget'), but mapping it to `downStreamDelayBudget` is a reasonable interpretation given the context of downstream-focused requirements.
]
"
True,0.95,"[
	The agent correctly selected the 'create_session' tool, which is the only appropriate tool for creating a network slice reservation. The parameters were well-mapped: downstream rate set to 90 Mbps (matching the user's '90 Mbps' specification with the unit correctly recognized), latency/delay budget set to 30 Milliseconds (correctly interpreting 'below 30 ms' and applying the rule that 'ms' maps to Milliseconds), and all unspecified fields (serviceTime, serviceArea, maxNumOfDevices, upStreamRatePerDevice, upStreamDelayBudget) were correctly left as null per the instructions. The only minor consideration is whether 'latency below 30 ms' should map to downStreamDelayBudget alone or both downstream and upstream delay budgets, but since the user mentioned it in the context of downstream speeds, mapping it to downStreamDelayBudget is a reasonable interpretation. The tool selection and parameter population were appropriate and followed all stated rules.
	The agent correctly constructed the `create_session` tool call with well-formed arguments that align with both the tool's expected schema and the user's request. Specifically: (1) `serviceTime` and `serviceArea` are correctly set to `null` since the user did not specify them, following rule 5. (2) `maxNumOfDevices` is correctly `null` since the user did not specify a number of devices, following rule 3. (3) `downStreamRatePerDevice` is correctly set to `{value: 90, unit: 'Mbps'}`, matching the user's request for '90 Mbps' downstream speeds. The unit was provided by the user so no clarification was needed (rule 4). (4) `downStreamDelayBudget` is correctly set to `{value: 30, unit: 'Milliseconds'}`, matching the user's request for latency below 30 ms. The user said 'ms' which maps to Milliseconds (rule 6). (5) `upStreamRatePerDevice` and `upStreamDelayBudget` are correctly `null` since the user did not specify upstream requirements (rule 8). All required fields in the schema are present and properly typed. The only minor consideration is that the user said 'latency below 30 ms' which is a general latency requirement, and the agent mapped it to `downStreamDelayBudget` only (not upstream), which is a reasonable interpretation given the user's focus on downstream speeds. The arguments are well-structured and semantically appropriate.
]
"
True,0.95,"[
	The agent correctly selected the 'create_session' tool, which is the only appropriate tool for provisioning a new network slice reservation. The tool was called with the correct parameters: maxNumOfDevices set to 600, upStreamRatePerDevice set to {value: 35, unit: 'Mbps'}, and all unspecified fields (serviceTime, serviceArea, downStreamRatePerDevice, downStreamDelayBudget, upStreamDelayBudget) correctly set to null. The agent followed all the rules: it didn't fabricate values for unspecified fields, correctly reused the user-provided unit 'Mbps' without asking, and didn't treat the 'public square' mention as a service area specification (since no geographic coordinates were provided). This is an optimal and correct tool selection and usage.
	The agent correctly called `create_session` with well-formed arguments that match the tool's expected schema. Specifically: (1) `serviceTime` is null as the user didn't specify any time period — correct per rules. (2) `serviceArea` is null as the user mentioned 'public square' but didn't provide specific geographic coordinates — correct per rules (fields stay null unless user specifies them with actionable data). (3) `maxNumOfDevices` is set to 600, matching the user's request for 600 devices. (4) `upStreamRatePerDevice` is set to `{value: 35, unit: 'Mbps'}`, correctly reflecting the user's '35 Mbps' uplink rate with the unit already provided. (5) `downStreamRatePerDevice` is null since the user only specified uplink rates — correct per rules. (6) `downStreamDelayBudget` and `upStreamDelayBudget` are both null since no latency was mentioned — correct. All argument types match the schema expectations (integers for values, proper enum strings for units, null for unspecified fields). The only minor consideration is whether the 'public square' mention should have prompted a serviceArea specification, but since no specific geographic data (coordinates, radius, etc.) was provided by the user, leaving it null is appropriate per the rules.
]
"
True,0.95,"[
	The agent correctly selected the 'create_session' tool, which is the only appropriate tool for establishing a new network slice reservation. The tool parameters were well-constructed: downstream rate was set to 120 Mbps as specified, the packet delay budget was correctly placed in 'downStreamDelayBudget' with value 15 and unit 'Milliseconds' (the user said 'ms', which the agent correctly interpreted). Fields not mentioned by the user (serviceTime, serviceArea, maxNumOfDevices, upStreamRatePerDevice, upStreamDelayBudget) were correctly left as null, following the rules about not fabricating values. The only minor consideration is whether 'packet delay budget' should apply to both downstream and upstream, but since the user didn't explicitly specify upstream, leaving it null is consistent with the rules. Overall, the tool selection and parameter population were appropriate and correct.
	The agent correctly constructed the `create_session` tool call with well-formed arguments that align with both the tool's expected schema and the user's request. Specifically: (1) `serviceTime` and `serviceArea` are correctly set to `null` since the user didn't specify them (rules 5 and 8). (2) `maxNumOfDevices` is correctly `null` since the user didn't specify a number of devices (rules 3 and 8). (3) `downStreamRatePerDevice` is correctly set to `{value: 120, unit: 'Mbps'}`, matching the user's '120 Mbps downstream per device'. (4) `upStreamRatePerDevice` is correctly `null` since the user didn't mention upstream. (5) `downStreamDelayBudget` is correctly set to `{value: 15, unit: 'Milliseconds'}`, matching the user's '15 ms' packet delay budget. The user said 'packet delay budget' without specifying upstream or downstream explicitly, but mapping it to `downStreamDelayBudget` is a reasonable interpretation given the context of cloud desktops where downstream is the primary concern. However, one could argue that 'packet delay budget' might apply to both directions or could be ambiguous. (6) `upStreamDelayBudget` is correctly `null`. All types match the schema expectations (integers for values, correct enum strings for units). The only minor concern is whether 'packet delay budget of 15 ms' should have been applied to both downstream and upstream delay budgets, but the agent's interpretation is reasonable.
]
"
True,0.95,"[
	The agent correctly selected the 'create_session' tool, which is the only appropriate tool for setting up a network slice reservation. The parameters were filled accurately: downStreamRatePerDevice was set to 500 Mbps as specified, downStreamDelayBudget was set to 8 Milliseconds (correctly assuming 'ms' means Milliseconds per rule 6), and all unspecified fields (serviceTime, serviceArea, maxNumOfDevices, upStreamRatePerDevice, upStreamDelayBudget) were correctly left as null per the rules. No unnecessary tools were called, and no better tool was available.
	The agent correctly constructed the `create_session` tool call with well-formed arguments that align with both the tool's expected schema and the user's request. Specifically: (1) `serviceTime` and `serviceArea` are correctly set to `null` since the user didn't specify them (rules 5 and 8). (2) `maxNumOfDevices` is correctly `null` since the user said 'per device' but didn't specify a number of devices (rules 3 and 8). (3) `downStreamRatePerDevice` is correctly set to `{value: 500, unit: 'Mbps'}`, matching the user's '500 Mbps downstream per device'. (4) `upStreamRatePerDevice` is correctly `null` since the user didn't specify upstream. (5) `downStreamDelayBudget` is set to `{value: 8, unit: 'Milliseconds'}`, correctly interpreting '8 ms' as 8 Milliseconds (rule 6 applies, and 'ms' clearly means milliseconds). (6) `upStreamDelayBudget` is correctly `null` since the user only mentioned a latency cap without specifying upstream vs downstream — however, placing it only on downstream is a reasonable interpretation since the user mentioned 'downstream' in the context. All types match the schema expectations (integers for values, proper enum strings for units, null for unspecified fields). The only minor consideration is whether the latency cap of '8 ms' should apply to both downstream and upstream delay budgets since the user said 'latency capped at 8 ms' generically (not specifically downstream latency). This is a slight ambiguity, but the agent's interpretation is defensible given the downstream context of the request.
]
"
True,0.95,"[
	The agent correctly selected the 'create_session' tool, which is the only appropriate tool for creating a network slice reservation. The parameters were accurately populated: maxNumOfDevices set to 150, downStreamRatePerDevice set to 70 Mbps (matching the user's specified unit), and all unspecified fields (serviceTime, serviceArea, upStreamRatePerDevice, downStreamDelayBudget, upStreamDelayBudget) were correctly left as null, following the rules about not fabricating values. The tool selection and parameter usage are fully appropriate for the user's request.
	The agent correctly called `create_session` with well-formed arguments that match the tool's expected schema. The `body` object includes `serviceTime: null`, `serviceArea: null`, and a `sliceQosProfile` with `maxNumOfDevices: 150`, `downStreamRatePerDevice: {value: 70, unit: 'Mbps'}`, `upStreamRatePerDevice: null`, `downStreamDelayBudget: null`, and `upStreamDelayBudget: null`. All of these align with the user's request: 150 devices, 70 Mbps downstream, and no other fields specified. The unit 'Mbps' was correctly reused from the user's input without asking again. Fields not mentioned by the user (serviceTime, serviceArea, upstream rate, delay budgets) are correctly set to null per the system instructions. The argument types and structure match the `CreateSession` schema. The only minor note is that `serviceTime` and `serviceArea` are passed as `null` directly rather than being omitted, but since the schema requires them, passing `null` is the correct approach. Overall, the arguments are accurate and well-aligned with both the user's request and the tool's expected input format.
]
"
True,0.95,"[
	The agent correctly selected the 'create_session' tool, which is the only appropriate tool for deploying a network slice reservation. The parameters were filled accurately: downstream rate set to 80 Mbps as specified, latency (downStreamDelayBudget) set to 25 Milliseconds (correctly assuming Milliseconds for latency per rule 6), and all unspecified fields (serviceTime, serviceArea, maxNumOfDevices, upStreamRatePerDevice, upStreamDelayBudget) were correctly left as null per the rules. The unit 'Mbps' was correctly reused from the user's input without asking again (rule 4). The only minor consideration is that the user mentioned 'latency' generically which could apply to both downstream and upstream, but mapping it to downStreamDelayBudget is reasonable given the context of media consumption (primarily downstream). Overall, excellent tool selection and parameter population.
	The agent correctly constructed the `create_session` tool call with well-formed arguments that align with both the tool's expected schema and the user's request. Specifically: (1) `serviceTime` is correctly set to `null` since the user didn't specify a time period. (2) `serviceArea` is correctly set to `null` since the user mentioned 'historical district' but didn't provide specific geographic coordinates or area definitions. (3) `maxNumOfDevices` is correctly `null` since no device count was specified. (4) `downStreamRatePerDevice` is correctly set to `{value: 80, unit: 'Mbps'}` matching the user's '80 Mbps downstream per device'. (5) `upStreamRatePerDevice` is correctly `null` since no upstream rate was specified. (6) `downStreamDelayBudget` is correctly set to `{value: 25, unit: 'Milliseconds'}` — the user said '25 ms latency' and per rule 6, latency without explicit unit assumes Milliseconds, though 'ms' is a clear abbreviation for milliseconds so this is correct either way. (7) `upStreamDelayBudget` is correctly `null` since no upstream latency was specified. The only minor consideration is that the user said '25 ms latency' without specifying it as downstream-only, so one could argue both downstream and upstream delay budgets should be set to 25ms. However, since the context is 'media consumption' (primarily downstream), mapping latency to `downStreamDelayBudget` is a reasonable interpretation. All types, formats, and structures match the tool's schema perfectly.
]
"
True,0.85,"[
	The agent correctly selected the 'create_session' tool, which is the only appropriate tool for provisioning a network slice reservation. The parameters were well-constructed: upStreamRatePerDevice was set to 200 Mbps as specified, the packet delay budget of 12 ms was correctly assigned to upStreamDelayBudget with 'Milliseconds' unit (following rule 6, and contextually appropriate since the user emphasized uplink), and all unspecified fields (serviceTime, serviceArea, maxNumOfDevices, downStreamRatePerDevice, downStreamDelayBudget) were correctly left as null per the rules. The only minor consideration is whether the 12 ms delay budget should have been applied to both upstream and downstream or just upstream - the user said 'packet delay budget' generically, but given the uplink-focused context of a broadcast van, applying it to upStreamDelayBudget is a reasonable interpretation. Overall, excellent tool selection and parameter mapping.
	The agent correctly constructed the `create_session` call with appropriate argument types and structure. The `upStreamRatePerDevice` was correctly set to `{value: 200, unit: 'Mbps'}` matching the user's request. The `serviceTime`, `serviceArea`, `maxNumOfDevices`, and `downStreamRatePerDevice` were correctly left as null since the user didn't specify them. The `upStreamDelayBudget` was set to `{value: 12, unit: 'Milliseconds'}` which correctly applies the 'ms' unit as Milliseconds per rule 6. However, there is a minor issue: the user said 'packet delay budget of 12 ms' without specifying upstream vs downstream direction. The agent chose to apply it only to `upStreamDelayBudget` (leaving `downStreamDelayBudget` as null), which is a reasonable interpretation given the context of prioritizing uplink capacity for a broadcast van, but the user's mention of 'packet delay budget' could arguably apply to both directions or be ambiguous. This is a borderline judgment call rather than a clear error. All argument types, formats, and structures match the tool's expected schema correctly.
]
"
True,0.95,"[
	The agent correctly selected the 'create_session' tool, which is the only appropriate tool for establishing a new network slice reservation. The parameters were populated accurately: maxNumOfDevices set to 250, downStreamRatePerDevice set to 100 Mbps (matching the user's specified unit), and all unspecified fields (serviceTime, serviceArea, upStreamRatePerDevice, downStreamDelayBudget, upStreamDelayBudget) were correctly left as null. The agent followed all the rules: it didn't fabricate values, correctly reused the user-provided unit 'Mbps', and only populated fields explicitly mentioned by the user. No unnecessary or incorrect tool calls were made.
	The agent correctly called `create_session` with well-formed arguments that match the tool's expected schema. The `body` object includes `serviceTime: null`, `serviceArea: null`, and a `sliceQosProfile` with `maxNumOfDevices: 250`, `downStreamRatePerDevice: {value: 100, unit: 'Mbps'}`, and null values for `upStreamRatePerDevice`, `downStreamDelayBudget`, and `upStreamDelayBudget`. All of these align with the user's request: 250 devices, 100 Mbps downstream, and no other parameters specified. The types are correct (integer for maxNumOfDevices and rate value, string for unit), the unit 'Mbps' is a valid enum value, and unspecified fields are properly set to null per the system instructions. The only minor consideration is that the Rate value of 100 is within the schema's maximum of 1024, so that's fine. All required fields in the schema are present. The arguments are fully appropriate for the user's request.
]
"
True,0.95,"[
	The agent correctly selected the 'create_session' tool, which is the only appropriate tool for creating a network slice reservation. The tool parameters were accurately populated: downstream rate set to 150 Mbps as specified, downstream delay budget set to 20 Milliseconds (correctly interpreting 'ms' as Milliseconds per rule 6), and all unspecified fields (serviceTime, serviceArea, maxNumOfDevices, upStreamRatePerDevice, upStreamDelayBudget) were correctly left as null following the rules about not fabricating values. The agent also correctly reused the user-provided units (Mbps) without asking again, per rule 4.
	The agent correctly constructed the `create_session` tool call with well-formed arguments that match the schema expectations. Specifically: (1) `serviceTime` and `serviceArea` are correctly set to `null` since the user didn't specify them, following the rules. (2) `maxNumOfDevices` is correctly `null` since the user didn't specify a device count. (3) `downStreamRatePerDevice` is correctly set to `{value: 150, unit: 'Mbps'}`, matching the user's '150 Mbps downstream' request. The unit 'Mbps' is a valid enum value in `RateUnitEnum`. (4) `upStreamRatePerDevice` is correctly `null` since the user didn't specify upstream. (5) `downStreamDelayBudget` is set to `{value: 20, unit: 'Milliseconds'}`, correctly interpreting 'latency below 20 ms' as a downstream delay budget with the appropriate unit from `TimeUnitEnum`. (6) `upStreamDelayBudget` is correctly `null`. All required fields in the schema are present, types are correct, and values align with the user's request. The only minor consideration is that the user said 'latency below 20 ms' which could arguably apply to both upstream and downstream, but interpreting it as downstream delay budget is reasonable for a video feed analytics platform that primarily consumes data. This is a very minor interpretive choice rather than an argument error.
]
"
True,0.85,"[
	The agent correctly selected the 'create_session' tool, which is the appropriate tool for deploying a network slice reservation. The parameters were well-mapped: downstream rate set to 120 Mbps (matching user's '120 Mbps downstream'), delay budget set to 10 Milliseconds (matching '10 ms latency' with correct unit assumption per rule 6), and unspecified fields (serviceTime, serviceArea, maxNumOfDevices, upStreamRatePerDevice, upStreamDelayBudget) were correctly left as null per the rules. The only minor consideration is that the user mentioned 'city park' as a service area, which could arguably have been populated in the serviceArea field. However, since no specific geographic coordinates or area definition was provided, leaving it null is a reasonable interpretation. The latency was applied as downStreamDelayBudget which is reasonable for gaming (where downstream latency matters most), though one could argue it should apply to both directions. Overall, the tool selection and parameter mapping were appropriate.
	The agent correctly structured the `create_session` call with appropriate argument types and formats. The downstream rate was correctly set to 120 Mbps, and the latency was correctly set to 10 ms with 'Milliseconds' as the unit (matching rule 6). The `serviceTime` and `serviceArea` were correctly set to null per the rules (rules 5 and 8). The `maxNumOfDevices` was correctly null since the user didn't specify a number. The `upStreamRatePerDevice` and `upStreamDelayBudget` were correctly null since the user didn't specify upstream values. However, there is a minor issue: the user mentioned 'latency' generically (not specifically 'downstream latency'), which could reasonably apply to both downstream and upstream delay budgets. The agent only populated `downStreamDelayBudget`, which is a reasonable interpretation for gaming (where downstream latency matters most), but populating both delay budgets could also have been justified. Additionally, the user mentioned 'in a city park' which could be interpreted as a service area specification, but since no specific geographic coordinates or boundaries were provided, leaving `serviceArea` as null is acceptable. Overall, the arguments are well-formed, correctly typed, and mostly aligned with the user's request.
]
"
True,0.95,"[
	The agent correctly selected the 'create_session' tool, which is the only appropriate tool for provisioning a new network slice reservation. The parameters were well-mapped: downstream rate set to 90 Mbps (matching the user's '90 Mbps downstream per device'), packet delay budget set to 10 Milliseconds (correctly interpreting 'ms' as Milliseconds and applying it to downStreamDelayBudget), and all unspecified fields (serviceTime, serviceArea, maxNumOfDevices, upStreamRatePerDevice, upStreamDelayBudget) were correctly left as null per the rules. The only minor consideration is whether 'packet delay budget' should apply to both downstream and upstream delay budgets or just downstream, but applying it to downstream only is a reasonable interpretation. The tool selection and parameter population were appropriate and correct.
	The agent correctly constructed the `create_session` tool call with well-formed arguments that align with both the tool's expected schema and the user's request. Specifically: (1) `serviceTime` and `serviceArea` are correctly set to `null` since the user didn't specify them (rules 5 and 8). (2) `maxNumOfDevices` is correctly `null` since the user didn't specify a number of devices (rules 3 and 8). (3) `downStreamRatePerDevice` is correctly set to `{value: 90, unit: 'Mbps'}`, matching the user's '90 Mbps downstream per device'. (4) `upStreamRatePerDevice` is correctly `null` since the user didn't mention upstream. (5) `downStreamDelayBudget` is set to `{value: 10, unit: 'Milliseconds'}`, correctly interpreting 'packet delay budget of 10 ms' as a downstream delay budget with milliseconds unit. (6) `upStreamDelayBudget` is correctly `null`. The only minor consideration is that the user said 'packet delay budget' without specifying downstream vs upstream — the agent chose to map it to `downStreamDelayBudget` only, which is a reasonable interpretation for a downstream-focused trading use case, though one could argue it might apply to both directions. All types, formats, and structures match the tool's schema perfectly.
]
"
True,0.85,"[
	The agent correctly selected the 'create_session' tool, which is the only appropriate tool for creating a network slice reservation. The parameters were mostly well-populated: serviceTime and serviceArea are correctly null (not specified by user), maxNumOfDevices is null (not specified), downStreamRatePerDevice is null (not specified), upStreamRatePerDevice is correctly set to 20 Mbps, and the delay budget unit is correctly 'Milliseconds' (user said 'ms'). However, there is a debatable issue: the user said 'packet delay budget of 3 ms' without specifying upstream or downstream direction. The agent assigned it only to upStreamDelayBudget, which is a reasonable interpretation given the context of controlling robots with uplink emphasis, but the user's request for 'packet delay budget' could arguably apply to both directions or be ambiguous enough to warrant clarification. The tool choice itself is perfect — create_session is the correct and only relevant tool for this task.
	The agent correctly structured the `create_session` call with proper types and formats. The uplink rate of 20 Mbps is correctly represented as {'value': 20, 'unit': 'Mbps'}. The delay budget of 3 ms is correctly represented as {'value': 3, 'unit': 'Milliseconds'}. Fields not specified by the user (serviceTime, serviceArea, maxNumOfDevices, downStreamRatePerDevice, downStreamDelayBudget) are correctly set to null. However, there is a subtle issue: the user said 'packet delay budget of 3 ms' without specifying whether it applies to uplink, downlink, or both. The agent placed it only in `upStreamDelayBudget`. Given the context of controlling autonomous delivery robots (which involves sending control commands and receiving telemetry), a general 'packet delay budget' could reasonably apply to both directions. Placing it only in the uplink is a reasonable interpretation given the uplink focus of the request, but it could also be argued that both directions should have the delay budget set. This is a minor content alignment issue rather than a structural or type error.
]
"
True,0.95,"[
	The agent correctly selected the 'create_session' tool, which is the only appropriate tool for provisioning a new network slice reservation. The tool was called with properly structured parameters: maxNumOfDevices set to 60, downStreamRatePerDevice set to 30 Mbps, and downStreamDelayBudget set to 5 Milliseconds — all matching the user's request exactly. Fields not specified by the user (serviceTime, serviceArea, upStreamRatePerDevice, upStreamDelayBudget) were correctly left as null, adhering to the system instructions. The latency unit 'ms' was correctly interpreted as 'Milliseconds', and the downstream rate unit 'Mbps' was correctly reused without asking for clarification. No unnecessary tool calls were made.
	The agent correctly constructed the `create_session` tool call with well-formed arguments that match the schema and the user's request. Specifically: (1) `maxNumOfDevices` is set to 60, matching the user's '60 devices'. (2) `downStreamRatePerDevice` is set to `{value: 30, unit: 'Mbps'}`, correctly capturing '30 Mbps' downstream. (3) `downStreamDelayBudget` is set to `{value: 5, unit: 'Milliseconds'}`, correctly interpreting '5 ms' as 5 Milliseconds per the rules. (4) `serviceTime` and `serviceArea` are correctly null since the user didn't specify them. (5) `upStreamRatePerDevice` and `upStreamDelayBudget` are correctly null since the user didn't mention upstream or uplink parameters. All types match the schema expectations (integers for values, proper enum strings for units). The only minor note is that the user said 'latency capped at 5 ms' which could arguably apply to both downstream and upstream delay budgets, but the agent reasonably interpreted it as downstream-only since the user specifically mentioned 'downstream rates', making the latency context downstream-focused. This is a reasonable interpretation. All required fields in the schema are present and properly structured.
]
"
True,0.75,"[
	The agent correctly selected the 'create_session' tool, which is the appropriate tool for establishing a network slice reservation. The parameters were mostly well-configured: serviceTime and serviceArea are correctly null (not specified by user), maxNumOfDevices is null (not specified), downStreamRatePerDevice is null (not specified), upStreamRatePerDevice is correctly set to 25 Mbps, and upStreamDelayBudget is correctly set to 2 Milliseconds (unit assumed per rule 6). However, the user said 'ultra-low latency of 2 ms' without specifying it as only uplink latency — the user's phrasing suggests a general latency requirement. A reasonable interpretation could be to apply the 2 ms delay budget to both upStreamDelayBudget and downStreamDelayBudget, since the user didn't distinguish between uplink and downlink latency. The agent only set upStreamDelayBudget, which is a partially correct but debatable interpretation. The tool choice itself (create_session) was the correct and only appropriate tool for this task.
	The agent correctly structured the `create_session` call with proper types and formats. The `serviceTime` and `serviceArea` are correctly null per the rules (user didn't specify them). The `upStreamRatePerDevice` is correctly set to {value: 25, unit: 'Mbps'} matching the user's request. The `upStreamDelayBudget` is set to {value: 2, unit: 'Milliseconds'} which correctly captures the 2 ms latency requirement with the proper unit. The `maxNumOfDevices`, `downStreamRatePerDevice`, and `downStreamDelayBudget` are correctly null since the user didn't specify them. However, there is a notable issue: the user said 'ultra-low latency of 2 ms' without specifying whether this applies to uplink only, downlink only, or both. The agent only set `upStreamDelayBudget` to 2ms and left `downStreamDelayBudget` as null. A general 'latency' request could reasonably be interpreted as applying to both uplink and downlink delay budgets. While the agent's interpretation (associating latency with the uplink direction since the user emphasized uplink throughput for AGVs) is defensible, it's not clearly the only correct interpretation. The user's mention of 'ultra-low latency' appears to be a general requirement, not specifically uplink-only latency. This partial misalignment reduces the score.
]
"
True,0.85,"[
	The agent correctly selected the 'create_session' tool, which is the only appropriate tool for deploying a network slice reservation. The parameters were accurately populated: downStreamRatePerDevice was set to 50 Mbps as specified, downStreamDelayBudget was set to 1 Milliseconds (correctly assuming milliseconds per rule 6, and the user said 'ms' which confirms this), and all unspecified fields (serviceTime, serviceArea, maxNumOfDevices, upStreamRatePerDevice, upStreamDelayBudget) were correctly left as null per the rules. The user mentioned 'packet delay budget' without specifying upstream or downstream, but the agent mapped it to downStreamDelayBudget. One could argue it should also apply to upStreamDelayBudget since remote crane operation likely needs bidirectional low latency, but the user only explicitly mentioned 'downstream' in the context of throughput, and 'packet delay budget' is ambiguous. The agent's interpretation is reasonable. Overall, excellent tool selection and parameter mapping.
	The agent correctly constructed the `create_session` call with well-formed arguments that closely match the user's request. The downstream rate was correctly set to 50 Mbps, and the delay budget was correctly set to 1 Milliseconds (following rule 6 about assuming Milliseconds for latency without units, though here the user explicitly said 'ms'). The serviceTime and serviceArea are correctly null since the user didn't specify them. The maxNumOfDevices is correctly null since no device count was given. The upStreamRatePerDevice and upStreamDelayBudget are correctly null. However, there is a minor issue: the user said 'packet delay budget' without specifying direction (downstream vs upstream). The agent mapped it only to downStreamDelayBudget. A reasonable interpretation could be that 'packet delay budget' applies to both directions, or at minimum the agent could have asked for clarification. That said, mapping a general 'packet delay budget' to downstream delay budget is a defensible interpretation, especially in the context of remote crane operation where downstream (control signals to the crane) is critical. The argument types, formats, and structure all match the tool's expected schema perfectly.
]
"
True,0.9,"[
	The agent correctly selected the 'create_session' tool, which is the only appropriate tool for creating a network slice reservation. The parameters were well-constructed: maxNumOfDevices set to 120 as specified, both downStreamDelayBudget and upStreamDelayBudget set to 4 Milliseconds (correctly interpreting 'ms' as Milliseconds per rule 6), serviceTime and serviceArea correctly set to null (not specified by user), and downstream/upstream rates set to null (not specified by user). The only minor consideration is whether applying the latency budget to both upstream and downstream is the right interpretation of 'latency not exceeding 4 ms' — this is a reasonable interpretation since the user didn't specify directionality, and for railway signaling systems, both directions would logically need low latency. Tool selection and usage were appropriate and correct.
	The agent correctly called 'create_session' with well-formed arguments matching the tool's expected schema. The 'maxNumOfDevices' was set to 120 as requested. The latency of 4 ms was correctly interpreted with unit 'Milliseconds' (per rule 6, though the user did provide 'ms' which maps to Milliseconds anyway). The 'serviceTime' and 'serviceArea' were correctly set to null since the user didn't specify them (per rules 5 and 8). The 'downStreamRatePerDevice' and 'upStreamRatePerDevice' were correctly set to null since no throughput was requested. The only minor concern is that the user said 'latency not exceeding 4 ms' which could be interpreted as applying to both downstream and upstream delay budgets (which the agent did), or could be seen as a general latency requirement. Setting both downstream and upstream delay budgets to 4ms is a reasonable interpretation. All argument types, structures, and values are correct and well-aligned with the tool's input schema.
]
"
True,0.85,"[
	The agent correctly selected the 'create_session' tool, which is the only appropriate tool for provisioning a new network slice. The parameters were well-constructed: upStreamRatePerDevice was set to 40 Mbps as requested, upStreamDelayBudget was set to 5 Milliseconds (correctly assuming ms unit per rule 6), and all unspecified fields (serviceTime, serviceArea, maxNumOfDevices, downStreamRatePerDevice, downStreamDelayBudget) were correctly left as null per the rules. The user said 'latency under 5 ms' which is somewhat ambiguous — it could apply to both upstream and downstream, or just upstream given the context of uplink-focused coordination. The agent chose to apply it only to upstream delay budget, which is a reasonable interpretation given the emphasis on uplink rates. A minor consideration is whether the latency should also have been applied to downstream, but the agent's interpretation is defensible.
	The agent correctly constructed the `create_session` call with well-formed arguments that match the tool's expected schema. The `body` object includes `serviceTime: null`, `serviceArea: null`, and a `sliceQosProfile` with appropriate null values for unspecified fields (`maxNumOfDevices`, `downStreamRatePerDevice`, `downStreamDelayBudget`). The `upStreamRatePerDevice` is correctly set to `{value: 40, unit: 'Mbps'}` matching the user's request for 40 Mbps uplink. The latency of 'under 5 ms' is mapped to `upStreamDelayBudget: {value: 5, unit: 'Milliseconds'}`, which follows rule 6 (assume Milliseconds when no unit given — though 'ms' was provided, 'Milliseconds' is the correct enum value). One minor issue: the user said 'latency under 5 ms' without specifying uplink vs downlink — this is ambiguous and could reasonably apply to both directions or just generally. The agent only set `upStreamDelayBudget` and left `downStreamDelayBudget` as null. Given the context of uplink-focused emergency vehicle coordination, this is a reasonable interpretation, but setting both delay budgets could also have been justified. All argument types, structures, and formats are correct and match the schema definitions.
]
"
True,0.85,"[
	The agent correctly selected the 'create_session' tool, which is the only appropriate tool for establishing a new network slice reservation. The tool was called with properly structured parameters: downStreamRatePerDevice set to 60 Mbps (matching the user's '60 Mbps per device'), downStreamDelayBudget set to 3 Milliseconds (correctly interpreting '3 ms' as milliseconds per rule 6), and all unspecified fields (serviceTime, serviceArea, maxNumOfDevices, upStreamRatePerDevice, upStreamDelayBudget) correctly left as null per rule 8. No unnecessary tools were called, and no better tool was available.
	The agent correctly called `create_session` with well-structured arguments that closely match the user's request. The downstream rate was set to 60 Mbps and the packet delay budget to 3 ms (unit 'Milliseconds'), both matching the user's specifications. The `serviceTime`, `serviceArea`, `maxNumOfDevices`, `upStreamRatePerDevice`, and `upStreamDelayBudget` were all correctly set to null since the user did not specify them, following the rules. However, there is a minor issue: the user said 'packet delay budget of 3 ms' without specifying it as specifically downstream-only. The agent mapped it to `downStreamDelayBudget` only, which is a reasonable interpretation given the context (the user mentioned downstream rates and packet delay together for robotic assembly lines), but one could argue the user might have intended both upstream and downstream delay budgets. This is a judgment call and the agent's interpretation is defensible. All argument types, structures, and formats match the tool's expected input schema correctly.
]
"
True,0.85,"[
	The agent correctly selected the 'create_session' tool, which is the only appropriate tool for deploying a network slice reservation. The parameters were well-constructed: maxNumOfDevices set to 300 as specified, both downstream and upstream delay budgets set to 4 Milliseconds (correctly interpreting 'ms' as Milliseconds per rule 6), and serviceTime, serviceArea, downStreamRatePerDevice, and upStreamRatePerDevice correctly left as null since the user didn't specify them. The only minor consideration is whether applying the 4ms latency cap to both upstream and downstream is the best interpretation of 'latency capped at 4 ms' — it's a reasonable interpretation since the user didn't specify directionality, and for power grid protection relays, both directions would logically need low latency. Overall, the tool selection and parameter population were appropriate and aligned with the user's request and the stated rules.
	The agent correctly called `create_session` with well-formed arguments that match the tool's expected schema. Specifically: (1) `maxNumOfDevices` is correctly set to 300 as requested. (2) `serviceTime` and `serviceArea` are correctly null since the user didn't specify them. (3) `downStreamRatePerDevice` and `upStreamRatePerDevice` are correctly null since no throughput was mentioned. (4) The latency value of 4 with unit 'Milliseconds' is correct — the user said '4 ms', and 'ms' maps to 'Milliseconds'. (5) All required fields in the schema are present and properly typed. The one minor issue is that the user said 'latency capped at 4 ms' without distinguishing between downstream and upstream latency. The agent applied the 4ms cap to both `downStreamDelayBudget` and `upStreamDelayBudget`, which is a reasonable interpretation but could be seen as slightly going beyond what was explicitly stated — the user mentioned a single latency cap, and applying it to both directions is a sensible default for protection relay use cases. This is a minor judgment call rather than an error, so only a small deduction is warranted.
]
"
True,0.85,"[
	The agent correctly selected the 'create_session' tool, which is the only appropriate tool for creating a network slice reservation. The parameters were well-mapped: maxNumOfDevices=80, upStreamRatePerDevice with value=30 and unit='Mbps' (matching the user's '30 Mbps'), and upStreamDelayBudget with value=5 and unit='Milliseconds' (correctly interpreting 'latency below 5 ms'). serviceTime and serviceArea are correctly null since the user didn't specify them. downStreamRatePerDevice and downStreamDelayBudget are correctly null. The only minor consideration is that the user said 'latency below 5 ms' without specifying upstream vs downstream, and the agent assigned it only to upStreamDelayBudget. Given the context of autonomous bus control with uplink focus, this is a reasonable interpretation, though one could argue both delay budgets should be set. Overall, the tool selection and usage were appropriate and correct.
	The agent correctly called `create_session` with well-structured arguments that closely match the user's request. Specifically: (1) `maxNumOfDevices: 80` correctly reflects the user's '80 devices'. (2) `upStreamRatePerDevice: {value: 30, unit: 'Mbps'}` correctly captures the '30 Mbps uplink' requirement. (3) `serviceTime: null` and `serviceArea: null` are correct per the rules since the user didn't specify them. (4) `downStreamRatePerDevice: null` and `downStreamDelayBudget: null` are correct since the user didn't mention downstream parameters. (5) The unit 'Mbps' was correctly reused from the user's input without asking again. However, there is one issue: the user said 'latency below 5 ms' without specifying upstream vs downstream — this is a general latency requirement. The agent mapped it only to `upStreamDelayBudget` and left `downStreamDelayBudget` as null. A reasonable interpretation could be that the latency budget should apply to both directions, or at minimum the agent could have asked for clarification. That said, given the context of autonomous bus control with uplink emphasis, mapping latency to upstream is a defensible choice, though not perfectly aligned with the user's unqualified 'latency' statement. The argument types, formats, and structure all match the tool's expected schema perfectly.
]
"
True,0.85,"[
	The agent correctly selected the 'create_session' tool, which is the only appropriate tool for provisioning a network slice reservation. The parameters were well-mapped: upStreamRatePerDevice was set to 10 Mbps as requested, and the delay budget was set to 6 Milliseconds (correctly assuming ms = Milliseconds per rule 6). Fields not mentioned by the user (serviceTime, serviceArea, maxNumOfDevices, downStreamRatePerDevice, downStreamDelayBudget) were correctly left as null per the rules. The only minor consideration is that the user said 'packet delay budget of 6 ms' without specifying upstream vs downstream — the agent chose to apply it only to upStreamDelayBudget, which is a reasonable interpretation given the context of uplink-focused traffic light coordination, though applying it to both upstream and downstream could also have been valid. Overall, the tool selection and parameter usage were appropriate and correct.
	The agent correctly constructed the `create_session` call with proper structure and types. The `serviceTime` and `serviceArea` are correctly null (not specified by user). The `upStreamRatePerDevice` is correctly set to {value: 10, unit: 'Mbps'} matching the user's '10 Mbps uplink per device'. The `maxNumOfDevices`, `downStreamRatePerDevice`, and `downStreamDelayBudget` are correctly null since the user didn't specify them. However, there is a notable issue: the user said 'packet delay budget of 6 ms' without specifying whether it applies to uplink, downlink, or both. The agent assigned it only to `upStreamDelayBudget`, which is a reasonable interpretation given the context of uplink-focused traffic light coordination, but the user's phrasing 'packet delay budget' is ambiguous and could arguably apply to both directions or just generally. The unit 'Milliseconds' is correctly applied per rule 6 (ms implies milliseconds). The value 6 and unit 'Milliseconds' for the delay budget match the Duration schema correctly. All types and formats are valid. The slight deduction is for the potentially incomplete interpretation of the delay budget scope.
]
"
True,0.95,"[
	The agent correctly selected the 'create_session' tool, which is the only appropriate tool for establishing a new network slice reservation. The parameters were filled accurately: downstream rate set to 25 Mbps as specified, latency/delay budget set to 5 Milliseconds (correctly using 'Milliseconds' as the unit since 'ms' was provided), and all unspecified fields (serviceTime, serviceArea, maxNumOfDevices, upStreamRatePerDevice, upStreamDelayBudget) were correctly left as null per the rules. The only minor consideration is that the user said 'latency of 5 ms' without specifying it as downstream-only, so one could argue both downstream and upstream delay budgets should be set. However, mapping 'latency' to 'downStreamDelayBudget' is a reasonable interpretation given the context of 'downstream rates' being mentioned alongside it. Overall, the tool selection and parameter population were appropriate and well-aligned with the user's request.
	The agent correctly constructed the `create_session` tool call with well-formed arguments that align with both the tool's expected schema and the user's request. Specifically: (1) `serviceTime` and `serviceArea` are correctly set to `null` since the user didn't specify them (rule 5). (2) `maxNumOfDevices` is `null` since the user didn't mention device count (rules 3, 8). (3) `downStreamRatePerDevice` is correctly set to `{value: 25, unit: 'Mbps'}`, matching the user's '25 Mbps' specification with the correct unit from the `RateUnitEnum`. (4) `downStreamDelayBudget` is correctly set to `{value: 5, unit: 'Milliseconds'}`, matching the user's '5 ms' latency requirement — the unit 'ms' is correctly mapped to 'Milliseconds' from `TimeUnitEnum` (rule 6 also supports this default). (5) `upStreamRatePerDevice` and `upStreamDelayBudget` are correctly `null` since the user only mentioned downstream and latency without specifying upstream values (rule 8). (6) All required fields in the schema (`body`, `serviceTime`, `serviceArea`, `sliceQosProfile`, and all SliceQosProfile required fields) are present. The only minor consideration is that the user said 'latency of 5 ms' which could arguably apply to both downstream and upstream delay budgets, but the agent's interpretation of applying it only to downstream is reasonable given the user specifically mentioned 'downstream rates' alongside latency. Overall, the arguments are well-structured, correctly typed, and faithfully represent the user's request.
]
"
True,0.85,"[
	The agent correctly selected the 'create_session' tool, which is the only appropriate tool for deploying a network slice reservation. The parameters were well-constructed: maxNumOfDevices set to 50 as requested, both downStreamDelayBudget and upStreamDelayBudget set to 2 Milliseconds (correctly interpreting 'latency capped at 2 ms' as applying to both directions, and correctly using 'Milliseconds' as the unit since 'ms' was provided), serviceTime and serviceArea correctly set to null (not specified by user), and throughput rates correctly set to null (not specified by user). The only minor consideration is whether applying the latency cap to both upstream and downstream is the right interpretation — the user said 'latency capped at 2 ms' generically, so applying it to both directions is a reasonable interpretation. All rules were followed correctly.
	The agent correctly called `create_session` with well-structured arguments matching the tool's expected schema. The `maxNumOfDevices` was correctly set to 50, `serviceTime` and `serviceArea` were correctly set to null (user didn't specify them), and `downStreamRatePerDevice`/`upStreamRatePerDevice` were correctly set to null (not specified by user). The latency value of 2 with unit 'Milliseconds' is correct per the user's '2 ms' specification. The unit 'Milliseconds' is valid per the TimeUnitEnum. However, the agent applied the 2 ms latency cap to both `downStreamDelayBudget` and `upStreamDelayBudget`, whereas the user simply said 'latency capped at 2 ms' without distinguishing direction. This is a reasonable interpretation for industrial robots (both directions matter), but it is a slight assumption rather than strictly what was stated. A more conservative approach might have been to ask which direction(s), though applying it to both is arguably the most natural interpretation. Overall, the arguments are well-formed, correctly typed, and closely aligned with the user's request.
]
"
True,0.85,"[
	The agent correctly selected the 'create_session' tool, which is the only appropriate tool for creating a network slice reservation. The tool parameters were accurately populated: upStreamRatePerDevice was set to 20 Mbps as requested, upStreamDelayBudget was set to 7 Milliseconds (correctly assuming Milliseconds for 'ms' as per rule 6), and all unspecified fields (serviceTime, serviceArea, maxNumOfDevices, downStreamRatePerDevice, downStreamDelayBudget) were correctly left as null following rule 8. The agent did not make unnecessary tool calls and correctly interpreted the user's requirements without fabricating values.
	The agent correctly constructed the `create_session` tool call with well-formed arguments that closely match the user's request. The uplink rate was correctly set to 20 Mbps (`upStreamRatePerDevice: {value: 20, unit: 'Mbps'}`), and the packet delay budget of 7 ms was correctly mapped to `upStreamDelayBudget: {value: 7, unit: 'Milliseconds'}`. Fields not specified by the user (`serviceTime`, `serviceArea`, `maxNumOfDevices`, `downStreamRatePerDevice`, `downStreamDelayBudget`) were correctly set to null, following the rules about not fabricating values. However, there is a minor concern: the user said 'packet delay budget' without specifying upstream or downstream direction. The agent chose to map it to `upStreamDelayBudget`, which is a reasonable interpretation given the context of uplink-focused agriculture machinery control, but the user's intent could also have been for both directions or just a general packet delay budget. This is a slight ambiguity in interpretation rather than a clear error. All argument types, structures, and formats match the tool's expected input schema perfectly.
]
"
True,0.9,"[
	The agent correctly selected the 'create_session' tool, which is the only appropriate tool for provisioning a new network slice. The parameters were well-constructed: maxNumOfDevices set to 150 as specified, both downStreamDelayBudget and upStreamDelayBudget set to 5 Milliseconds (correctly interpreting 'latency under 5 ms' as applying to both directions, and correctly using 'Milliseconds' as the unit since 'ms' was provided), serviceTime and serviceArea correctly set to null since they weren't specified, and throughput rates correctly set to null since they weren't mentioned. The only minor consideration is whether 'latency under 5 ms' should apply to both upstream and downstream delay budgets or just one, but applying it to both is a reasonable and conservative interpretation for automated warehouse sorting systems. No unnecessary tools were called.
	The agent correctly called `create_session` with well-formed arguments matching the tool's expected schema. Specifically: (1) `serviceTime` and `serviceArea` are correctly set to `null` since the user didn't specify them, following the rules. (2) `maxNumOfDevices` is correctly set to 150 as requested. (3) `downStreamRatePerDevice` and `upStreamRatePerDevice` are correctly `null` since no throughput was mentioned. (4) The delay budgets use value 5 with unit 'Milliseconds', which correctly matches the user's 'under 5 ms' request — the unit 'ms' is properly interpreted as Milliseconds. (5) Both `downStreamDelayBudget` and `upStreamDelayBudget` are set to 5ms, which is a reasonable interpretation of 'latency under 5 ms' since the user didn't distinguish between upstream and downstream latency. The only minor consideration is that the user said 'under 5 ms' which implies strictly less than 5, but the tool accepts a budget value and 5 is the closest reasonable representation. All types, structures, and required fields are properly provided. A small deduction is made because applying the latency to both upstream and downstream is an assumption (though a reasonable one), as the user simply said 'latency' without specifying direction.
]
"
True,0.85,"[
	The agent correctly selected the 'create_session' tool, which is the appropriate tool for establishing a network slice reservation. The parameters were well-constructed: maxNumOfDevices set to 400 as requested, serviceTime and serviceArea correctly set to null (not specified by user), downStreamRatePerDevice and upStreamRatePerDevice correctly set to null (not specified), and both downStreamDelayBudget and upStreamDelayBudget set to 6 Milliseconds matching the user's 'latency capped at 6 ms' request. The unit 'Milliseconds' was correctly assumed per rule 6 since 'ms' is a common abbreviation for milliseconds. A minor consideration is whether applying the latency cap to both upstream and downstream is the right interpretation of 'latency capped at 6 ms' — the user said 'latency' generically, so applying it to both directions is a reasonable interpretation. No unnecessary tools were called, and no better tool was available.
	The agent called `create_session` with well-structured arguments that mostly align with the user's request and the tool's expected schema. Specifically: (1) `maxNumOfDevices` is correctly set to 400 as requested. (2) `serviceTime` and `serviceArea` are correctly null since the user didn't specify them. (3) `downStreamRatePerDevice` and `upStreamRatePerDevice` are correctly null since no throughput was mentioned. (4) The latency unit 'Milliseconds' is correctly applied since the user said 'ms'. (5) The latency value of 6 is correct. However, the user said 'latency capped at 6 ms' without distinguishing between downstream and upstream latency. The agent applied the 6 ms cap to both `downStreamDelayBudget` and `upStreamDelayBudget`, which is a reasonable interpretation of a general latency cap, though one could argue it should only be set once or that the user's intent was ambiguous. This is a minor issue since applying it to both directions is a safe and defensible interpretation for a safety system. All argument types, structures, and formats match the tool's input schema correctly.
]
"
True,0.9,"[
	The agent correctly selected the 'create_session' tool, which is the only appropriate tool for creating a network slice reservation. The parameters were well-mapped: downstream rate set to 80 Mbps (matching the user's '80 Mbps downstream per device'), latency set to 5 Milliseconds (correctly interpreting 'ms' as Milliseconds per rule 6, though the user did provide 'ms' as a unit), and all unspecified fields (serviceTime, serviceArea, maxNumOfDevices, upStreamRatePerDevice, upStreamDelayBudget) correctly left as null per the rules. The only minor consideration is whether the latency should apply to both downstream and upstream delay budgets since the user said 'latency of 5 ms' generically rather than specifying downstream-only, but the agent's interpretation of applying it to downstream delay budget is reasonable given the context of 'downstream per device' in the request. Overall, the tool selection and parameter population were appropriate and correct.
	The agent correctly constructed the `create_session` tool call with well-formed arguments that align with the user's request. Specifically: (1) `downStreamRatePerDevice` was set to `{value: 80, unit: 'Mbps'}`, matching the user's '80 Mbps downstream per device'. (2) `downStreamDelayBudget` was set to `{value: 5, unit: 'Milliseconds'}`, correctly interpreting '5 ms' as 5 Milliseconds. (3) `serviceTime`, `serviceArea`, `maxNumOfDevices`, `upStreamRatePerDevice`, and `upStreamDelayBudget` were all set to `null`, correctly following the rule that fields stay null unless specified by the user. The only minor concern is that the user said 'latency of 5 ms' which could arguably apply to both downstream and upstream delay budgets (not just downstream), but interpreting it as downstream delay budget is a reasonable interpretation given the context of 'downstream per device' being the primary focus. All argument types, formats, and structures match the expected schema perfectly.
]
"
False,0.0,"[
	The agent selected the correct tool (create_session) for creating a network slice reservation, which is appropriate. However, the agent made 8 parallel create_session calls instead of a single one for the user's single request. The user asked for one slice for autonomous mining vehicles with 70 devices and 4 ms packet delay budget. None of the 8 tool calls match the user's request correctly: none have maxNumOfDevices=70, and none have a delay budget of 4 ms. The agent appears to have been processing multiple unrelated requests or hallucinating parameters. The correct behavior would have been a single create_session call with maxNumOfDevices=70, downStreamDelayBudget={value:4, unit:'Milliseconds'}, upStreamDelayBudget={value:4, unit:'Milliseconds'} (or at least one of them), and all other fields as null. The tool choice (create_session) was correct in principle, but the execution was wildly incorrect with fabricated values and unnecessary duplicate calls.
	The user requested a single network slice for autonomous mining vehicles with 70 devices and a packet delay budget of 4 ms. However, the agent made 8 separate create_session calls, none of which match the user's request. None of the calls include maxNumOfDevices=70 or a delay budget of 4 ms. The agent appears to have hallucinated multiple unrelated slice configurations (e.g., 200 devices with 5ms delay, 3000 devices with 1 Mbps upstream, 2500 devices with 100ms delay, etc.) that were never requested by the user. Additionally, the last tool call (toolu_014sHcAEgVgiWna9aVgFShCj) passes an empty input object, missing the required 'body' field entirely. The correct single call should have been: body with serviceTime=null, serviceArea=null, sliceQosProfile with maxNumOfDevices=70, downStreamRatePerDevice=null, upStreamRatePerDevice=null, downStreamDelayBudget={'value': 4, 'unit': 'Milliseconds'}, upStreamDelayBudget={'value': 4, 'unit': 'Milliseconds'} (or at least one of the delay budgets set to 4ms depending on interpretation of 'packet delay budget'). The arguments passed are completely misaligned with the user's request.
]
"
True,0.75,"[
	The agent correctly selected the 'create_session' tool, which is the appropriate tool for provisioning a network slice. The parameters were mostly well-constructed: serviceTime and serviceArea are null (as per rules), maxNumOfDevices and downStreamRatePerDevice are null (not specified by user), upStreamRatePerDevice is correctly set to 15 Mbps, and the delay budgets use 'Milliseconds' unit with value 2. However, there's a minor issue: the user said 'latency not exceeding 2 ms' without specifying whether it applies to downstream, upstream, or both. The agent applied it to both downStreamDelayBudget and upStreamDelayBudget, which is a reasonable interpretation for industrial motion control (where bidirectional low latency matters). The downStreamRatePerDevice is correctly null since the user only specified uplink rates. Overall, the tool selection was correct and the parameterization was reasonable.
	The agent correctly used the create_session tool with well-structured arguments matching the schema. The upStreamRatePerDevice was correctly set to {value: 15, unit: 'Mbps'} matching the user's request. The upStreamDelayBudget was correctly set to {value: 2, unit: 'Milliseconds'} matching the user's '2 ms' latency requirement. serviceTime, serviceArea, maxNumOfDevices, and downStreamRatePerDevice were correctly set to null since the user didn't specify them. However, the agent also populated downStreamDelayBudget with {value: 2, unit: 'Milliseconds'}, which the user did not explicitly request — the user said 'latency not exceeding 2 ms' which is ambiguous but could reasonably be interpreted as applying to both directions. This is a borderline decision; per rule 8 ('All fields stay null unless the user specifies them, never fabricate values'), a stricter interpretation would leave downStreamDelayBudget as null since the user only mentioned uplink rates, suggesting the latency requirement might only apply to uplink. However, 'latency' without directional qualification could also reasonably apply to both. This is a minor issue that slightly reduces the score.
]
"
True,0.85,"[
	The agent correctly selected the 'create_session' tool, which is the only appropriate tool for establishing a new network slice reservation. The parameters were well-constructed: maxNumOfDevices set to 200 as requested, both downStreamDelayBudget and upStreamDelayBudget set to 5 Milliseconds (correctly assuming ms means Milliseconds per rule 6), serviceTime and serviceArea correctly set to null (per rules 5 and 8), and throughput rates correctly set to null since the user didn't specify them (per rule 8). The only minor consideration is whether 'latency capped at 5 ms' should apply to both upstream and downstream delay budgets or just one, but applying it to both is a reasonable interpretation for a general latency cap. The tool selection and parameter population were appropriate and correct.
	The agent called 'create_session' with well-structured arguments that largely match the tool's expected schema. The 'maxNumOfDevices' is correctly set to 200, 'serviceTime' and 'serviceArea' are correctly null (user didn't specify them), 'downStreamRatePerDevice' and 'upStreamRatePerDevice' are correctly null (not specified by user), and the delay budgets use value 5 with unit 'Milliseconds' which aligns with the user's '5 ms' specification and rule 6. The only minor concern is that the user said 'latency capped at 5 ms' generically, and the agent applied this to both downstream and upstream delay budgets. This is a reasonable interpretation since the user didn't distinguish between upstream and downstream latency — applying the cap to both directions is a defensible choice. All argument types, structures, and formats conform to the tool's input schema. The slight deduction is because one could argue the user's single latency mention could have been handled differently (e.g., asking for clarification on whether it applies to both directions), but the agent's interpretation is reasonable and not incorrect.
]
"
True,0.7,"[
	The agent correctly chose the 'create_session' tool, which is the appropriate tool for deploying a network slice reservation. The downstream rate (1 Gbps) and delay budget unit (ms → Milliseconds) were correctly mapped. However, there is an issue: the user specified 'packet delay budget of 1 ms' without distinguishing between upstream and downstream delay. The agent populated both downStreamDelayBudget and upStreamDelayBudget with the same value. While 'packet delay budget' is ambiguous, it could reasonably be interpreted as applying to both directions, but it could also be argued that only the explicitly mentioned field should be set (per rule 8: 'All fields stay null unless the user specifies them'). The upStreamRatePerDevice was correctly left as null since the user didn't specify it. The serviceTime and serviceArea were correctly left as null. The tool selection itself (create_session) was the correct and only appropriate choice from the available tools.
	The agent correctly populated downStreamRatePerDevice with value 1 and unit 'Gbps', and downStreamDelayBudget with value 1 and unit 'Milliseconds', matching the user's request. serviceTime, serviceArea, and maxNumOfDevices are correctly null since the user didn't specify them. upStreamRatePerDevice is correctly null. However, the agent set upStreamDelayBudget to {value: 1, unit: 'Milliseconds'}, which the user did not request — the user only mentioned 'packet delay budget of 1 ms' which is ambiguous but could reasonably be interpreted as applying to both directions. Still, per rule 8 ('All fields stay null unless the user specifies them, never fabricate values'), the upstream delay budget was not explicitly requested and should arguably remain null. The argument types and structure are all correct and match the tool's expected schema.
]
"
True,0.95,"[
	The agent correctly selected the 'create_session' tool, which is the only appropriate tool for creating a network slice reservation. The tool was called with properly structured parameters: maxNumOfDevices set to 3000, upStreamRatePerDevice set to {value: 1, unit: 'Mbps'}, and all unspecified fields (serviceTime, serviceArea, downStreamRatePerDevice, downStreamDelayBudget, upStreamDelayBudget) correctly set to null. The agent followed all the rules: it didn't fabricate values, correctly reused the user-provided unit 'Mbps' without asking, and left optional fields as null. The tool selection and parameter population were entirely appropriate for the user's request.
	The agent correctly constructed the `create_session` tool call with well-formed arguments that match the schema and the user's request. Specifically: (1) `serviceTime` is null as the user didn't specify any time period — correct per rules. (2) `serviceArea` is null as the user mentioned 'city district' but didn't provide specific geographic coordinates — correct per rules (service area stays null unless explicitly specified with actionable data). (3) `maxNumOfDevices` is set to 3000, matching the user's 'up to 3000 devices'. (4) `upStreamRatePerDevice` has value 1 and unit 'Mbps', correctly matching the user's '1 Mbps' uplink rate with the unit already provided. (5) `downStreamRatePerDevice` is null since the user only specified uplink. (6) Both delay budgets are null since no latency was mentioned. All required fields in the schema are present, types are correct (integers for numeric values, strings for enums, nulls where appropriate), and no values were fabricated. The only minor consideration is whether 'Mbps' is a valid enum value — checking the RateUnitEnum, 'Mbps' is indeed listed. Everything aligns properly with both the tool schema and the user's request.
]
"
True,0.75,"[
	The agent correctly selected the 'create_session' tool, which is the appropriate tool for provisioning a network slice reservation. The parameters were mostly well-formed: maxNumOfDevices was set to 2500, serviceTime and serviceArea were correctly set to null, and downStreamRatePerDevice/upStreamRatePerDevice were set to null as the user didn't specify them. The delay budget was correctly set to 100 Milliseconds (ms maps to Milliseconds). However, the user said 'packet delay budget of 100 ms' without specifying upstream vs downstream separately, and the agent applied it to both downStreamDelayBudget and upStreamDelayBudget. This is a reasonable interpretation since 'packet delay budget' is a general term, but it could be argued that applying it to both directions is an assumption. The unit 'Milliseconds' was correctly used since the user provided 'ms' as the unit. Overall, the tool selection was correct and the parameterization was reasonable.
	The agent called 'create_session' with mostly correct arguments. The 'maxNumOfDevices' was correctly set to 2500, 'serviceTime' and 'serviceArea' were correctly null, and 'downStreamRatePerDevice'/'upStreamRatePerDevice' were correctly null. The delay budget value of 100 with unit 'Milliseconds' is correct since the user specified '100 ms'. However, the user said 'packet delay budget of 100 ms' without specifying whether it applies to downstream, upstream, or both. The agent applied it to both 'downStreamDelayBudget' and 'upStreamDelayBudget', which is a reasonable interpretation but could be seen as fabricating a value for one direction if the user only intended one. This is a minor issue since applying a general 'packet delay budget' to both directions is a defensible default. All argument types and structures match the expected schema correctly.
]
"
True,0.95,"[
	The agent correctly selected the 'create_session' tool, which is the only appropriate tool for establishing a new network slice reservation. The tool was called with properly structured parameters: maxNumOfDevices set to 4000, upStreamRatePerDevice with value 500 and unit 'kbps' (matching the user's specification), and all unspecified fields (serviceTime, serviceArea, downStreamRatePerDevice, downStreamDelayBudget, upStreamDelayBudget) correctly set to null. The agent followed all the rules: it didn't fabricate values, correctly reused the user-provided unit 'kbps' without asking, and left optional fields as null. This is the ideal tool selection and parameterization for the user's request.
	The agent correctly called `create_session` with well-formed arguments that match the tool's expected schema. Specifically: (1) `serviceTime` is null as the user didn't specify it — correct per rules. (2) `serviceArea` is null as the user didn't specify it — correct per rules. (3) `sliceQosProfile.maxNumOfDevices` is set to 4000, matching the user's request for 4000 devices. (4) `upStreamRatePerDevice` has value 500 and unit 'kbps', correctly matching the user's '500 kbps' specification. The unit 'kbps' is a valid enum value in `RateUnitEnum`. (5) `downStreamRatePerDevice` is null since the user only specified uplink rates — correct per rule 8. (6) `downStreamDelayBudget` and `upStreamDelayBudget` are both null since the user didn't specify latency — correct. All required fields in the schema are present, types are correct, and values align with the user's request. The only minor note is that the Rate schema specifies a maximum value of 1024 for the rate value field, and 500 is within that range, so this is fine. All arguments are appropriate and well-formed.
]
"
True,0.85,"[
	The agent correctly selected the 'create_session' tool, which is the appropriate tool for deploying/creating a network slice reservation. The parameters were well-constructed: maxNumOfDevices set to 1800 as specified, both downStreamDelayBudget and upStreamDelayBudget set to 150 Milliseconds (the user said 'latency tolerance' which reasonably applies to both directions, and 'ms' was correctly interpreted as Milliseconds), serviceTime and serviceArea correctly set to null since the user didn't specify them, and downStreamRatePerDevice/upStreamRatePerDevice correctly set to null since no throughput was mentioned. The only minor consideration is whether applying the latency to both upstream and downstream is the ideal interpretation of 'latency tolerance of 150 ms' — it's a reasonable assumption but the agent could have asked for clarification. Overall, the tool selection and parameter population were appropriate and followed the stated rules.
	The agent correctly called 'create_session' with well-structured arguments matching the tool's expected schema. The 'maxNumOfDevices' was correctly set to 1800, 'serviceTime' and 'serviceArea' were correctly set to null (not specified by user), and 'downStreamRatePerDevice'/'upStreamRatePerDevice' were correctly set to null. The latency value of 150 was correctly captured with unit 'Milliseconds' (the user said 'ms', which maps correctly). However, the user said 'latency tolerance of 150 ms' without specifying whether it applies to downstream, upstream, or both. The agent applied it to both downStreamDelayBudget and upStreamDelayBudget, which is a reasonable interpretation but could be seen as slightly over-specifying since the user didn't explicitly say 'both directions.' This is a minor issue as applying latency tolerance to both directions is a sensible default for a general latency requirement. All argument types, structures, and formats match the tool's input schema correctly.
]
"
True,0.95,"[
	The agent correctly selected the 'create_session' tool, which is the only appropriate tool for creating a network slice reservation. The tool was called with the correct parameters: maxNumOfDevices set to 1200, upStreamRatePerDevice set to {value: 800, unit: 'kbps'}, and all other fields (serviceTime, serviceArea, downStreamRatePerDevice, downStreamDelayBudget, upStreamDelayBudget) correctly set to null since the user did not specify them. The agent properly reused the 'kbps' unit provided by the user without asking for clarification, following the rules. No unnecessary tools were called, and no better tool was available.
	The agent correctly constructed the `create_session` tool call with well-formed arguments that match the schema and the user's request. Specifically: (1) `serviceTime` is null as the user didn't specify it — correct per rules. (2) `serviceArea` is null as the user didn't specify it — correct per rules. (3) `maxNumOfDevices` is set to 1200, matching the user's request for 1200 devices. (4) `upStreamRatePerDevice` has value 800 and unit 'kbps', correctly matching the user's '800 kbps' specification. The unit 'kbps' is a valid enum value in `RateUnitEnum`. (5) `downStreamRatePerDevice` is null since the user only specified uplink rates — correct per rules about not fabricating values. (6) Both delay budgets are null since the user didn't mention latency — correct. All required fields in the schema (`serviceTime`, `serviceArea`, `sliceQosProfile`, and all fields within `SliceQosProfile`) are present. The types are correct (integer for value, string for unit, null for unspecified fields). The only minor note is that the Rate schema specifies a maximum of 1024 for the value field, and 800 is within that range. Everything aligns properly with the user's request and the tool's expected input schema.
]
"
True,0.75,"[
	The agent correctly selected the 'create_session' tool, which is the appropriate tool for provisioning a network slice reservation. The parameters were mostly well-constructed: maxNumOfDevices was set to 2200, serviceTime and serviceArea were correctly set to null, and downStreamRatePerDevice/upStreamRatePerDevice were set to null since the user didn't specify them. The delay budget was correctly set to 200 Milliseconds (the user provided 'ms' which maps to Milliseconds). However, the agent applied the packet delay budget to both downstream and upstream delay budgets, whereas the user only mentioned a generic 'packet delay budget of 200 ms' without specifying direction. This is a reasonable interpretation since a generic packet delay budget could apply to both directions, but it could also be argued that the agent should have asked for clarification or set only one. The tool choice itself was perfect — create_session is the only appropriate tool for this task.
	The agent called 'create_session' with a well-structured body matching the expected schema. The 'maxNumOfDevices' was correctly set to 2200, 'serviceTime' and 'serviceArea' were correctly null, and 'downStreamRatePerDevice'/'upStreamRatePerDevice' were correctly null since the user didn't specify them. The delay budget value of 200 with unit 'Milliseconds' is correct since the user said '200 ms'. However, the user said 'packet delay budget of 200 ms' without distinguishing between downstream and upstream delay budgets. The agent applied 200 ms to both 'downStreamDelayBudget' and 'upStreamDelayBudget', which is a reasonable interpretation but could be seen as slightly over-specifying — the user mentioned a single 'packet delay budget' and the agent populated both directions. This is a defensible choice but introduces a minor ambiguity. Overall, the argument types, structure, and values are well-formed and largely aligned with the user's request.
]
"
True,0.95,"[
	The agent correctly selected the 'create_session' tool, which is the only appropriate tool for establishing a new network slice reservation. The tool was called with the correct parameters: maxNumOfDevices set to 3500, upStreamRatePerDevice set to {value: 300, unit: 'kbps'}, and all other fields (serviceTime, serviceArea, downStreamRatePerDevice, downStreamDelayBudget, upStreamDelayBudget) correctly set to null since the user did not specify them. The agent properly reused the 'kbps' unit provided by the user without asking for clarification, following the rules. No unnecessary or incorrect tool calls were made.
	The agent correctly called `create_session` with well-formed arguments that match the tool's expected schema. The `body` object includes `serviceTime: null`, `serviceArea: null`, and a `sliceQosProfile` with `maxNumOfDevices: 3500`, `upStreamRatePerDevice: {value: 300, unit: 'kbps'}`, and all other QoS fields set to null. This aligns perfectly with the user's request for 3500 devices and 300 kbps uplink. The unit 'kbps' matches the RateUnitEnum. All required fields in the schema are present. The only minor note is that the Rate value of 300 is within the schema's maximum of 1024, so that's fine. All unspecified fields are correctly left as null per the system instructions. The arguments are fully appropriate and correctly structured.
]
"
True,0.85,"[
	The agent correctly selected the 'create_session' tool, which is the appropriate tool for deploying a network slice reservation. The parameters were well-constructed: maxNumOfDevices set to 900 as specified, both downStreamDelayBudget and upStreamDelayBudget set to 250 Milliseconds (the user said 'latency tolerance' which reasonably applies to both directions, and 'ms' was correctly interpreted as Milliseconds), serviceTime and serviceArea correctly set to null since the user didn't specify them, and throughput rates correctly set to null since they weren't mentioned. The only minor consideration is whether applying the latency to both upstream and downstream is the best interpretation of a general 'latency tolerance' statement, but this is a reasonable default interpretation. All rules were followed correctly.
	The agent correctly called `create_session` with well-formed arguments that match the tool's expected schema. Specifically: (1) `maxNumOfDevices` is correctly set to 900 as requested. (2) `serviceTime` and `serviceArea` are correctly null since the user didn't specify them. (3) `downStreamRatePerDevice` and `upStreamRatePerDevice` are correctly null since no throughput was mentioned. (4) The latency value of 250 is correctly used with unit 'Milliseconds', matching the user's '250 ms'. (5) The structure matches the CreateSession schema with all required fields present. The only minor concern is that the user said 'latency tolerance of 250 ms' without specifying whether it applies to downstream, upstream, or both. The agent applied it to both `downStreamDelayBudget` and `upStreamDelayBudget`, which is a reasonable interpretation but could be debated — the user's intent was ambiguous. This is a defensible choice but slightly assumes beyond what was explicitly stated. All argument types, formats, and structures are correct and well-formed.
]
"
True,0.95,"[
	The agent correctly selected the 'create_session' tool, which is the only appropriate tool for creating a network slice reservation. The tool was called with the correct parameters: maxNumOfDevices set to 1600, upStreamRatePerDevice set to {value: 1, unit: 'Mbps'}, and all unspecified fields (serviceTime, serviceArea, downStreamRatePerDevice, downStreamDelayBudget, upStreamDelayBudget) correctly set to null. The agent properly followed the rules by not fabricating any values and correctly reusing the user-provided unit 'Mbps' without asking for clarification.
	The agent correctly called `create_session` with well-formed arguments that match the tool's expected schema. Specifically: (1) `serviceTime` is null as the user didn't specify it — correct per rules. (2) `serviceArea` is null as the user didn't specify it — correct per rules. (3) `sliceQosProfile.maxNumOfDevices` is set to 1600, matching the user's request for 1600 devices. (4) `upStreamRatePerDevice` is set to `{value: 1, unit: 'Mbps'}`, correctly reflecting the user's '1 Mbps' uplink rate with the unit already provided. (5) `downStreamRatePerDevice` is null since the user didn't specify downstream rates. (6) Both delay budgets are null since the user didn't mention latency. All argument types match the schema expectations (integers for values, proper enum strings for units, null for unspecified fields). The only minor consideration is that the schema shows `Rate.value` has a maximum of 1024, and 1 is well within range. All required fields in the schema are present. The arguments are fully aligned with the user's request and the system rules.
]
"
True,0.75,"[
	The agent correctly selected the 'create_session' tool, which is the appropriate tool for provisioning a network slice reservation. The parameters were mostly well-constructed: maxNumOfDevices was set to 2800 as requested, serviceTime and serviceArea were correctly set to null, and downStreamRatePerDevice/upStreamRatePerDevice were set to null since the user didn't specify them. The delay budget value of 120 with unit 'Milliseconds' is correct since the user specified 'ms'. However, the user said 'packet delay budget of 120 ms' without specifying whether it's upstream, downstream, or both. The agent applied it to both downStreamDelayBudget and upStreamDelayBudget, which is a reasonable interpretation but could be seen as slightly over-interpreting the request. A more conservative approach might have been to ask the user for clarification on whether the delay budget applies to downstream, upstream, or both. Despite this minor issue, the tool selection itself was correct and the only appropriate tool for this task.
	The agent called `create_session` with a well-structured body that correctly sets `maxNumOfDevices` to 2800, `serviceTime` and `serviceArea` to null (as per rules), and `downStreamRatePerDevice`/`upStreamRatePerDevice` to null (not specified by user). The delay budget value of 120 with unit 'Milliseconds' is correct since the user said '120 ms'. However, the user said 'packet delay budget of 120 ms' without specifying whether it applies to downstream, upstream, or both. The agent applied it to both `downStreamDelayBudget` and `upStreamDelayBudget`, which is a reasonable interpretation but could be seen as fabricating a value for one direction if the user only intended one. This is a minor issue since applying a general 'packet delay budget' to both directions is a defensible default. All argument types, structures, and formats match the tool's expected input schema correctly.
]
"
True,0.95,"[
	The agent correctly selected the 'create_session' tool, which is the only appropriate tool for establishing a new network slice reservation. The tool was called with the correct parameters: maxNumOfDevices set to 1400, upStreamRatePerDevice set to {value: 600, unit: 'kbps'}, and all unspecified fields (serviceTime, serviceArea, downStreamRatePerDevice, downStreamDelayBudget, upStreamDelayBudget) correctly set to null. The agent followed all the rules: it used the user-provided unit 'kbps' without asking, didn't fabricate any values, and only populated fields explicitly mentioned by the user. No unnecessary or incorrect tool calls were made.
	The agent correctly called `create_session` with well-formed arguments that match the tool's expected schema. Specifically: (1) `serviceTime` is null as the user didn't specify it — correct per rules. (2) `serviceArea` is null as the user didn't specify it — correct per rules. (3) `sliceQosProfile.maxNumOfDevices` is 1400, matching the user's request for 1400 devices. (4) `upStreamRatePerDevice` has value 600 and unit 'kbps', correctly matching the user's '600 kbps' specification. The unit 'kbps' is a valid enum value in `RateUnitEnum`. (5) `downStreamRatePerDevice` is null since the user only specified uplink rates — correct per rule 8. (6) `downStreamDelayBudget` and `upStreamDelayBudget` are both null since no latency was specified — correct. All required fields in the schema are present, types are correct, and no values were fabricated. The only minor note is that the Rate schema specifies a maximum value of 1024 for the rate value field, and 600 is within that range. Everything aligns perfectly with the user's request and the tool's expected input schema.
]
"
True,0.85,"[
	The agent correctly selected the 'create_session' tool, which is the appropriate tool for deploying a network slice reservation. The parameters were well-constructed: maxNumOfDevices set to 2000 as requested, both downStreamDelayBudget and upStreamDelayBudget set to 180 Milliseconds (the user said 'latency tolerance' which reasonably applies to both directions, and 'ms' correctly maps to 'Milliseconds'), serviceTime and serviceArea correctly set to null since the user didn't specify them, and downstream/upstream rates set to null since no throughput was mentioned. The only minor consideration is whether 'latency tolerance' should apply to both upstream and downstream or just one direction, but applying it to both is a reasonable interpretation for pipeline pressure sensors. The tool selection was exactly right given the available primitives.
	The agent correctly called `create_session` with well-formed arguments that match the tool's expected schema. The `maxNumOfDevices` was correctly set to 2000, `serviceTime` and `serviceArea` were correctly set to null (as the user didn't specify them), and `downStreamRatePerDevice`/`upStreamRatePerDevice` were correctly set to null. The latency value of 180 with unit 'Milliseconds' matches the user's '180 ms' specification. The unit 'Milliseconds' is correct per rule 6 and also matches the explicit 'ms' provided by the user. The only minor concern is that the user said 'latency tolerance of 180 ms' without specifying whether it applies to downstream, upstream, or both. The agent applied it to both `downStreamDelayBudget` and `upStreamDelayBudget`, which is a reasonable interpretation but could be seen as slightly over-specifying since the user didn't explicitly say 'both directions.' However, for a general latency tolerance, applying it symmetrically is a defensible choice. All argument types, structures, and formats are correct and match the schema expectations.
]
"
True,0.95,"[
	The agent correctly selected the 'create_session' tool, which is the only appropriate tool for creating a network slice reservation. The tool was called with the correct parameters: maxNumOfDevices set to 1100, upStreamRatePerDevice set to {value: 700, unit: 'kbps'}, and all other fields (serviceTime, serviceArea, downStreamRatePerDevice, downStreamDelayBudget, upStreamDelayBudget) correctly set to null since the user did not specify them. The agent properly reused the 'kbps' unit provided by the user without asking for clarification, following the system rules. No unnecessary tools were called, and no better tool was available.
	The agent correctly called `create_session` with well-formed arguments that match the tool's expected schema. The `body` object includes `serviceTime: null`, `serviceArea: null`, and a `sliceQosProfile` with `maxNumOfDevices: 1100`, `upStreamRatePerDevice: {value: 700, unit: 'kbps'}`, and null values for `downStreamRatePerDevice`, `downStreamDelayBudget`, and `upStreamDelayBudget`. All of these align with the user's request (1100 devices, 700 kbps uplink) and the system rules (don't fabricate values, keep unspecified fields null). The types are correct: `maxNumOfDevices` is an integer, `value` in Rate is an integer within the 0-1024 range, `unit` is a valid `RateUnitEnum` value ('kbps'). All required fields in the schema are present. The only minor note is that the Rate schema specifies a maximum of 1024 for the value field, and 700 is within that range, so this is fine. Everything is properly structured and semantically aligned with the user's intent.
]
"
True,0.85,"[
	The agent correctly selected the 'create_session' tool, which is the appropriate tool for provisioning a network slice reservation. The parameters were mostly well-constructed: maxNumOfDevices=3200, serviceTime=null, serviceArea=null, downStreamRatePerDevice=null, upStreamRatePerDevice=null are all correct per the rules. The delay budget value of 100 with unit 'Milliseconds' is correct since the user specified 'ms'. However, there is a minor concern: the user said 'packet delay budget of 100 ms' without specifying whether it applies to downstream, upstream, or both. The agent applied it to both downStreamDelayBudget and upStreamDelayBudget, which is a reasonable interpretation but could be seen as slightly over-specifying. This is a judgment call rather than a clear error, so only a small deduction is warranted. The tool selection itself was perfect - create_session is the only appropriate tool for this task.
	The agent called `create_session` with well-structured arguments that mostly align with the user's request and the tool's expected schema. Specifically: (1) `maxNumOfDevices` is correctly set to 3200 as requested. (2) `serviceTime` and `serviceArea` are correctly null since the user didn't specify them. (3) `downStreamRatePerDevice` and `upStreamRatePerDevice` are correctly null since no throughput was requested. (4) The delay budget value of 100 with unit 'Milliseconds' is correct — the user said '100 ms', and the unit matches the TimeUnitEnum. However, the user said 'packet delay budget of 100 ms' without distinguishing between downstream and upstream. The agent applied the 100 ms delay budget to both `downStreamDelayBudget` and `upStreamDelayBudget`. This is a reasonable interpretation since the user didn't specify direction, but it could also be argued that a generic 'packet delay budget' should apply to both directions, making this a defensible choice. A minor concern is that the Duration schema uses TimeUnitEnum which includes 'Milliseconds', and the agent correctly used that. Overall, the arguments are well-formed, correctly typed, and closely aligned with the user's request. The slight deduction is for the ambiguity in applying the delay budget to both directions without confirming with the user, though this is a reasonable default interpretation.
]
"
True,0.95,"[
	The agent correctly selected the 'create_session' tool, which is the only appropriate tool for establishing a new network slice reservation. The tool was called with the correct parameters: maxNumOfDevices set to 1700, upStreamRatePerDevice set to {value: 900, unit: 'kbps'}, and all other fields (serviceTime, serviceArea, downStreamRatePerDevice, downStreamDelayBudget, upStreamDelayBudget) correctly set to null since the user did not specify them. The agent properly reused the 'kbps' unit provided by the user without asking for clarification, following the rules. No unnecessary tool calls were made, and no better tool was available.
	The agent correctly called `create_session` with well-formed arguments that match the tool's expected schema. The `body` object includes `serviceTime: null`, `serviceArea: null`, and a `sliceQosProfile` with `maxNumOfDevices: 1700`, `upStreamRatePerDevice: {value: 900, unit: 'kbps'}`, and all other fields set to `null`. These values directly correspond to the user's request for 1700 devices with 900 kbps uplink. The unit 'kbps' is a valid value in the `RateUnitEnum`. All required fields in the schema (`serviceTime`, `serviceArea`, `sliceQosProfile`, and within `SliceQosProfile`: `maxNumOfDevices`, `downStreamRatePerDevice`, `upStreamRatePerDevice`, `downStreamDelayBudget`, `upStreamDelayBudget`) are present. Fields not specified by the user are correctly set to null, following the instructions. The only minor note is that the Rate schema specifies a maximum value of 1024 for the rate value, and 900 is within that range. Everything is correctly aligned with the user's request and the tool's expected input format.
]
"
True,0.85,"[
	The agent correctly selected the 'create_session' tool, which is the appropriate tool for deploying/creating a network slice reservation. The parameters were well-constructed: maxNumOfDevices set to 2600 as requested, both downStreamDelayBudget and upStreamDelayBudget set to 200 Milliseconds (the user said 'latency tolerance of 200 ms' which reasonably applies to both directions), serviceTime and serviceArea correctly set to null since the user didn't specify them, and throughput rates set to null since they weren't mentioned. The unit 'Milliseconds' was correctly used since the user provided 'ms'. The only minor consideration is whether applying the latency to both upstream and downstream is the best interpretation of a general 'latency tolerance' statement, but this is a reasonable default interpretation. Tool selection was perfect - create_session is the only appropriate tool for this task.
	The agent called `create_session` with well-structured arguments that match the tool's expected schema. The `body` object includes `serviceTime: null`, `serviceArea: null`, and a `sliceQosProfile` with `maxNumOfDevices: 2600`, `downStreamRatePerDevice: null`, `upStreamRatePerDevice: null`, and both delay budgets set to `{value: 200, unit: 'Milliseconds'}`. The types and structure are correct. The user specified 'latency tolerance of 200 ms' — the unit 'Milliseconds' is correctly applied per rule 6 (and the user explicitly said 'ms' which confirms this). Setting both downstream and upstream delay budgets to 200 ms is a reasonable interpretation since the user said 'latency tolerance' generically without specifying direction. However, one could argue that applying the latency to both directions is a slight assumption — the user only mentioned a single 'latency tolerance' value. This is a minor concern. All null fields are correctly left null per the rules (serviceTime, serviceArea, rates). The number of devices (2600) is correctly populated. Overall, the arguments are well-formed, correctly typed, and closely aligned with the user's request.
]
"
True,0.95,"[
	The agent correctly selected the 'create_session' tool, which is the only appropriate tool for creating a network slice reservation. The tool was called with the correct parameters: maxNumOfDevices set to 1500, upStreamRatePerDevice set to {value: 500, unit: 'kbps'}, and all other fields (serviceTime, serviceArea, downStreamRatePerDevice, downStreamDelayBudget, upStreamDelayBudget) correctly set to null since the user did not specify them. The agent properly reused the 'kbps' unit provided by the user without asking for clarification, following the rules. No unnecessary tools were called, and no better tool was available.
	The agent correctly constructed the `create_session` tool call with well-formed arguments that match the schema and the user's request. Specifically: (1) `maxNumOfDevices` is set to 1500 as requested; (2) `upStreamRatePerDevice` is correctly set to `{value: 500, unit: 'kbps'}` matching the user's '500 kbps' specification; (3) `serviceTime` and `serviceArea` are correctly null since the user didn't specify them; (4) `downStreamRatePerDevice`, `downStreamDelayBudget`, and `upStreamDelayBudget` are correctly null since the user didn't mention them; (5) All required fields in the schema are present. The argument types, structure, and values all align with both the tool's expected input schema and the user's request. The only minor note is that 'kbps' is a valid enum value in `RateUnitEnum`, so that's correct. All fields that should be null per the rules are null, and no values were fabricated.
]
"
True,0.75,"[
	The agent correctly selected the 'create_session' tool, which is the appropriate tool for provisioning a network slice. The parameters were mostly well-constructed: maxNumOfDevices=800, serviceTime=null, serviceArea=null, downStreamRatePerDevice=null, upStreamRatePerDevice=null are all correct per the rules. The delay budget of 150 ms was correctly set with unit 'Milliseconds'. However, the agent set both downStreamDelayBudget and upStreamDelayBudget to 150ms, when the user only said 'packet delay budget of 150 ms' without specifying direction. This is a reasonable interpretation since 'packet delay budget' is a general term that could apply to both directions, but it could also be argued that setting both is slightly over-specifying. The tool choice itself (create_session) was the only correct option among the available tools for this task.
	The agent called `create_session` with mostly correct arguments. The `maxNumOfDevices` was correctly set to 800, `serviceTime` and `serviceArea` were correctly set to null (not specified by user), and `downStreamRatePerDevice`/`upStreamRatePerDevice` were correctly set to null. The delay budget value of 150 with unit 'Milliseconds' is correct since the user specified '150 ms'. However, the user said 'packet delay budget of 150 ms' without specifying whether it applies to downstream, upstream, or both. The agent applied it to both `downStreamDelayBudget` and `upStreamDelayBudget`, which is a reasonable interpretation but could be seen as slightly over-specifying since the user didn't explicitly say 'both directions'. This is a minor issue as applying delay budget to both directions is a sensible default interpretation. All argument types and structures match the expected schema correctly.
]
"
True,0.95,"[
	The agent correctly selected the 'create_session' tool, which is the only appropriate tool for establishing a new network slice reservation. The tool was called with the correct parameters: maxNumOfDevices set to 4200, upStreamRatePerDevice set to {value: 400, unit: 'kbps'}, and all other fields (serviceTime, serviceArea, downStreamRatePerDevice, downStreamDelayBudget, upStreamDelayBudget) correctly set to null since the user did not specify them. The agent properly recognized 'kbps' as a valid unit and did not ask for clarification, following rule 4. No unnecessary tools were called, and no better tool was available.
	The agent correctly constructed the `create_session` tool call with well-formed arguments that match the expected schema. Specifically: (1) `serviceTime` is null as the user didn't specify it — correct per rules. (2) `serviceArea` is null as the user didn't specify it — correct per rules. (3) `maxNumOfDevices` is set to 4200, matching the user's request for 4200 devices. (4) `upStreamRatePerDevice` has value 400 and unit 'kbps', correctly matching the user's '400 kbps' specification. The unit 'kbps' is a valid enum value in `RateUnitEnum`. (5) `downStreamRatePerDevice` is null since the user only specified uplink rates — correct per rule 8. (6) Both delay budgets are null since the user didn't mention latency — correct. All required fields in the schema (`serviceTime`, `serviceArea`, `sliceQosProfile`, and all fields within `SliceQosProfile`) are present. The types and formats all match the expected schema. The only minor note is that the Rate schema specifies a maximum value of 1024 for the rate value, and 400 is within that range. Everything is properly aligned with the user's request and the tool's expected input schema.
]
"
True,0.85,"[
	The agent correctly selected the 'create_session' tool, which is the appropriate tool for deploying/creating a network slice reservation. The parameters were well-mapped: maxNumOfDevices set to 2300, both downStreamDelayBudget and upStreamDelayBudget set to 180 Milliseconds (correctly using 'Milliseconds' as the unit since the user specified 'ms'), serviceTime and serviceArea correctly set to null (not specified by user), and downstream/upstream rates set to null (not specified by user). The tool selection is exactly right. The only minor consideration is whether applying the latency tolerance to both upstream and downstream delay budgets is the best interpretation of a general 'latency tolerance' — this is a reasonable interpretation since the user didn't specify directionality. Overall, the tool choice and parameter mapping are appropriate and correct.
	The agent correctly called `create_session` with well-formed arguments that match the tool's expected schema. The `maxNumOfDevices` was correctly set to 2300, `serviceTime` and `serviceArea` were correctly set to null (as the user didn't specify them), and `downStreamRatePerDevice`/`upStreamRatePerDevice` were correctly set to null. The latency value of 180 was correctly used with unit 'Milliseconds', which aligns with the user providing '180 ms'. The only debatable point is that the agent applied the 180 ms latency to both `downStreamDelayBudget` and `upStreamDelayBudget`. The user said 'latency tolerance of 180 ms' without specifying direction, so applying it to both directions is a reasonable interpretation. However, one could argue that since the user didn't explicitly specify both directions, a stricter reading of rule 8 ('All fields stay null unless the user specifies them') might suggest leaving them null or asking for clarification. That said, applying a general 'latency tolerance' to both upstream and downstream is a very reasonable default interpretation, so only a minor deduction is warranted.
]
"
True,0.7,"[
	The agent correctly selected the 'create_session' tool, which is the appropriate tool for creating a network slice reservation. The downstream rate (250 Mbps) and delay budget (12 ms with 'Milliseconds' unit) were correctly populated. However, there is an issue: the user specified 'packet delay budget of 12 ms' without distinguishing between upstream and downstream delay. The agent populated both 'downStreamDelayBudget' and 'upStreamDelayBudget' with 12 ms. Per rule 8 ('All fields stay null unless the user specifies them, never fabricate values'), the upStreamDelayBudget should arguably be null since the user only mentioned 'packet delay budget' generically — though this is somewhat ambiguous. A reasonable interpretation could be that 'packet delay budget' applies to both directions, but the more conservative interpretation per the rules would be to only set the downstream delay budget (since the user specifically mentioned downstream rates, suggesting a downstream focus) or to ask for clarification. The upStreamRatePerDevice was correctly left as null. Overall, the tool choice was correct but the parameter population was slightly over-specified.
	The agent correctly structured the `create_session` call with proper types and formats matching the schema. The downstream rate (250 Mbps) and its unit ('Mbps') are correctly passed. The packet delay budget value (12) and unit ('Milliseconds') are correctly set for `downStreamDelayBudget`. The `serviceTime`, `serviceArea`, `maxNumOfDevices`, and `upStreamRatePerDevice` are correctly set to null since the user didn't specify them. However, the agent also populated `upStreamDelayBudget` with {value: 12, unit: 'Milliseconds'}, which the user did not request — the user only mentioned 'packet delay budget of 12 ms' which could reasonably be interpreted as applying to both directions, but per the system rules ('All fields stay null unless the user specifies them, never fabricate values'), the upstream delay budget should arguably remain null since the user specifically said 'packet delay budget' without explicitly mentioning upstream. This is a moderate violation of the rule against fabricating values, though it's a reasonable interpretation that 'packet delay budget' could apply bidirectionally.
]
"
True,0.95,"[
	The agent correctly selected the 'create_session' tool, which is the only appropriate tool for provisioning a new network slice reservation. The input parameters were accurately populated: maxNumOfDevices set to 60, downStreamRatePerDevice set to 400 Mbps (matching the user's specified unit), and all unspecified fields (serviceTime, serviceArea, upStreamRatePerDevice, downStreamDelayBudget, upStreamDelayBudget) were correctly left as null. The agent followed all the rules: it didn't fabricate values, correctly reused the user-provided unit 'Mbps', and didn't ask unnecessary clarifying questions. No other tools were needed or would have been more appropriate.
	The agent correctly called `create_session` with well-formed arguments that match the tool's expected schema. The `body` object includes `serviceTime: null`, `serviceArea: null`, and a `sliceQosProfile` with `maxNumOfDevices: 60`, `downStreamRatePerDevice: {value: 400, unit: 'Mbps'}`, and null values for `upStreamRatePerDevice`, `downStreamDelayBudget`, and `upStreamDelayBudget`. All required fields in the schema are present. The values align with the user's request: 60 devices and 400 Mbps downstream per device. The unit 'Mbps' was correctly reused from the user's input without asking again, following rule 4. Fields not mentioned by the user (serviceTime, serviceArea, upstream rate, delay budgets) are correctly set to null per rule 8. The only minor note is that the Rate schema specifies a maximum value of 1024 for the rate value field, and 400 is within that range, so this is valid. All argument types, structures, and semantics are correct.
]
"
True,0.75,"[
	The agent correctly selected the 'create_session' tool, which is the appropriate tool for establishing a network slice reservation. The downstream rate (200 Mbps) and delay budget (20 ms with 'Milliseconds' unit) were correctly populated. However, there is an issue: the user only mentioned 'latency under 20 ms' without specifying whether it applies to downstream, upstream, or both. The agent set both downStreamDelayBudget and upStreamDelayBudget to 20 ms. Per rule 8 ('All fields stay null unless the user specifies them, never fabricate values'), the upStreamDelayBudget arguably should have been left null since the user didn't explicitly request upstream latency. The user's context (surveillance analysts reviewing HD feeds) suggests downstream latency is the primary concern. Additionally, upStreamRatePerDevice was correctly left null. The tool choice itself was correct — create_session is the only appropriate tool for this task.
	The agent correctly populated the downstream rate (200 Mbps) and downstream delay budget (20 ms as Milliseconds), matching the user's explicit requirements. The serviceTime, serviceArea, and maxNumOfDevices were correctly left as null since the user didn't specify them. The upStreamRatePerDevice was correctly set to null. However, the agent set upStreamDelayBudget to {value: 20, unit: 'Milliseconds'}, which the user did not request — the user only mentioned 'latency under 20 ms' which could reasonably be interpreted as applying to both directions, but per the rules ('All fields stay null unless the user specifies them, never fabricate values'), the upstream delay budget should arguably have been left null since the user specifically said 'downstream' for the rate and the latency mention was general but not explicitly upstream. This is a borderline case — setting both delay budgets to 20ms is a reasonable interpretation of 'latency under 20 ms' as a general requirement, but it could also be seen as fabricating a value for upstream delay that wasn't explicitly requested. The argument types, formats, and structure all correctly match the tool's expected input schema.
]
"
True,0.95,"[
	The agent correctly selected the 'create_session' tool, which is the only appropriate tool for deploying/creating a network slice reservation. The parameters were correctly populated: maxNumOfDevices set to 100, downStreamRatePerDevice set to 150 Mbps (matching the user's specified unit), and all unspecified fields (serviceTime, serviceArea, upStreamRatePerDevice, downStreamDelayBudget, upStreamDelayBudget) were correctly set to null, following the rules about not fabricating values. The tool selection and parameter usage are fully appropriate for the user's request.
	The agent correctly called `create_session` with well-formed arguments that match the tool's expected schema. The `body` object includes `serviceTime: null`, `serviceArea: null`, and a `sliceQosProfile` with `maxNumOfDevices: 100`, `downStreamRatePerDevice: {value: 150, unit: 'Mbps'}`, and null values for `upStreamRatePerDevice`, `downStreamDelayBudget`, and `upStreamDelayBudget`. All required fields are present. The values align with the user's request: 100 devices and 150 Mbps downstream. The unit 'Mbps' was correctly reused from the user's input without asking again, per the rules. Fields not mentioned by the user (serviceTime, serviceArea, upstream rate, delay budgets) are correctly set to null. The only minor note is that the Rate value of 150 is within the schema's maximum of 1024, so it's valid. All argument types, formats, and contents are correct and appropriate.
]
"
True,0.95,"[
	The agent correctly selected the 'create_session' tool, which is the only appropriate tool for creating a network slice reservation. The tool was called with the correct parameters: downStreamRatePerDevice set to 90 Mbps as specified by the user, and all other fields (serviceTime, serviceArea, maxNumOfDevices, upStreamRatePerDevice, downStreamDelayBudget, upStreamDelayBudget) correctly set to null since the user did not specify them. The agent properly followed the rules by not fabricating values, correctly reusing the user-provided unit 'Mbps', and not treating the 'prioritizing user experience' phrase as a reason to populate additional fields. No unnecessary or incorrect tool calls were made.
	The agent correctly called `create_session` with well-formed arguments that match the tool's expected schema. The `body` object includes `serviceTime: null`, `serviceArea: null`, and a `sliceQosProfile` with `downStreamRatePerDevice` set to `{value: 90, unit: 'Mbps'}`, which directly matches the user's request for 90 Mbps downstream per device. All other fields (`maxNumOfDevices`, `upStreamRatePerDevice`, `downStreamDelayBudget`, `upStreamDelayBudget`) are correctly set to `null` since the user did not specify them, adhering to the rule that fields stay null unless the user specifies them. The unit 'Mbps' is correctly reused from the user's input without asking again, following rule 4. The types and structure all conform to the schema definitions. A minor note: the user mentioned 'prioritizing user experience' which could imply latency considerations, but per rule 7 (don't treat vague mentions as guidance for choosing values) and rule 8 (all fields stay null unless specified), the agent correctly did not fabricate any latency values. The arguments are appropriate and well-aligned with the user's request.
]
"
True,0.85,"[
	The agent correctly selected the 'create_session' tool, which is the only appropriate tool for provisioning a new network slice. The parameters were well-constructed: maxNumOfDevices set to 500 as requested, both downStreamDelayBudget and upStreamDelayBudget set to 4 Milliseconds (correctly assuming ms means Milliseconds per rule 6), serviceTime and serviceArea correctly set to null (per rules 5 and 8), and throughput rates correctly set to null since the user didn't specify them (per rule 8). The only minor consideration is whether applying the latency cap to both upstream and downstream is the right interpretation — the user said 'latency capped at 4 ms' without specifying direction, so applying it to both is a reasonable interpretation. Overall, the tool selection and parameter population were appropriate and correct.
	The agent called `create_session` with well-structured arguments that mostly align with the user's request and the tool's expected schema. Specifically: (1) `maxNumOfDevices` is correctly set to 500 as requested. (2) `serviceTime` and `serviceArea` are correctly null since the user didn't specify them. (3) `downStreamRatePerDevice` and `upStreamRatePerDevice` are correctly null since no throughput was mentioned. (4) The latency unit 'Milliseconds' is correctly applied since the user said 'ms'. (5) The delay budget value of 4 is correct. However, the user said 'latency capped at 4 ms' without distinguishing between downstream and upstream latency. The agent applied the 4 ms cap to both `downStreamDelayBudget` and `upStreamDelayBudget`, which is a reasonable interpretation of a general latency cap, though one could argue it should only be set for one direction or that the agent should have asked for clarification. This is a minor issue since applying a latency cap to both directions is a sensible default interpretation of a general latency requirement. All argument types, structures, and formats match the tool's input schema correctly.
]
"
True,0.6,"[
	The agent correctly chose the 'create_session' tool, which is the appropriate tool for establishing a network slice reservation. However, there are issues with the parameter mapping. The user specified 'packet delay budget of 3 ms' without distinguishing between upstream and downstream. The agent set both downStreamDelayBudget and upStreamDelayBudget to 3 ms, which is a reasonable interpretation but could be debated — the user said 'packet delay budget' generically, so applying it to both directions is defensible. The more significant issue is that the user only mentioned 'uplink rates of 35 Mbps', yet the agent correctly set upStreamRatePerDevice to 35 Mbps and left downStreamRatePerDevice as null. The downStreamDelayBudget being populated when the user didn't explicitly request a downstream delay budget is a minor concern — the user said 'packet delay budget' which could reasonably apply to both directions. Overall, the tool selection was correct (create_session is the right tool), but the parameter population has a slight deviation from the strict interpretation of rule 8 ('All fields stay null unless the user specifies them') since the user didn't explicitly mention downstream delay budget separately.
	The agent correctly set upStreamRatePerDevice to {value: 35, unit: 'Mbps'} matching the user's request. The serviceTime, serviceArea, maxNumOfDevices, and downStreamRatePerDevice were correctly set to null since the user didn't specify them. However, the user said 'packet delay budget of 3 ms' without specifying whether it's upstream, downstream, or both. The agent populated both downStreamDelayBudget and upStreamDelayBudget with {value: 3, unit: 'Milliseconds'}. While this is a reasonable interpretation, the user's request was ambiguous — they said 'packet delay budget' generically. A strict reading of rule 8 ('All fields stay null unless the user specifies them, never fabricate values') could argue that only one direction should be set, or that the agent should have asked for clarification. However, setting both is a defensible interpretation since 'packet delay budget' is a general term. The unit 'Milliseconds' is correct per rule 6 (the user said 'ms' which is milliseconds, so the unit is explicitly provided). The argument structure and types all match the expected schema. The main concern is the potential over-specification of delay budgets to both directions when the user didn't explicitly distinguish them, which is a moderate issue.
]
"
True,0.85,"[
	The agent correctly selected the 'create_session' tool, which is the appropriate tool for deploying a network slice reservation. The parameters were well-constructed: maxNumOfDevices set to 600 as specified, both downStreamDelayBudget and upStreamDelayBudget set to 5 Milliseconds (correctly assuming ms means Milliseconds per rule 6), serviceTime and serviceArea correctly set to null (not specified by user), and throughput rates correctly set to null (not specified by user). The only minor consideration is whether setting both upstream and downstream delay budgets to 5ms is the best interpretation of 'latency under 5 ms' — the user said 'latency' generically, so applying it to both directions is a reasonable interpretation. The tool selection was perfect given the available primitives.
	The agent called `create_session` with well-structured arguments that largely match the tool's expected schema and the user's request. Specifically: (1) `maxNumOfDevices` is correctly set to 600 as requested. (2) `serviceTime` and `serviceArea` are correctly null since the user didn't specify them. (3) `downStreamRatePerDevice` and `upStreamRatePerDevice` are correctly null since no throughput was mentioned. (4) The latency value of 5 with unit 'Milliseconds' correctly reflects 'latency under 5 ms' per rule 6 (the user did provide 'ms' which maps to Milliseconds). (5) Both `downStreamDelayBudget` and `upStreamDelayBudget` are set to 5 ms, which is a reasonable interpretation since the user said 'latency under 5 ms' without specifying direction — applying it to both directions is a sensible default. The minor deduction is because the user said 'under 5 ms' which implies a strict upper bound less than 5, but the agent used exactly 5. This is a subtle semantic issue rather than a structural argument error. Overall, the arguments are well-formed, correctly typed, and appropriately aligned with the user's request.
]
"
True,0.75,"[
	The agent correctly chose the 'create_session' tool, which is the appropriate tool for creating a network slice reservation. The downstream rate (70 Mbps) and latency (6 ms with 'Milliseconds' unit) were correctly populated. However, there is an issue: the user only specified 'latency of 6 ms' without distinguishing between downstream and upstream delay budgets. The agent populated both downStreamDelayBudget and upStreamDelayBudget with the same value. Per the rules, 'All fields stay null unless the user specifies them, never fabricate values.' The user said 'latency of 6 ms' which is ambiguous — it could reasonably be interpreted as applying to both directions, but a strict reading of rule 8 would suggest only populating what was explicitly stated. Also, upStreamRatePerDevice was correctly left as null. The tool selection itself was correct — create_session is the only appropriate tool for this task.
	The agent correctly structured the `create_session` call with proper types and formats. The downstream rate (70 Mbps) and delay budget (6 ms with 'Milliseconds' unit) match the user's request. The `serviceTime`, `serviceArea`, `maxNumOfDevices`, and `upStreamRatePerDevice` are correctly set to null since the user didn't specify them. However, the agent also populated `upStreamDelayBudget` with the same value as `downStreamDelayBudget` (6 ms), which the user did not request — the user only mentioned 'latency of 6 ms' which could be interpreted as applying to both directions, but per the system rules ('All fields stay null unless the user specifies them, never fabricate values'), the upstream delay budget should arguably remain null since the user only mentioned 'latency' generically (or at most downstream latency given the context of downstream rates). This is a borderline interpretation issue, but setting upStreamDelayBudget without explicit user instruction is a mild violation of rule 8.
]
"
True,0.85,"[
	The agent correctly selected the 'create_session' tool, which is the appropriate tool for provisioning a network slice reservation. The parameters were mostly well-constructed: maxNumOfDevices was set to 250 as requested, serviceTime and serviceArea were correctly set to null since the user didn't specify them, and downStreamRatePerDevice/upStreamRatePerDevice were set to null. The delay budget was correctly set to 4 with unit 'Milliseconds' (matching the 'ms' provided by the user). However, the agent applied the packet delay budget to both downstream and upstream delay budgets, whereas the user only said 'packet delay budget' generically. This is a reasonable interpretation since 'packet delay budget' could apply to both directions, but it could also be seen as a slight assumption. The tool choice itself was perfect — create_session is the only appropriate tool for this task. A minor deduction for the dual application of the delay budget to both directions without clarifying with the user.
	The agent called 'create_session' with well-structured arguments that mostly align with the user's request and the tool's expected schema. Specifically: (1) 'maxNumOfDevices' is correctly set to 250 as requested. (2) 'serviceTime' and 'serviceArea' are correctly null since the user didn't specify them. (3) 'downStreamRatePerDevice' and 'upStreamRatePerDevice' are correctly null since no throughput was requested. (4) The delay budget value of 4 with unit 'Milliseconds' correctly matches the user's '4 ms' specification. (5) The unit 'Milliseconds' is a valid value in the TimeUnitEnum. However, the user said 'packet delay budget of 4 ms' without specifying whether it applies to downstream, upstream, or both. The agent applied it to both downStreamDelayBudget and upStreamDelayBudget, which is a reasonable interpretation but could be seen as slightly over-specifying since the user didn't explicitly say 'both directions.' This is a minor issue as applying delay budget symmetrically is a sensible default. All argument types, structures, and formats match the tool's input schema correctly.
]
"
True,0.95,"[
	The agent correctly selected the 'create_session' tool, which is the only appropriate tool for establishing a new network slice reservation. The tool was called with the correct parameters: maxNumOfDevices set to 3100, upStreamRatePerDevice set to {value: 300, unit: 'kbps'}, and all other fields (serviceTime, serviceArea, downStreamRatePerDevice, downStreamDelayBudget, upStreamDelayBudget) correctly set to null since the user did not specify them. The agent properly reused the 'kbps' unit provided by the user without asking for clarification, following the instructions. No unnecessary tool calls were made.
	The agent correctly called `create_session` with well-formed arguments that match the tool's expected schema. The `body` object includes `serviceTime: null`, `serviceArea: null`, and a `sliceQosProfile` with `maxNumOfDevices: 3100`, `upStreamRatePerDevice: {value: 300, unit: 'kbps'}`, and all other QoS fields set to null. This aligns perfectly with the user's request for 3100 devices and 300 kbps uplink. The unit 'kbps' is correctly reused from the user's input without asking again, following rule 4. The serviceTime and serviceArea are null per rule 5 since the user didn't specify them. All required fields in the schema are present. The only minor note is that the Rate schema specifies a maximum value of 1024 for the rate value field, and 300 is within that range, so that's fine. All argument types, structures, and values are correct and well-aligned with the user's request.
]
"
True,0.85,"[
	The agent correctly selected the 'create_session' tool, which is the appropriate tool for deploying a network slice reservation. The parameters were well-constructed: maxNumOfDevices set to 1900 as specified, both downStreamDelayBudget and upStreamDelayBudget set to 200 Milliseconds (correctly using 'Milliseconds' as the unit since the user provided 'ms'), serviceTime and serviceArea correctly set to null since the user didn't specify them, and downStreamRatePerDevice/upStreamRatePerDevice correctly set to null since no throughput was mentioned. The only minor consideration is whether applying the latency tolerance to both upstream and downstream delay budgets is the most accurate interpretation of 'latency tolerance of 200 ms' — it could be argued that a general 'latency tolerance' should apply to both directions, which is a reasonable interpretation. Overall, the tool selection and parameter population were appropriate and followed the stated rules.
	The agent correctly called `create_session` with well-structured arguments matching the tool's expected schema. The `maxNumOfDevices` was correctly set to 1900, `serviceTime` and `serviceArea` were correctly set to null (as the user didn't specify them), and `downStreamRatePerDevice`/`upStreamRatePerDevice` were correctly set to null. The latency value of 200 was correctly used with unit 'Milliseconds' (matching rule 6 since the user said 'ms', which is an explicit unit). However, the user said 'latency tolerance of 200 ms' which is a general latency specification. The agent applied this to both `downStreamDelayBudget` and `upStreamDelayBudget`, which is a reasonable interpretation but could be debated — the user didn't explicitly distinguish between upstream and downstream latency. This is a minor concern since applying a general latency tolerance to both directions is a sensible default. All argument types, structures, and formats match the tool's input schema correctly.
]
"
True,0.95,"[
	The agent correctly selected the 'create_session' tool, which is the only appropriate tool for creating a network slice reservation. The tool was called with the correct parameters: maxNumOfDevices set to 2700, upStreamRatePerDevice set to {value: 800, unit: 'kbps'}, and all other fields (serviceTime, serviceArea, downStreamRatePerDevice, downStreamDelayBudget, upStreamDelayBudget) correctly set to null since the user did not specify them. The agent properly reused the 'kbps' unit provided by the user without asking for clarification, following the instructions. No unnecessary tool calls were made.
	The agent correctly called 'create_session' with well-formed arguments matching the tool's expected schema. The 'body' object includes 'serviceTime': null, 'serviceArea': null (correct per rules 5 and 8 since the user didn't specify them), and a 'sliceQosProfile' with 'maxNumOfDevices': 2700 (matching the user's request for 2700 devices), 'upStreamRatePerDevice': {'value': 800, 'unit': 'kbps'} (matching the user's 800 kbps uplink rate, with the unit correctly reused per rule 4), 'downStreamRatePerDevice': null, 'downStreamDelayBudget': null, and 'upStreamDelayBudget': null (all correctly null since the user didn't specify them, per rule 8). All required fields in the schema are present, types are correct (integer for maxNumOfDevices, integer for rate value, valid enum string for unit), and no fabricated values were introduced. The only minor note is that the rate value of 800 is within the schema's maximum of 1024, so it's valid. All arguments are appropriate and well-aligned with the user's request.
]
"
True,0.85,"[
	The agent correctly selected the 'create_session' tool, which is the appropriate tool for provisioning a network slice. The parameters were mostly well-formed: maxNumOfDevices=2100 is correct, serviceTime and serviceArea are null as required, and downStreamRatePerDevice/upStreamRatePerDevice are null since the user didn't specify them. The delay budget value of 150 with unit 'Milliseconds' is correct per rule 6 (though the user explicitly said 'ms', so the unit was already provided). However, the user said 'packet delay budget' generically without specifying downstream vs upstream separately. The agent applied 150ms to both downStreamDelayBudget and upStreamDelayBudget, which is a reasonable interpretation but could be debated — one could argue that a generic 'packet delay budget' should apply to both directions (as the agent did) or that it's ambiguous. This is a minor concern. Overall, the correct tool was chosen and the parameters were appropriately populated.
	The agent correctly called `create_session` with well-formed arguments matching the expected schema. The `maxNumOfDevices` was correctly set to 2100, `serviceTime` and `serviceArea` were correctly set to null (not specified by user), and `downStreamRatePerDevice`/`upStreamRatePerDevice` were correctly set to null. The delay budget value of 150 with unit 'Milliseconds' is correct since the user specified 'ms'. However, the user said 'packet delay budget of 150 ms' without distinguishing between downstream and upstream delay budgets. The agent applied 150 ms to both `downStreamDelayBudget` and `upStreamDelayBudget`, which is a reasonable interpretation but could be debated — the user mentioned a single 'packet delay budget' which could mean it applies to both directions or could be ambiguous. This is a minor issue since applying it symmetrically is a sensible default. All argument types, structures, and formats match the tool's expected input schema.
]
"
True,0.95,"[
	The agent correctly selected the 'create_session' tool, which is the only appropriate tool for establishing a new network slice reservation. The tool was called with the correct parameters: maxNumOfDevices set to 1200, upStreamRatePerDevice set to {value: 600, unit: 'kbps'}, and all other fields (serviceTime, serviceArea, downStreamRatePerDevice, downStreamDelayBudget, upStreamDelayBudget) correctly set to null since the user did not specify them. The agent properly reused the 'kbps' unit provided by the user without asking for clarification, following the instructions. No unnecessary tool calls were made, and no better tool was available for this task.
	The agent correctly called `create_session` with well-formed arguments that match the tool's expected schema. Specifically: (1) `serviceTime` is null as the user didn't specify it — correct per rules. (2) `serviceArea` is null as the user didn't specify it — correct per rules. (3) `sliceQosProfile.maxNumOfDevices` is set to 1200, matching the user's request for 1200 devices. (4) `upStreamRatePerDevice` has value 600 and unit 'kbps', correctly matching the user's '600 kbps' specification. The unit 'kbps' is a valid member of the RateUnitEnum. (5) `downStreamRatePerDevice` is null since the user only specified uplink rates — correct per rule 8. (6) `downStreamDelayBudget` and `upStreamDelayBudget` are both null since no latency was mentioned — correct. All required fields in the schema are present, types are correct (integers for values, strings for units, nulls where appropriate), and the arguments faithfully represent the user's request without fabricating any values. The only minor note is that the Rate schema specifies a maximum value of 1024 for the rate value field, and 600 is within that range, so this is fine.
]
"
True,0.75,"[
	The agent correctly selected the 'create_session' tool, which is the appropriate tool for creating a network slice reservation. The downstream rate (180 Mbps) and latency (15 ms with 'Milliseconds' unit) were correctly populated. However, there is an issue: the user specified 'latency of 15 ms' without distinguishing between upstream and downstream delay budgets. The agent populated both downStreamDelayBudget and upStreamDelayBudget with 15 ms. While populating downStreamDelayBudget is reasonable given the context (downstream-focused request), setting upStreamDelayBudget to 15 ms could be seen as fabricating a value not explicitly requested by the user, violating rule 8 ('All fields stay null unless the user specifies them, never fabricate values'). The user said 'latency of 15 ms' which is ambiguous — it could mean both directions or just general latency. This is a borderline case, but strictly following the rules, the upstream delay budget should arguably have been left null since the user only mentioned 'latency' generically. The tool choice itself (create_session) was correct and appropriate.
	The agent correctly populated the downstream rate (180 Mbps) and the latency budget (15 ms as Milliseconds), matching the user's request. The serviceTime, serviceArea, maxNumOfDevices, and upStreamRatePerDevice were correctly left as null since the user didn't specify them. However, the agent populated upStreamDelayBudget with {value: 15, unit: 'Milliseconds'}, which the user did not request — the user only mentioned 'latency of 15 ms' which is ambiguous but could reasonably be interpreted as applying to both directions. This is a borderline issue: the user said 'latency' generically without specifying direction, so applying it to both downstream and upstream is a reasonable interpretation, though a stricter reading of rule 8 ('All fields stay null unless the user specifies them') might suggest only populating downStreamDelayBudget. The argument types, formats, and structure all match the tool's expected schema correctly.
]
"
True,0.95,"[
	The agent correctly selected the 'create_session' tool, which is the only appropriate tool for provisioning a new network slice reservation. The tool input was properly constructed: maxNumOfDevices set to 90, downStreamRatePerDevice set to {value: 300, unit: 'Mbps'} matching the user's specification, and all unspecified fields (serviceTime, serviceArea, upStreamRatePerDevice, downStreamDelayBudget, upStreamDelayBudget) were correctly set to null following the rules about not fabricating values. The agent correctly recognized 'Mbps' as a valid unit and did not ask for clarification. No unnecessary or incorrect tool calls were made.
	The agent correctly called `create_session` with well-formed arguments that match the tool's expected schema. The `body` object includes `serviceTime: null`, `serviceArea: null`, and a `sliceQosProfile` with `maxNumOfDevices: 90`, `downStreamRatePerDevice: {value: 300, unit: 'Mbps'}`, `upStreamRatePerDevice: null`, `downStreamDelayBudget: null`, and `upStreamDelayBudget: null`. All of these align with the user's request: 90 devices, 300 Mbps downstream, and no other parameters specified. The unit 'Mbps' is correctly reused from the user's input without asking again, following rule 4. The serviceTime and serviceArea are correctly null per rules 5 and 8. All required fields in the schema are present. The only minor note is that the Rate value of 300 is within the schema's maximum of 1024, so that's valid. The arguments are fully appropriate and correctly structured.
]
"
True,0.95,"[
	The agent correctly selected the 'create_session' tool, which is the only appropriate tool for establishing a new network slice reservation. The tool was called with the correct parameters: maxNumOfDevices set to 400, upStreamRatePerDevice set to {value: 45, unit: 'Mbps'}, and all unspecified fields (serviceTime, serviceArea, downStreamRatePerDevice, downStreamDelayBudget, upStreamDelayBudget) correctly set to null. The agent followed all the rules: it didn't fabricate values, correctly reused the user-provided unit 'Mbps', and only populated fields explicitly mentioned by the user.
	The agent correctly called `create_session` with well-formed arguments that match the tool's expected schema. Specifically: (1) `serviceTime` is null as the user didn't specify it — correct per rules. (2) `serviceArea` is null as the user didn't specify it — correct per rules. (3) `sliceQosProfile.maxNumOfDevices` is set to 400, matching the user's request for 400 devices. (4) `upStreamRatePerDevice` is set to `{value: 45, unit: 'Mbps'}`, correctly reflecting the user's '45 Mbps' uplink rate with the unit 'Mbps' which is a valid enum value. (5) `downStreamRatePerDevice`, `downStreamDelayBudget`, and `upStreamDelayBudget` are all null since the user didn't specify them — correct per the rule that all fields stay null unless specified. All required fields in the schema are present, types are correct (integers for values, strings for units, nulls where appropriate), and the content aligns precisely with the user's request. The only minor note is that the Rate schema specifies a maximum value of 1024 for the rate value, and 45 is well within that range. Everything is properly structured and semantically correct.
]
"
True,0.7,"[
	The agent correctly chose the 'create_session' tool, which is the appropriate tool for deploying a network slice reservation. The input parameters are mostly correct: upStreamRatePerDevice is set to 250 Mbps as requested, serviceTime and serviceArea are null as expected, maxNumOfDevices and downStreamRatePerDevice are null since the user didn't specify them. However, there is an issue with the delay budget interpretation. The user said 'packet delay budget of 18 ms' without specifying upstream or downstream specifically. The agent applied it to both downStreamDelayBudget and upStreamDelayBudget, which is a reasonable interpretation for a generic 'packet delay budget.' The unit 'Milliseconds' is correctly used since 'ms' was provided. The tool selection is correct - create_session is the only appropriate tool for this task. The slight deduction is because the user said 'packet delay budget' generically, and applying it to both directions is a reasonable but debatable interpretation - one could argue it should have been clarified with the user, though applying it symmetrically is a defensible choice.
	The agent correctly structured the `create_session` call with proper types and formats. The `upStreamRatePerDevice` was correctly set to `{value: 250, unit: 'Mbps'}` matching the user's request. The `serviceTime`, `serviceArea`, `maxNumOfDevices`, and `downStreamRatePerDevice` were correctly left as null per the rules (not specified by user). The `unit: 'Milliseconds'` for delay budgets is correct since the user said '18 ms' which maps to milliseconds. However, the user said 'packet delay budget of 18 ms' without specifying whether it's upstream, downstream, or both. The agent populated both `downStreamDelayBudget` and `upStreamDelayBudget` with 18 ms. This is a reasonable interpretation but arguably goes beyond what was explicitly stated — the user said 'packet delay budget' generically, which could mean both directions. This is a minor issue. The argument types, structure, and formats all match the tool's expected schema correctly.
]
"
True,0.95,"[
	The agent correctly selected the 'create_session' tool, which is the only appropriate tool for creating a network slice reservation. The tool was called with the correct parameters: maxNumOfDevices set to 700, downStreamRatePerDevice set to {value: 85, unit: 'Mbps'}, and all unspecified fields (serviceTime, serviceArea, upStreamRatePerDevice, downStreamDelayBudget, upStreamDelayBudget) correctly set to null. The agent properly followed the rules by not fabricating values, correctly reusing the user-provided unit 'Mbps', and leaving unspecified fields as null.
	The agent correctly called `create_session` with well-formed arguments that match the tool's expected schema. The `body` object includes `serviceTime: null`, `serviceArea: null`, and a `sliceQosProfile` with `maxNumOfDevices: 700`, `downStreamRatePerDevice: {value: 85, unit: 'Mbps'}`, and null values for `upStreamRatePerDevice`, `downStreamDelayBudget`, and `upStreamDelayBudget`. All of these align with the user's request (700 devices, 85 Mbps downstream, no other parameters specified). The types are correct: `maxNumOfDevices` is an integer, `value` in Rate is an integer within the 0-1024 range, `unit` is a valid `RateUnitEnum` value ('Mbps'), and unspecified fields are properly set to null per the system instructions. The only minor consideration is that `serviceTime` and `serviceArea` are passed as `null` rather than being omitted, but since they are required fields in the schema, passing `null` is the correct approach. All arguments are well-aligned with both the tool's schema and the user's intent.
]
"
False,0.15,"[
	The agent correctly identified 'create_session' as the appropriate tool for creating a network slice reservation. However, the agent made 7 parallel tool calls instead of just 1, which is completely wrong for the user's single request. Only the last tool call (toolu_01UJ168DbfnpeeX54QqsGAey) appears to match the user's request with maxNumOfDevices=900 and upStreamRatePerDevice={value:400, unit:'kbps'}. The other 6 tool calls contain fabricated values (delay budgets, different device counts, different rates) that were never requested by the user. The agent's text mentions 'seven network slice reservations' which has no basis in the user's input. The correct tool was selected but was massively misused - only 1 of 7 calls was appropriate, and even that one correctly set the specified fields while leaving unspecified ones as null. The agent violated rule 8 (never fabricate values) for 6 out of 7 calls.
	The user requested a single network slice for city fountain control sensors with 900 devices and 400 kbps uplink. The agent made 7 parallel create_session calls instead of 1, and 6 of those 7 calls contain completely fabricated values (delay budgets of 5ms, 7ms, 6ms, 150ms; device counts of 450, 500, 1000, 1800; uplink rates of 25 Mbps, 700 kbps) that were never mentioned by the user. This violates rule 8 ('All fields stay null unless the user specifies them, never fabricate values'). Only the 7th call (toolu_01UJ168DbfnpeeX54QqsGAey) has correct arguments matching the user's request: maxNumOfDevices=900, upStreamRatePerDevice={value:400, unit:'kbps'}, and all other fields null. The other 6 calls have entirely fabricated, incorrect arguments. The structure and types of all arguments are technically valid per the tool schema, but the content is overwhelmingly wrong and misaligned with the user's single-slice request.
]
"
True,0.95,"[
	The agent correctly selected the 'create_session' tool, which is the only appropriate tool for creating a network slice reservation. The parameters were correctly populated: maxNumOfDevices set to 700, downStreamRatePerDevice set to {value: 85, unit: 'Mbps'}, and all unspecified fields (serviceTime, serviceArea, upStreamRatePerDevice, downStreamDelayBudget, upStreamDelayBudget) were correctly set to null, following the rules that fields should stay null unless specified by the user. The unit 'Mbps' was correctly reused from the user's input without asking for clarification, adhering to rule 4. No unnecessary tools were called.
	The agent correctly called `create_session` with well-formed arguments that match the tool's expected schema. The `body` object includes `serviceTime: null`, `serviceArea: null`, and a `sliceQosProfile` with `maxNumOfDevices: 700`, `downStreamRatePerDevice: {value: 85, unit: 'Mbps'}`, and null values for `upStreamRatePerDevice`, `downStreamDelayBudget`, and `upStreamDelayBudget`. All of these align with the user's request: 700 devices, 85 Mbps downstream, and no other parameters specified. The `serviceTime` and `serviceArea` are correctly null since the user didn't specify them. The unit 'Mbps' was correctly reused from the user's input without asking again. All required fields in the schema are present. The only minor note is that the Rate value of 85 is within the schema's maximum of 1024, so that's fine. The arguments are fully appropriate and correctly structured.
]
"
True,0.85,"[
	The agent correctly selected the 'create_session' tool, which is the only appropriate tool for provisioning a new network slice. The parameters were well-constructed: maxNumOfDevices set to 350 as requested, both downStreamDelayBudget and upStreamDelayBudget set to 6 Milliseconds (correctly assuming milliseconds since 'ms' was provided, which is consistent with the rule about latency units), serviceTime and serviceArea correctly set to null since they weren't specified, and throughput rates correctly set to null since they weren't mentioned. The only minor consideration is whether both upstream and downstream delay budgets should be set when the user said 'latency under 6 ms' generically — this is a reasonable interpretation since latency applies to both directions. The tool selection and parameter population are appropriate and follow the stated rules.
	The agent called `create_session` with well-structured arguments that match the tool's expected schema. The `body` object includes `serviceTime: null`, `serviceArea: null`, and a `sliceQosProfile` with `maxNumOfDevices: 350`, `downStreamRatePerDevice: null`, `upStreamRatePerDevice: null`, and both delay budgets set to `{value: 6, unit: 'Milliseconds'}`. The types and structure are correct. The user said 'latency under 6 ms' — the agent correctly interpreted 'ms' as milliseconds (rule 6 says assume milliseconds if no unit, but here 'ms' was provided which maps to milliseconds, so the result is correct either way). Setting both downstream and upstream delay budgets to 6ms is a reasonable interpretation of a general 'latency' requirement, though the user didn't explicitly distinguish between upstream and downstream — this is a minor assumption but defensible for synchronized control. The `serviceTime` and `serviceArea` are correctly null per the rules. The `maxNumOfDevices` of 350 matches the user's request. The only slight concern is that the user said 'under 6 ms' which implies strictly less than 6, but the tool only accepts integer values and there's no way to express 'less than' — using 6 is the closest reasonable approximation. Overall, the arguments are well-formed and appropriate.
]
"
True,0.75,"[
	The agent correctly selected the 'create_session' tool, which is the appropriate tool for establishing a network slice reservation. The parameters were mostly well-formed: maxNumOfDevices=900, serviceTime=null, serviceArea=null, and delay budget of 5ms with 'Milliseconds' unit (correctly assumed per rule 6, though the user did provide 'ms' which is a unit). The downStreamRatePerDevice and upStreamRatePerDevice were correctly set to null since the user didn't specify them. However, the agent applied the packet delay budget to both downStreamDelayBudget and upStreamDelayBudget, which is a reasonable interpretation of 'packet delay budget' (as it could apply to both directions), but could also be seen as fabricating a value for one direction if the user only meant one. This is a minor ambiguity. Overall, the tool selection was correct and the only available tool for this task.
	The agent called 'create_session' with mostly correct arguments. The 'maxNumOfDevices' was correctly set to 900, 'serviceTime' and 'serviceArea' were correctly null, 'downStreamRatePerDevice' and 'upStreamRatePerDevice' were correctly null, and the delay budget unit was correctly assumed as 'Milliseconds' per rule 6. However, the user said 'packet delay budget of 5 ms' without specifying whether it applies to downstream, upstream, or both. The agent applied it to both 'downStreamDelayBudget' and 'upStreamDelayBudget', which is a reasonable interpretation but could be seen as fabricating a value for one direction if the user only intended one. This is a borderline judgment call — applying a generic 'packet delay budget' to both directions is a defensible interpretation. All argument types, structures, and formats match the tool's expected input schema correctly.
]
"
True,0.75,"[
	The agent correctly selected the 'create_session' tool, which is the appropriate tool for deploying a network slice reservation. The parameters were mostly well-mapped: uplink rate of 25 Mbps was correctly set, latency of 7 ms was correctly interpreted with 'Milliseconds' unit, and unspecified fields (serviceTime, serviceArea, maxNumOfDevices, downStreamRatePerDevice) were properly set to null. However, there is a debatable issue: the user said 'latency of 7 ms' without specifying whether it applies to uplink, downlink, or both. The agent applied it to both downStreamDelayBudget and upStreamDelayBudget. While this is a reasonable interpretation for a general latency requirement, one could argue that since the context is specifically about 'remote vehicle diagnostics' with emphasis on 'uplink rates', the latency might have been intended only for uplink. Still, applying it to both is a defensible choice. The tool selection itself was perfect — create_session is the only appropriate tool for this task.
	The agent correctly called create_session with well-formed arguments matching the schema. The upStreamRatePerDevice (25 Mbps) and delay budget values (7 Milliseconds) correctly reflect the user's request. The serviceTime, serviceArea, maxNumOfDevices, and downStreamRatePerDevice are appropriately set to null since the user didn't specify them. However, the user said 'latency of 7 ms' without specifying directional latency. The agent populated both downStreamDelayBudget and upStreamDelayBudget with 7 ms. While setting both is a reasonable interpretation of a general 'latency' requirement, the user only mentioned uplink rates, suggesting the use case is uplink-focused. Setting downStreamDelayBudget could be seen as fabricating a value not explicitly requested. This is a borderline judgment — applying latency to both directions is defensible but slightly exceeds what was explicitly stated. All argument types, structures, and formats are correct and match the tool's expected input schema.
]
"
True,0.85,"[
	The agent correctly selected the 'create_session' tool, which is the only appropriate tool for creating a network slice reservation. The parameters were well-constructed: maxNumOfDevices set to 450 as requested, both downStreamDelayBudget and upStreamDelayBudget set to 6 Milliseconds (correctly interpreting 'ms' as Milliseconds per rule 6), serviceTime and serviceArea correctly set to null (not specified by user), and downstream/upstream rates set to null (not specified by user). The agent applied the latency cap to both upstream and downstream delay budgets, which is a reasonable interpretation of a general 'latency capped at 6 ms' statement. The only minor consideration is whether applying the latency to both directions was the user's intent, but this is a reasonable default interpretation. Tool selection was perfect.
	The agent correctly called 'create_session' with well-formed arguments matching the tool's expected schema. The 'maxNumOfDevices' was correctly set to 450, 'serviceTime' and 'serviceArea' were correctly set to null (not specified by user), and 'downStreamRatePerDevice'/'upStreamRatePerDevice' were correctly set to null. The latency value of 6 with unit 'Milliseconds' is correct since the user said '6 ms'. However, the user said 'latency capped at 6 ms' without distinguishing between downstream and upstream delay budgets. The agent applied the 6 ms cap to both 'downStreamDelayBudget' and 'upStreamDelayBudget', which is a reasonable interpretation of a general latency cap, though one could argue it should only be set where explicitly stated. Overall, the argument types, structure, and values are well-aligned with the schema and the user's request, with only a minor ambiguity in applying the latency to both directions.
]
"
True,0.75,"[
	The agent correctly selected the 'create_session' tool, which is the appropriate tool for provisioning a network slice. The parameters were mostly well-constructed: maxNumOfDevices=500, serviceTime=null, serviceArea=null, downStreamRatePerDevice=null, upStreamRatePerDevice=null are all correct per the rules. The delay budget was correctly set to 5 Milliseconds (rule 6: 'ms' is a unit, so Milliseconds is appropriate). However, the user said 'packet delay budget of 5 ms' without specifying upstream vs downstream separately. The agent applied it to both downStreamDelayBudget and upStreamDelayBudget, which is a reasonable interpretation but could be seen as slightly fabricating a value for one direction if the user only meant one. That said, 'packet delay budget' is a general term that typically applies to both directions, so this is a defensible choice. Overall, the tool selection was correct and the parameterization was largely appropriate.
	The agent correctly used the `create_session` tool with well-structured arguments that match the expected schema. The `maxNumOfDevices` was correctly set to 500, `serviceTime` and `serviceArea` were correctly set to null (as the user didn't specify them), and `downStreamRatePerDevice`/`upStreamRatePerDevice` were correctly set to null. The delay budget value of 5 with unit 'Milliseconds' is correct (the user said '5 ms'). However, the user said 'packet delay budget of 5 ms' without specifying whether it applies to downstream, upstream, or both. The agent applied it to both `downStreamDelayBudget` and `upStreamDelayBudget`, which is a reasonable interpretation but could be seen as slightly over-specifying since the user gave a single generic 'packet delay budget'. This is a minor issue since applying it to both directions is a sensible default for a generic delay budget specification. All argument types, structures, and formats correctly match the tool's input schema.
]
"
True,0.95,"[
	The agent correctly selected the 'create_session' tool, which is the only appropriate tool for establishing a new network slice reservation. The parameters were accurately populated: maxNumOfDevices set to 1000, upStreamRatePerDevice set to {value: 700, unit: 'kbps'} matching the user's specification, and all other fields (serviceTime, serviceArea, downStreamRatePerDevice, downStreamDelayBudget, upStreamDelayBudget) correctly set to null since the user did not specify them. The agent properly recognized 'kbps' as a valid unit and did not ask for clarification, following rule 4. No unnecessary tool calls were made.
	The agent correctly called `create_session` with well-formed arguments that match the tool's expected schema. The `body` object includes `serviceTime: null`, `serviceArea: null`, and a `sliceQosProfile` with `maxNumOfDevices: 1000`, `upStreamRatePerDevice: {value: 700, unit: 'kbps'}`, and all other fields set to null. These values directly correspond to the user's request: 1000 devices and 700 kbps uplink. The unit 'kbps' is valid per the `RateUnitEnum`. All required fields in `SliceQosProfile` are present (`maxNumOfDevices`, `downStreamRatePerDevice`, `upStreamRatePerDevice`, `downStreamDelayBudget`, `upStreamDelayBudget`), with unspecified ones correctly set to null. The `serviceTime` and `serviceArea` are null as the user didn't specify them, following the rules. The only minor note is that the value 700 is within the schema's maximum of 1024 for Rate values, so it's valid. All argument types, formats, and contents are correct and aligned with the user's request.
]
"
True,0.85,"[
	The agent correctly selected the 'create_session' tool, which is the appropriate tool for deploying/creating a network slice reservation. The parameters were well-constructed: maxNumOfDevices set to 1800 as specified, both downStreamDelayBudget and upStreamDelayBudget set to 150 Milliseconds (the user said 'ms' so the unit was correctly interpreted), serviceTime and serviceArea correctly set to null since the user didn't specify them, and downstream/upstream rates set to null since they weren't mentioned. The only minor consideration is whether applying the latency tolerance to both upstream and downstream delay budgets is the best interpretation of 'latency tolerance of 150 ms' — it's a reasonable interpretation since the user didn't specify direction, though one could argue it should have been clarified. Overall, the tool selection and parameter population were appropriate and followed the stated rules.
	The agent correctly called `create_session` with well-structured arguments matching the tool's expected schema. The `maxNumOfDevices` was correctly set to 1800, `serviceTime` and `serviceArea` were correctly set to null (as the user didn't specify them), and `downStreamRatePerDevice`/`upStreamRatePerDevice` were correctly set to null. The latency value of 150 was correctly captured with unit 'Milliseconds' (the user said 'ms', which maps correctly). The only debatable point is that the user said 'latency tolerance of 150 ms' without specifying whether it applies to downstream, upstream, or both. The agent applied it to both `downStreamDelayBudget` and `upStreamDelayBudget`, which is a reasonable interpretation but could be seen as slightly over-specifying since the user gave a single latency value. However, applying latency to both directions is a sensible default interpretation. All argument types, structures, and formats match the tool's input schema correctly.
]
"
True,0.85,"[
	The agent correctly selected the 'create_session' tool, which is the appropriate tool for provisioning a network slice. The parameters were mostly well-formed: maxNumOfDevices=1300, serviceTime=null, serviceArea=null, downStreamRatePerDevice=null, upStreamRatePerDevice=null, and the delay budget was set to 200 Milliseconds (correctly using 'ms' as Milliseconds per rule 6). However, the user said 'packet delay budget of 200 ms' without specifying upstream vs downstream separately. The agent applied 200ms to both downStreamDelayBudget and upStreamDelayBudget, which is a reasonable interpretation but could be debated — the user mentioned a single 'packet delay budget' which could mean both directions. This is a minor ambiguity. Overall, the tool selection was correct and the only available tool for creating a slice reservation.
	The agent correctly called `create_session` with well-formed arguments that mostly align with the user's request. Specifically: (1) `maxNumOfDevices` is correctly set to 1300 as requested. (2) `serviceTime` and `serviceArea` are correctly null since the user didn't specify them. (3) `downStreamRatePerDevice` and `upStreamRatePerDevice` are correctly null since no throughput was mentioned. (4) The delay budget value of 200 with unit 'Milliseconds' is correct — the user said '200 ms', and the unit matches. (5) The only concern is that the user said 'packet delay budget of 200 ms' without specifying whether it applies to downstream, upstream, or both. The agent applied it to both `downStreamDelayBudget` and `upStreamDelayBudget`, which is a reasonable interpretation but could be seen as slightly over-specifying since the user mentioned a single 'packet delay budget'. However, applying it to both directions is a defensible and common interpretation for a general delay budget. All argument types, structures, and formats match the tool's expected input schema.
]
"
True,0.95,"[
	The agent correctly selected the 'create_session' tool, which is the only appropriate tool for establishing a new network slice reservation. The parameters were accurately populated: maxNumOfDevices set to 2400, upStreamRatePerDevice set to {value: 500, unit: 'kbps'}, and all unspecified fields (serviceTime, serviceArea, downStreamRatePerDevice, downStreamDelayBudget, upStreamDelayBudget) correctly set to null. The agent followed all the rules: it reused the user-provided unit 'kbps' without asking, didn't fabricate any values, and only populated fields explicitly mentioned by the user.
	The agent correctly called `create_session` with well-formed arguments that match the tool's expected schema. The `body` object includes `serviceTime: null`, `serviceArea: null`, and a `sliceQosProfile` with `maxNumOfDevices: 2400`, `upStreamRatePerDevice: {value: 500, unit: 'kbps'}`, `downStreamRatePerDevice: null`, `downStreamDelayBudget: null`, and `upStreamDelayBudget: null`. All of these align with the user's request: 2400 devices, 500 kbps uplink, and no other parameters specified. The unit 'kbps' is correctly taken from the user's input and matches the `RateUnitEnum` values. All required fields in the schema are present. The only minor note is that `serviceTime` and `serviceArea` are passed as `null` rather than being omitted, but the schema requires them so passing `null` is correct. The arguments are fully appropriate and well-aligned with the user's intent.
]
"
True,0.7,"[
	The agent correctly selected the 'create_session' tool, which is the appropriate tool for creating a network slice reservation. The downstream rate (220 Mbps) and latency (15 ms with 'Milliseconds' unit) were correctly populated. However, there is an issue: the user only mentioned 'latency under 15 ms' without specifying whether it applies to downstream, upstream, or both. The agent set both downStreamDelayBudget and upStreamDelayBudget to 15 ms. Per the rules, 'All fields stay null unless the user specifies them, never fabricate values.' The user's mention of 'latency' is ambiguous — it could reasonably be interpreted as applying to both directions, but a strict reading of the rules would suggest the agent should have asked for clarification or at minimum only applied it to the downstream direction (since the context is about downstream video inspections). Additionally, upStreamRatePerDevice was correctly left as null since the user didn't specify it. The tool choice itself was correct — create_session is the only appropriate tool for this task.
	The agent correctly set downStreamRatePerDevice to {value: 220, unit: 'Mbps'} and downStreamDelayBudget to {value: 15, unit: 'Milliseconds'}, both matching the user's request. serviceTime, serviceArea, maxNumOfDevices, and upStreamRatePerDevice were correctly set to null since the user didn't specify them. However, the agent also set upStreamDelayBudget to {value: 15, unit: 'Milliseconds'}, which the user did not request. The user said 'latency under 15 ms' which is ambiguous — it could mean overall latency or just downstream latency. Per rule 8 ('All fields stay null unless the user specifies them, never fabricate values'), setting upStreamDelayBudget without explicit user instruction is arguably fabricating a value. The downstream delay budget interpretation is reasonable since the user mentioned downstream rates specifically, but applying the same latency to upstream is an assumption. The types, formats, and structure of all arguments are correct and match the tool's expected schema.
]
"
True,0.95,"[
	The agent correctly selected the 'create_session' tool, which is the only appropriate tool for provisioning a new network slice. The parameters were correctly populated: maxNumOfDevices set to 300, downStreamRatePerDevice set to 140 Mbps (matching the user's specified unit), and all unspecified fields (serviceTime, serviceArea, upStreamRatePerDevice, downStreamDelayBudget, upStreamDelayBudget) were correctly left as null, adhering to the rules about not fabricating values. No unnecessary tool calls were made.
	The agent correctly called `create_session` with well-formed arguments that match the tool's expected schema. The `body` object includes `serviceTime: null`, `serviceArea: null`, and a `sliceQosProfile` with `maxNumOfDevices: 300`, `downStreamRatePerDevice: {value: 140, unit: 'Mbps'}`, and null values for `upStreamRatePerDevice`, `downStreamDelayBudget`, and `upStreamDelayBudget`. All of these align with the user's request: 300 devices, 140 Mbps downstream, and no other parameters specified. The types are correct (integer for value, string for unit, null for unspecified fields). The unit 'Mbps' matches the user's provided unit and is a valid enum value in `RateUnitEnum`. The only minor consideration is that the downstream rate value of 140 exceeds the schema's stated maximum of 1024 for Rate value — but 140 is well within that range, so this is fine. All required fields in the schema are present. The arguments are fully appropriate for the user's request.
]
"
True,0.75,"[
	The agent correctly selected the 'create_session' tool, which is the appropriate tool for establishing a network slice reservation. The parameters were mostly well-mapped: maxNumOfDevices=500, delay budget value=25 with unit='Milliseconds' (correctly using ms as the user specified 'ms'). The serviceTime and serviceArea were correctly set to null since the user didn't specify them, and downStreamRatePerDevice/upStreamRatePerDevice were correctly null. However, the user said 'packet delay budget of 25 ms' without specifying whether it applies to downstream, upstream, or both. The agent applied it to both downStreamDelayBudget and upStreamDelayBudget, which is a reasonable interpretation but could be seen as slightly over-interpreting the request. A minor deduction is warranted for applying the delay budget to both directions without confirming with the user, though this is a defensible choice.
	The agent correctly called 'create_session' with well-structured arguments matching the expected schema. The 'maxNumOfDevices' was correctly set to 500, 'serviceTime' and 'serviceArea' were correctly set to null (not specified by user), and 'downStreamRatePerDevice'/'upStreamRatePerDevice' were correctly null. The delay budget value of 25 with unit 'Milliseconds' is correct (user said '25 ms'). However, the user said 'packet delay budget of 25 ms' without specifying whether it applies to downstream, upstream, or both. The agent applied it to both 'downStreamDelayBudget' and 'upStreamDelayBudget', which is a reasonable interpretation but could be seen as fabricating a value for one direction if the user only intended one. This is a minor issue since applying a general 'packet delay budget' to both directions is a defensible interpretation. Overall, the arguments are well-formed, correctly typed, and mostly aligned with the user's request.
]
"
True,0.85,"[
	The agent correctly selected the 'create_session' tool, which is the appropriate tool for deploying a network slice reservation. The parameters were well-constructed: maxNumOfDevices set to 700 as specified, both downStreamDelayBudget and upStreamDelayBudget set to 4 Milliseconds (correctly applying the 'ms' unit as Milliseconds per rule 6), serviceTime and serviceArea correctly set to null (not specified by user per rule 5), and downstream/upstream rates set to null (not mentioned by user per rule 8). The only minor consideration is whether applying the latency cap to both upstream and downstream is the right interpretation of 'latency capped at 4 ms' — this is a reasonable interpretation since the user didn't specify directionality, and applying it to both directions is the safest approach for a control system. Overall, the tool selection and parameter population were appropriate and correct.
	The agent correctly called `create_session` with well-formed arguments that match the tool's expected schema. The `maxNumOfDevices` is correctly set to 700, `serviceTime` and `serviceArea` are correctly null (not specified by user), and `downStreamRatePerDevice`/`upStreamRatePerDevice` are correctly null. The latency value of 4 with unit 'Milliseconds' is correct per the user's '4 ms' specification. The unit 'Milliseconds' is a valid value in the TimeUnitEnum. However, the agent applied the latency cap to both `downStreamDelayBudget` and `upStreamDelayBudget`, while the user only said 'latency capped at 4 ms' without specifying direction. This is a reasonable interpretation since a general latency cap would logically apply to both directions, but it could also be seen as fabricating a value for one direction if the user intended only one. This is a minor ambiguity, so a small deduction is warranted. Overall, the argument types, structure, and content are correct and well-aligned with the user's request.
]
"
True,0.6,"[
	The agent correctly selected the 'create_session' tool, which is the appropriate tool for creating a network slice reservation. The parameters were mostly well-mapped: upStreamRatePerDevice was correctly set to 30 Mbps, and the delay budget unit was correctly set to 'Milliseconds' (matching the 'ms' from the user). However, there is a notable issue: the user said 'packet delay budget of 2 ms' without specifying whether it's upstream, downstream, or both. The agent populated both downStreamDelayBudget and upStreamDelayBudget with 2ms. While this is a reasonable interpretation for robotic welding (which likely needs low latency in both directions), the user's request was ambiguous and per rule 8 ('All fields stay null unless the user specifies them, never fabricate values'), the downStreamDelayBudget arguably should have been left null or the agent should have asked for clarification. The downStreamRatePerDevice was correctly left null since the user only specified uplink rates. The tool choice itself was correct — create_session is the only appropriate tool for this task.
	The agent correctly set upStreamRatePerDevice to {value: 30, unit: 'Mbps'} matching the user's request. The serviceTime, serviceArea, maxNumOfDevices, and downStreamRatePerDevice were correctly set to null since the user didn't specify them. However, the user said 'packet delay budget of 2 ms' without specifying directional distinction (upstream vs downstream). The agent populated both downStreamDelayBudget and upStreamDelayBudget with {value: 2, unit: 'Milliseconds'}. While populating both directions could be seen as a reasonable interpretation of a generic 'packet delay budget', the user only mentioned one delay budget value, and the rules state 'All fields stay null unless the user specifies them, never fabricate values.' Setting both upstream and downstream delay budgets when the user only said 'packet delay budget' is borderline — it's a reasonable interpretation but could be considered fabricating the directional split. The unit 'Milliseconds' is correct per rule 6 (though the user did provide 'ms', which maps to Milliseconds). The argument types and structure are all correct and match the tool's expected schema.
]
"
True,0.85,"[
	The agent correctly selected the 'create_session' tool, which is the appropriate tool for provisioning a network slice. The parameters were well-constructed: maxNumOfDevices set to 1600 as requested, both downStreamDelayBudget and upStreamDelayBudget set to 180 Milliseconds (correctly using 'Milliseconds' as the unit since 'ms' was provided), serviceTime and serviceArea correctly set to null since they weren't specified, and rate fields correctly set to null. The only minor concern is that the user said 'latency tolerance of 180 ms' without specifying upstream vs downstream separately, and the agent applied it to both directions, which is a reasonable interpretation. The tool selection was perfect - create_session is the only appropriate tool for this task.
	The agent called `create_session` with well-structured arguments that mostly align with the user's request and the tool's expected schema. Specifically: (1) `maxNumOfDevices` is correctly set to 1600 as requested. (2) `serviceTime` and `serviceArea` are correctly null since the user didn't specify them. (3) `downStreamRatePerDevice` and `upStreamRatePerDevice` are correctly null since no throughput was mentioned. (4) The latency value of 180 with unit 'Milliseconds' correctly matches the user's '180 ms'. (5) However, the user said 'latency tolerance of 180 ms' without specifying whether it applies to downstream, upstream, or both. The agent applied it to both `downStreamDelayBudget` and `upStreamDelayBudget`, which is a reasonable interpretation but could be seen as slightly over-specifying since the user gave a single general latency figure. This is a minor issue as applying latency to both directions is a sensible default interpretation. All argument types, structures, and formats match the tool's input schema correctly.
]
"
True,0.95,"[
	The agent correctly selected the 'create_session' tool, which is the only appropriate tool for establishing a new network slice reservation. The parameters were accurately populated: maxNumOfDevices set to 1100, upStreamRatePerDevice set to {value: 600, unit: 'kbps'}, and all unspecified fields (serviceTime, serviceArea, downStreamRatePerDevice, downStreamDelayBudget, upStreamDelayBudget) correctly set to null. The agent followed all the rules: it reused the user-provided unit 'kbps' without asking, didn't fabricate any values, and only populated fields explicitly mentioned by the user.
	The agent correctly called `create_session` with well-formed arguments that match the tool's expected schema. The `body` object includes `serviceTime: null`, `serviceArea: null`, and a `sliceQosProfile` with `maxNumOfDevices: 1100`, `upStreamRatePerDevice: {value: 600, unit: 'kbps'}`, and null values for `downStreamRatePerDevice`, `downStreamDelayBudget`, and `upStreamDelayBudget`. All of these align with the user's request: 1100 devices, 600 kbps uplink, and no other parameters specified. The unit 'kbps' is correctly reused from the user's input without asking for clarification (per rule 4). All required fields in the schema are present. The only minor note is that the Rate schema specifies a maximum value of 1024 for the rate value field, and 600 is within that range, so that's fine. All types, structures, and semantics are correct and aligned with the user's intent.
]
"
True,0.75,"[
	The agent correctly selected the 'create_session' tool, which is the appropriate tool for deploying a network slice reservation. The parameters were mostly well-mapped: upStreamRatePerDevice was correctly set to 350 Mbps, and the latency of 20 ms was correctly interpreted with 'Milliseconds' unit. The serviceTime, serviceArea, maxNumOfDevices, and downStreamRatePerDevice were correctly left as null since the user didn't specify them. However, there's a minor issue: the user said 'latency of 20 ms' without specifying whether it applies to downstream, upstream, or both. The agent applied it to both downStreamDelayBudget and upStreamDelayBudget, which is a reasonable interpretation but could be debated. The tool selection itself was perfect — create_session is the only appropriate tool for this task.
	The agent correctly structured the `create_session` call with proper types and formats. The upStreamRatePerDevice was correctly set to {value: 350, unit: 'Mbps'} matching the user's request. The serviceTime, serviceArea, maxNumOfDevices, and downStreamRatePerDevice were correctly set to null since the user didn't specify them. The latency unit 'ms' was correctly interpreted as 'Milliseconds' per rule 6. However, the user said 'latency of 20 ms' without specifying whether it applies to upstream, downstream, or both. The agent applied it to both downStreamDelayBudget and upStreamDelayBudget, which is a reasonable interpretation but could be seen as fabricating a value for one direction if the user only intended one. This is a minor issue since applying latency to both directions is a common and defensible default interpretation. All argument types, structures, and formats match the tool's expected input schema correctly.
]
"
True,0.85,"[
	The agent correctly selected the 'create_session' tool, which is the only appropriate tool for creating a network slice reservation. The parameters were well-constructed: maxNumOfDevices set to 90, both downStreamDelayBudget and upStreamDelayBudget set to 3 Milliseconds (correctly assuming ms means Milliseconds per rule 6), serviceTime and serviceArea correctly set to null (per rules 5 and 8), and rate fields correctly set to null since the user didn't specify them. The only minor consideration is whether 'packet delay budget' should apply to both upstream and downstream or just one direction - the user said 'packet delay budget' generically without specifying direction, so applying it to both is a reasonable interpretation. Overall, the tool selection and parameter population were appropriate and correct.
	The agent correctly called `create_session` with well-formed arguments matching the expected schema. The `maxNumOfDevices` was correctly set to 90, `serviceTime` and `serviceArea` were correctly set to null (not specified by user), and `downStreamRatePerDevice`/`upStreamRatePerDevice` were correctly set to null. The delay budget value of 3 with unit 'Milliseconds' is correct since the user specified '3 ms'. However, the user said 'packet delay budget of 3 ms' without specifying whether it applies to downstream, upstream, or both. The agent applied it to both `downStreamDelayBudget` and `upStreamDelayBudget`, which is a reasonable interpretation but could be seen as slightly over-specifying since the user didn't explicitly say 'both directions'. This is a minor issue as applying a general packet delay budget to both directions is a sensible default interpretation. All argument types, structures, and formats match the tool's expected input schema.
]
"
True,0.95,"[
	The agent correctly selected the 'create_session' tool, which is the only appropriate tool for provisioning a new network slice. The parameters were accurately populated: maxNumOfDevices set to 2000, upStreamRatePerDevice set to {value: 500, unit: 'kbps'}, and all unspecified fields (serviceTime, serviceArea, downStreamRatePerDevice, downStreamDelayBudget, upStreamDelayBudget) correctly set to null. The agent followed all the rules: it used the user-provided unit 'kbps' without asking for clarification, didn't fabricate any values, and only populated fields explicitly mentioned by the user.
	The agent correctly called `create_session` with well-formed arguments that match the tool's expected schema. The `body` object includes `serviceTime: null`, `serviceArea: null`, and a `sliceQosProfile` with `maxNumOfDevices: 2000`, `upStreamRatePerDevice: {value: 500, unit: 'kbps'}`, and null values for `downStreamRatePerDevice`, `downStreamDelayBudget`, and `upStreamDelayBudget`. All of these align with the user's request: 2000 devices, 500 kbps uplink, and no other parameters specified. The unit 'kbps' is correctly recognized from the user's input and matches the `RateUnitEnum` values. All required fields in the schema are present. The only minor note is that the `value` field for Rate has a maximum constraint of 1024, and 500 is within that range. Everything is correctly structured and semantically appropriate.
]
"
