success,score,reason
True,0.6,"[
	The agent correctly selected the 'create_session' tool, which is the appropriate tool for creating a network slice reservation. The parameters were mostly correct: maxNumOfDevices=40, downStreamRatePerDevice with 120 Mbps, and downStreamDelayBudget with 15 Milliseconds all match the user's request. serviceTime and serviceArea are correctly null. However, the agent fabricated the upStreamDelayBudget value (set to 15 Milliseconds) when the user only mentioned a 'packet delay budget' of 15 ms. While this could be interpreted as applying to both directions, the user's context was about 'keeping streams smooth' for downstream video, and per the rules, fields should stay null unless the user specifies them. The upStreamRatePerDevice was correctly set to null. This is a minor but notable deviation from the instruction to not fabricate values.
	The agent correctly populated most fields: serviceTime=null, serviceArea=null, maxNumOfDevices=40, downStreamRatePerDevice={value:120, unit:'Mbps'}, and downStreamDelayBudget={value:15, unit:'Milliseconds'} all match the user's request and tool schema. However, there are two issues: (1) upStreamRatePerDevice was correctly set to null since the user didn't specify upstream throughput. (2) upStreamDelayBudget was set to {value:15, unit:'Milliseconds'}, but the user only mentioned a 'packet delay budget of 15 ms' without specifying it should apply to upstream. Per the system rules ('All fields stay null unless the user specifies them, never fabricate values'), the upStreamDelayBudget should have been null. The user's mention of 'packet delay budget' is ambiguous but could reasonably be interpreted as applying to both directions; however, the strict instruction says not to fabricate values for unspecified fields. This is a moderate error — the argument types and structure are all correct, but the content of upStreamDelayBudget was fabricated rather than left null.
]
"
True,0.85,"[
	The agent correctly selected the 'create_session' tool, which is the appropriate tool for provisioning a network slice reservation. The parameters were well-constructed: upStreamRatePerDevice (50 Mbps), downStreamRatePerDevice (100 Mbps), and both delay budgets set to 20 Milliseconds match the user's request. The 'ms' unit was correctly interpreted as Milliseconds per rule 6. serviceTime and serviceArea were correctly left as null since the user didn't specify them (rule 5). maxNumOfDevices was correctly set to null since no device count was specified (rule 3/8). The only minor consideration is that the user said 'latency capped at 20 ms' generically, and the agent applied it to both upstream and downstream delay budgets, which is a reasonable interpretation. No unnecessary tools were called. The tool selection and parameterization are nearly perfect.
	The agent called `create_session` with well-structured arguments that largely match the user's request and the tool's expected schema. Specifically: (1) `serviceTime` and `serviceArea` are correctly set to null since the user didn't specify them. (2) `maxNumOfDevices` is correctly null since the user didn't specify a count. (3) `upStreamRatePerDevice` is correctly set to {value: 50, unit: 'Mbps'} matching the user's '50 Mbps' uplink request. (4) `downStreamRatePerDevice` is correctly set to {value: 100, unit: 'Mbps'} matching the user's '100 Mbps' downstream request. (5) Both `downStreamDelayBudget` and `upStreamDelayBudget` are set to {value: 20, unit: 'Milliseconds'}. The user said 'latency capped at 20 ms' which is slightly ambiguous — it could mean just one direction or both. Applying it to both directions is a reasonable interpretation, though the user didn't explicitly distinguish between upstream and downstream latency. The 'ms' unit was correctly interpreted as 'Milliseconds' per the rules. (6) All types and formats are correct — integers for values, proper enum strings for units. The minor deduction is for applying the latency cap to both upstream and downstream when the user only said 'latency' generically, though this is a defensible interpretation rather than a clear error.
]
"
True,0.6,"[
	The agent correctly selected the 'create_session' tool, which is the appropriate tool for creating a network slice reservation. The parameters were mostly correct: maxNumOfDevices=300, downStreamRatePerDevice with value=80 and unit='Mbps', serviceTime=null, serviceArea=null. However, there are two issues: (1) The agent set upStreamDelayBudget to {value: 25, unit: 'Milliseconds'}, but the user only mentioned 'packet delay budget of 25 ms' which is ambiguous — it could refer to both directions or just downstream. Setting upstream delay budget without explicit user instruction arguably violates rule 8 ('All fields stay null unless the user specifies them'). (2) The upStreamRatePerDevice was correctly set to null since the user didn't specify it. The tool selection itself (create_session) was correct and appropriate for the task.
	The agent correctly populated most fields: serviceTime=null, serviceArea=null, maxNumOfDevices=300, downStreamRatePerDevice={value:80, unit:'Mbps'}, and downStreamDelayBudget={value:25, unit:'Milliseconds'} all match the user's request and the tool schema. However, there are two issues: (1) upStreamRatePerDevice was set to null, which is correct since the user didn't specify upstream speed. (2) upStreamDelayBudget was set to {value:25, unit:'Milliseconds'}, but the user only mentioned 'a packet delay budget of 25 ms' without specifying it applies to upstream. Per the system rules ('All fields stay null unless the user specifies them, never fabricate values'), the upStreamDelayBudget should have been null since the user's mention of 'packet delay budget' is ambiguous but most naturally maps to downstream delay budget only. The agent fabricated the upstream delay budget value, violating rule 8. All argument types and structures are otherwise well-formed and match the tool's expected schema.
]
"
True,0.6,"[
	The agent correctly chose the 'create_session' tool, which is the appropriate tool for deploying a network slice reservation. The parameters were mostly well-constructed: downstream throughput of 300 Mbps, downstream delay budget of 10 ms, serviceTime and serviceArea as null (not specified by user), maxNumOfDevices as null (not specified), and upStreamRatePerDevice as null (not specified). However, the agent set upStreamDelayBudget to 10 ms, which the user did not explicitly request — the user said 'latency not exceeding 10 ms' which is ambiguous but could reasonably be interpreted as applying to both directions. This is a borderline fabrication per rule 8 ('All fields stay null unless the user specifies them'). The user said 'latency' generically, which could mean both directions, so this is debatable. The tool selection itself (create_session) was correct and no better tool was available. The slight issue is with the upStreamDelayBudget being populated when the user's intent was ambiguous — a more conservative approach would have been to only set downStreamDelayBudget or ask for clarification.
	The agent correctly called `create_session` with well-formed arguments matching the expected schema. The downstream throughput (300 Mbps) and its unit are correctly populated. The latency value of 10 with unit 'Milliseconds' is correct per the user's '10 ms' specification and rule 6. serviceTime and serviceArea are correctly null since the user didn't specify them. maxNumOfDevices is correctly null since no device count was given. upStreamRatePerDevice is correctly null since the user only mentioned downstream. However, the agent populated upStreamDelayBudget with value 10 and unit 'Milliseconds', which the user did not request — the user only said 'latency not exceeding 10 ms' which is ambiguous but could reasonably be interpreted as applying to both directions. Still, per rule 8 ('All fields stay null unless the user specifies them, never fabricate values'), the upstream delay budget was not explicitly requested and should arguably have been left null. This is a moderate violation — the interpretation is defensible but not strictly compliant with the rules.
]
"
True,0.95,"[
	The agent correctly selected the 'create_session' tool, which is the only appropriate tool for establishing a new network slice reservation. The arguments were properly constructed: maxNumOfDevices set to 500 as specified, downStreamRatePerDevice set to 60 Mbps matching the user's request with the correct unit, and all unspecified fields (serviceTime, serviceArea, upStreamRatePerDevice, downStreamDelayBudget, upStreamDelayBudget) were correctly set to null following the rules about not fabricating values. No unnecessary tools were called, and no better tool was available.
	The agent called `create_session` with well-formed arguments that closely match the user's request and the tool's expected schema. Specifically: (1) `serviceTime` is null — correct, since the user did not specify a time period. (2) `serviceArea` is null — correct, since the user did not specify a geographic area. (3) `maxNumOfDevices` is 500 — matches the user's request for 500 devices. (4) `downStreamRatePerDevice` has value 60 and unit 'Mbps' — matches the user's '60 Mbps' downstream rate. (5) `upStreamRatePerDevice` is null — correct, the user did not specify upstream. (6) `downStreamDelayBudget` and `upStreamDelayBudget` are null — correct, no latency was mentioned. All types are correct (integers for numeric values, strings for units, nulls for unspecified fields). The structure matches the CreateSession schema with all required fields present. The only minor note is that the agent did not fabricate any values, adhering to the rules. The arguments are fully appropriate for the user's request.
]
"
True,0.6,"[
	The agent correctly chose the 'create_session' tool, which is the appropriate tool for creating a network slice reservation. The parameters were mostly correct: serviceTime and serviceArea are null (as the user didn't specify them), maxNumOfDevices is null (not specified), downStreamRatePerDevice is correctly set to 150 Mbps, and the delay budget unit is correctly 'Milliseconds' (user said 'ms'). However, there is an issue: the agent set upStreamDelayBudget to {value: 15, unit: 'Milliseconds'}, but the user only mentioned 'packet delay budget of 15 ms' without specifying upstream separately. Per the rules, 'All fields stay null unless the user specifies them, never fabricate values.' The user said 'packet delay budget' which is ambiguous - it could reasonably be interpreted as applying to both downstream and upstream, but a strict reading of rule 8 would suggest only populating what was explicitly stated. The downstream delay budget interpretation is reasonable, but the upstream delay budget is arguably fabricated. Additionally, upStreamRatePerDevice is correctly null. The tool selection itself (create_session) was the correct and only appropriate tool for this task.
	The agent correctly populated serviceTime as null, serviceArea as null, maxNumOfDevices as null, downStreamRatePerDevice as {value: 150, unit: 'Mbps'}, and upStreamRatePerDevice as null — all aligned with the user's request and the rules. The downStreamDelayBudget was correctly set to {value: 15, unit: 'Milliseconds'}, matching the user's '15 ms' specification. However, the agent also set upStreamDelayBudget to {value: 15, unit: 'Milliseconds'}, which the user did not request. The user said 'packet delay budget of 15 ms' which is ambiguous — it could mean both directions or just downstream. Per rule 8 ('All fields stay null unless the user specifies them, never fabricate values'), the upstream delay budget should arguably have been left null since the user only explicitly mentioned 'packet delay budget' without specifying upstream separately. This is a moderate violation of the instructions. All argument types and structures are correct and match the tool's expected schema.
]
"
True,0.95,"[
	The agent correctly selected the 'create_session' tool, which is the only appropriate tool for provisioning a new network slice reservation. The arguments were well-formed: maxNumOfDevices set to 800 as specified, upStreamRatePerDevice set to {value: 40, unit: 'Mbps'} matching the user's '40 Mbps' uplink rate, and all unspecified fields (serviceTime, serviceArea, downStreamRatePerDevice, downStreamDelayBudget, upStreamDelayBudget) correctly set to null. The agent followed all the rules: it didn't fabricate values, correctly reused the 'Mbps' unit provided by the user without asking, and left optional fields as null. No unnecessary tool calls were made.
	The agent called `create_session` with well-formed arguments that closely match the user's request. Specifically: (1) `serviceTime` is null — correct, since the user did not specify a time period. (2) `serviceArea` is null — correct, since the user did not specify a geographic area. (3) `maxNumOfDevices` is 800 — matches the user's 'up to 800 devices'. (4) `upStreamRatePerDevice` has value 40 and unit 'Mbps' — matches the user's '40 Mbps' uplink rate. (5) `downStreamRatePerDevice` is null — correct, since the user only mentioned uplink. (6) `downStreamDelayBudget` and `upStreamDelayBudget` are null — correct, since no latency was mentioned. All argument types, structures, and values conform to the tool's expected schema. The only minor note is that the agent did not ask for clarification about whether the user might also want downstream rates for video sharing (attendees sharing clips might imply both directions), but per the rules, fields should stay null unless the user specifies them, so this is correct behavior.
]
"
True,0.6,"[
	The agent correctly chose the 'create_session' tool, which is the appropriate tool for creating a network slice reservation. The parameters were mostly well-constructed: downstream rate (100 Mbps), downstream delay budget (20 ms), serviceTime (null), serviceArea (null), maxNumOfDevices (null), and upStreamRatePerDevice (null) are all correct per the rules. However, the agent set upStreamDelayBudget to {value: 20, unit: 'Milliseconds'}, which the user did not specify — the user only mentioned 'latency around 20 ms' which is ambiguous but could reasonably be interpreted as applying to both directions. This is a borderline fabrication per rule 8 ('All fields stay null unless the user specifies them'). The tool selection itself (create_session) was correct and appropriate for the task.
	The agent called `create_session` with mostly correct arguments: serviceTime=null, serviceArea=null, downStreamRatePerDevice={value:100, unit:'Mbps'}, maxNumOfDevices=null, and upStreamRatePerDevice=null are all appropriate per the rules (fields stay null unless user specifies them). The downstream rate correctly uses 100 Mbps as specified by the user. The downStreamDelayBudget={value:20, unit:'Milliseconds'} is correct since the user said '20 ms'. However, the agent also set upStreamDelayBudget={value:20, unit:'Milliseconds'}, which the user did not request — the user said 'latency around 20 ms' which is ambiguous but could reasonably be interpreted as applying to both directions. The main issue is that per rule 8 ('All fields stay null unless the user specifies them, never fabricate values'), the upstream delay budget was not explicitly mentioned and should arguably have been left null. The user said 'latency around 20 ms' without specifying direction, so setting both is a reasonable but debatable interpretation. All argument types, formats, and structures are correct and match the tool's expected schema.
]
"
True,0.6,"[
	The agent correctly chose the 'create_session' tool, which is the appropriate tool for deploying a network slice reservation. The parameters were mostly correct: 200 devices, 200 Mbps downstream, serviceTime and serviceArea set to null as required. However, the agent fabricated the upStreamDelayBudget with value 10 and unit 'Milliseconds', which the user never specified — the user only mentioned 'packet delay budget of 10 ms', which could reasonably be interpreted as downstream delay budget only. Per the rules, 'All fields stay null unless the user specifies them, never fabricate values.' The upStreamDelayBudget should have been null. The upStreamRatePerDevice was correctly set to null. The tool selection itself (create_session) was correct and appropriate.
	The agent correctly populated most fields: serviceTime=null, serviceArea=null, maxNumOfDevices=200, downStreamRatePerDevice={value:200, unit:'Mbps'}, and upStreamRatePerDevice=null — all matching the user's request and the rules. The downStreamDelayBudget={value:10, unit:'Milliseconds'} is correct since the user said '10 ms' and the unit maps to 'Milliseconds'. However, the agent also set upStreamDelayBudget={value:10, unit:'Milliseconds'}, which the user never requested. Per rule 8 ('All fields stay null unless the user specifies them, never fabricate values'), the user only mentioned 'packet delay budget of 10 ms' which is ambiguous but was not explicitly stated for upstream. The agent fabricated the upstream delay budget value. The user said 'packet delay budget' generically, which could arguably apply to both directions, but the safer interpretation per the rules would be to either ask for clarification or apply it only to downstream. This is a notable deviation from the instructions. All argument types and structures are well-formed and match the tool's expected schema.
]
"
True,0.6,"[
	The agent correctly chose the 'create_session' tool, which is the appropriate tool for creating a network slice reservation. The parameters were mostly well-populated: downstream rate (90 Mbps), downstream delay budget (30 ms), serviceTime (null), serviceArea (null), maxNumOfDevices (null), and upStreamRatePerDevice (null) are all correct per the rules. However, the agent set upStreamDelayBudget to {value: 30, unit: 'Milliseconds'}, which the user did not request — the user only mentioned 'latency below 30 ms' which could be interpreted as general latency, but per rule 8 ('All fields stay null unless the user specifies them, never fabricate values'), the upstream delay budget should arguably be null since the user specifically mentioned 'latency' without distinguishing upstream vs downstream. That said, interpreting 'latency' as applying to both directions is a reasonable interpretation. The tool selection itself (create_session) was correct and no better tool was available.
	The agent correctly used `create_session` with proper structure and types. The downstream rate (90 Mbps) and downstream delay budget (30 ms with 'Milliseconds' unit) match the user's request. The serviceTime, serviceArea, maxNumOfDevices, and upStreamRatePerDevice are correctly null since the user didn't specify them. However, the agent set `upStreamDelayBudget` to {value: 30, unit: 'Milliseconds'}, which the user did not request — the user only mentioned 'latency below 30 ms' which could be interpreted as general latency, but per rule 8 ('All fields stay null unless the user specifies them, never fabricate values'), the upstream delay budget should arguably be null since the user specifically mentioned 'latency' without distinguishing upstream vs downstream. Setting upStreamDelayBudget to the same value as downStreamDelayBudget is a reasonable interpretation but still constitutes fabricating a value not explicitly requested. This is a moderate issue.
]
"
True,0.95,"[
	The agent correctly selected the 'create_session' tool, which is the only appropriate tool for provisioning a new network slice. The arguments were well-formed: maxNumOfDevices set to 600 as specified, upStreamRatePerDevice set to 35 Mbps matching the user's request, and all unspecified fields (serviceTime, serviceArea, downStreamRatePerDevice, downStreamDelayBudget, upStreamDelayBudget) correctly set to null following the rules about not fabricating values. The unit 'Mbps' was correctly reused from the user's input without asking for clarification. No unnecessary tool calls were made.
	The agent called `create_session` with well-formed arguments that closely match the user's request. Specifically: (1) `serviceTime` is null — correct, since the user did not specify a time period. (2) `serviceArea` is null — correct, since the user mentioned 'public square' as context but did not provide geographic coordinates or area definitions. (3) `maxNumOfDevices` is 600 — matches the user's request for 600 devices. (4) `upStreamRatePerDevice` has value 35 and unit 'Mbps' — correctly reflects '35 Mbps' uplink rate specified by the user. (5) `downStreamRatePerDevice` is null — correct, since the user only specified uplink rates. (6) `downStreamDelayBudget` and `upStreamDelayBudget` are null — correct, as no latency was mentioned. All argument types, structures, and values are valid and aligned with the tool's schema and the user's intent. The only minor consideration is that the user mentioned 'social media usage' which could imply downstream needs, but per the rules, fields should stay null unless explicitly specified, so this is handled correctly.
]
"
True,0.6,"[
	The agent correctly chose the 'create_session' tool, which is the appropriate tool for establishing a network slice reservation. The parameters were mostly correct: serviceTime and serviceArea are null (as per rules), downstream rate is correctly set to 120 Mbps, maxNumOfDevices is null (not specified by user), and upStreamRatePerDevice is null (not specified). However, there is an issue: the user said 'packet delay budget of 15 ms' without specifying upstream vs downstream separately. The agent populated both downStreamDelayBudget and upStreamDelayBudget with 15ms. Per rule 8 ('All fields stay null unless the user specifies them, never fabricate values'), the upStreamDelayBudget should arguably remain null since the user only mentioned a general 'packet delay budget' — though this is somewhat ambiguous and could reasonably be interpreted as applying to both directions. The tool selection itself (create_session) was correct and appropriate.
	The agent called `create_session` with mostly correct arguments: serviceTime=null, serviceArea=null, downStreamRatePerDevice={value:120, unit:'Mbps'}, upStreamRatePerDevice=null, and maxNumOfDevices=null are all appropriate per the rules (fields stay null unless specified). The downStreamDelayBudget={value:15, unit:'Milliseconds'} is correct since the user said '15 ms'. However, the agent also set upStreamDelayBudget={value:15, unit:'Milliseconds'}, which violates rule 8 ('All fields stay null unless the user specifies them, never fabricate values'). The user said 'packet delay budget of 15 ms' which is ambiguous — it could mean both directions or just downstream. However, the user did not explicitly specify an upstream delay budget separately, and the system instructions are strict about not fabricating values. A more conservative interpretation would set upStreamDelayBudget to null, or at minimum the agent should have asked for clarification. This is a meaningful error as it fabricates a value for a field the user did not unambiguously specify. All other fields and types are correctly structured and match the tool's expected schema.
]
"
True,0.6,"[
	The agent correctly selected the 'create_session' tool, which is the appropriate tool for creating a network slice reservation. The parameters were mostly correct: downstream rate of 500 Mbps, delay budget of 8 ms (correctly assumed Milliseconds per rule 6), serviceTime and serviceArea correctly set to null, maxNumOfDevices correctly null, and upStreamRatePerDevice correctly null. However, the agent set upStreamDelayBudget to 8 ms as well, which the user did not request — the user only mentioned 'latency capped at 8 ms' which is ambiguous but could reasonably be interpreted as applying to both directions. This is a minor issue. Per rule 8, 'All fields stay null unless the user specifies them' — the user said 'latency capped at 8 ms' without specifying direction, so applying it to both downstream and upstream is a reasonable interpretation, though setting only downStreamDelayBudget and leaving upStreamDelayBudget null would have been more conservative. The tool selection itself was correct.
	The agent correctly set serviceTime and serviceArea to null (not specified by user), downStreamRatePerDevice to {value: 500, unit: 'Mbps'} matching the user's request, maxNumOfDevices to null (not specified), and upStreamRatePerDevice to null (not specified). The downStreamDelayBudget was correctly set to {value: 8, unit: 'Milliseconds'} matching the user's '8 ms' with the rule that ms implies Milliseconds. However, the agent also set upStreamDelayBudget to {value: 8, unit: 'Milliseconds'}, which the user did not explicitly request — the user said 'latency capped at 8 ms' which is ambiguous but could reasonably apply to both directions. This is a borderline fabrication per rule 8 ('All fields stay null unless the user specifies them, never fabricate values'). The user said 'latency' generically, which could be interpreted as applying to both upstream and downstream, but a strict reading of the rules would suggest only populating what's explicitly stated. The types, formats, and structure of all arguments are correct and match the tool's expected schema.
]
"
True,0.9,"[
	The agent correctly selected the 'create_session' tool, which is the only appropriate tool for creating a network slice reservation. The arguments were properly constructed: maxNumOfDevices=150, downStreamRatePerDevice with value=70 and unit='Mbps' matching the user's request, and all unspecified fields (serviceTime, serviceArea, upStreamRatePerDevice, downStreamDelayBudget, upStreamDelayBudget) were correctly set to null following the rules. The agent did not use unnecessary tools and did not fabricate any values. The unit 'Mbps' was correctly reused from the user's input without asking for clarification, per rule 4.
	The agent called `create_session` with well-formed arguments that closely match the user's request. Specifically: (1) `serviceTime` is correctly null since the user didn't specify a time period. (2) `serviceArea` is correctly null since the user didn't specify a geographic area (mentioning 'harbor area' is contextual, not a defined geographic specification). (3) `maxNumOfDevices` is correctly set to 150 as requested. (4) `downStreamRatePerDevice` is correctly set to {value: 70, unit: 'Mbps'} matching the user's '70 Mbps'. (5) `upStreamRatePerDevice`, `downStreamDelayBudget`, and `upStreamDelayBudget` are correctly null since the user didn't specify them. All argument types, structures, and values conform to the tool's expected schema. The only minor consideration is that the user mentioned 'harbor area' which could potentially be interpreted as a service area, but per the rules, service area stays null unless explicitly specified with geographic parameters, so this is handled correctly.
]
"
True,0.6,"[
	The agent correctly chose 'create_session' which is the appropriate tool for deploying a network slice. The parameters were mostly correct: downstream rate (80 Mbps), delay budget (25 ms as Milliseconds), serviceTime and serviceArea as null, maxNumOfDevices as null, and upStreamRatePerDevice as null — all following the rules. However, the agent set upStreamDelayBudget to 25 Milliseconds, which the user did not specify. The user said '25 ms latency' which is ambiguous but could reasonably be interpreted as applying to both directions. Still, per rule 8 ('All fields stay null unless the user specifies them, never fabricate values'), the upstream delay budget arguably should have been null since the user only mentioned 'latency' generically without specifying upstream. This is a borderline interpretation issue. The tool selection itself (create_session) was correct and appropriate.
	The agent correctly used `create_session` with well-formed arguments matching the schema. The downstream rate (80 Mbps) and delay budget (25 ms as Milliseconds) are correctly populated. serviceTime and serviceArea are correctly null. maxNumOfDevices is correctly null (user didn't specify). upStreamRatePerDevice is correctly null (user didn't specify). However, there is an issue: the user said '25 ms latency' generically, and the agent populated BOTH downStreamDelayBudget and upStreamDelayBudget with 25 ms. Per rule 8 ('All fields stay null unless the user specifies them, never fabricate values'), the user only mentioned 'latency' without distinguishing upstream vs downstream. While setting both could be a reasonable interpretation of a generic 'latency' requirement, it could also be seen as fabricating the upstream delay budget since the user's context was 'media consumption' (primarily downstream). This is a borderline case but represents a slight overreach. The types, formats, and structure of all arguments are correct and valid.
]
"
True,0.55,"[
	The agent correctly chose the 'create_session' tool, which is the appropriate tool for provisioning a network slice. However, there are issues with the parameter population. The user said 'packet delay budget of 12 ms' without specifying upstream vs downstream separately - the agent applied it to both downStreamDelayBudget and upStreamDelayBudget, which is a reasonable interpretation. The upStreamRatePerDevice was correctly set to 200 Mbps. However, the downStreamRatePerDevice was correctly left as null since the user only mentioned uplink. The main concern is that the user said 'packet delay budget' generically - applying it to both directions is debatable but reasonable. The unit 'Milliseconds' was correctly assumed per rule 6 since 'ms' was provided (though 'ms' is actually a unit, the mapping to 'Milliseconds' enum value is correct). The tool selection itself was correct - create_session is the right tool. The serviceTime and serviceArea were correctly left as null. maxNumOfDevices was correctly null. Overall good tool selection with minor parameter interpretation issues.
	The agent called create_session with mostly correct structure and types, but there are notable issues with the arguments: (1) The user said 'packet delay budget of 12 ms' — this is a single delay budget mention. The agent applied it to both downStreamDelayBudget and upStreamDelayBudget. Per the rules ('All fields stay null unless the user specifies them, never fabricate values'), the user only mentioned a generic 'packet delay budget' without specifying downstream vs upstream separately. Applying it to both is a reasonable interpretation but arguably fabricates a downstream delay budget the user didn't explicitly request. A stricter reading would set only upStreamDelayBudget (since the context is about uplink capacity) or ask for clarification. (2) The user specified '200 Mbps per device' for uplink — this was correctly mapped to upStreamRatePerDevice with value 200 and unit 'Mbps'. (3) downStreamRatePerDevice is correctly null since the user didn't specify it. (4) serviceTime and serviceArea are correctly null. (5) maxNumOfDevices is correctly null. (6) The unit 'Milliseconds' for the 12 ms delay budget is correct per rule 6. The main deduction is for populating downStreamDelayBudget when the user arguably only specified a packet delay budget in the context of uplink prioritization, and the rules state fields should stay null unless specified by the user.
]
"
True,0.95,"[
	The agent correctly selected the 'create_session' tool, which is the only appropriate tool for establishing a new network slice reservation. The arguments were properly constructed: maxNumOfDevices set to 250, downStreamRatePerDevice set to 100 Mbps (correctly reusing the user-provided unit without asking again), and all unspecified fields (serviceTime, serviceArea, upStreamRatePerDevice, downStreamDelayBudget, upStreamDelayBudget) were correctly set to null, following the rules that fields stay null unless the user specifies them. No unnecessary tool calls were made.
	The agent called `create_session` with well-formed arguments that closely match the user's request. Specifically: (1) `serviceTime` is null — correct, since the user didn't specify a time period. (2) `serviceArea` is null — correct, since the user didn't specify an area. (3) `maxNumOfDevices` is 250 — matches the user's '250 devices'. (4) `downStreamRatePerDevice` has value 100 and unit 'Mbps' — matches '100 Mbps' from the user. (5) `upStreamRatePerDevice` is null — correct, user didn't mention upstream. (6) `downStreamDelayBudget` and `upStreamDelayBudget` are null — correct, user didn't mention latency. All types are correct (integers for numeric values, strings for enums, nulls for unspecified fields). The structure matches the expected `CreateSession` schema. The only minor note is that the agent's tool definition uses strict mode requiring all fields in `required`, but the agent correctly passes null for unspecified ones, which is valid per the schema's `anyOf` with null type. Everything aligns with the user's request and the tool's expected input format.
]
"
True,0.6,"[
	The agent correctly chose the 'create_session' tool, which is the appropriate tool for creating a network slice reservation. The parameters were mostly correct: downstream rate of 150 Mbps, downstream delay budget of 20 ms, serviceTime and serviceArea as null, maxNumOfDevices as null, and upStreamRatePerDevice as null — all consistent with the rules. However, the agent fabricated the upStreamDelayBudget (set to 20 ms) when the user only mentioned 'latency below 20 ms' which could be interpreted as applying to both directions, but per rule 8 ('All fields stay null unless the user specifies them, never fabricate values'), the upstream delay budget was not explicitly requested. The user said 'latency below 20 ms' which is ambiguous — it could reasonably apply to both directions or just downstream. This is a borderline case, but strictly following the rules, setting upStreamDelayBudget without explicit user specification is a minor violation. The tool selection itself (create_session) was correct and appropriate.
	The agent called `create_session` with mostly correct arguments: serviceTime=null, serviceArea=null, downStreamRatePerDevice={value:150, unit:'Mbps'}, maxNumOfDevices=null, and upStreamRatePerDevice=null are all appropriate per the rules (fields stay null unless user specifies them). The downstream rate correctly uses 150 Mbps as specified. The downStreamDelayBudget={value:20, unit:'Milliseconds'} is correct since the user said 'latency below 20 ms'. However, the agent also populated upStreamDelayBudget={value:20, unit:'Milliseconds'}, which the user did not request. The user said 'latency below 20 ms' which is ambiguous but could reasonably be interpreted as general latency. Still, per rule 8 ('All fields stay null unless the user specifies them, never fabricate values'), setting upStreamDelayBudget to the same value is a borderline fabrication since the user only mentioned 'latency' generically without specifying upstream separately. The types and formats of all arguments are correct and match the tool's expected schema. The main issue is the potentially unwarranted population of upStreamDelayBudget.
]
"
True,0.6,"[
	The agent correctly chose 'create_session' which is the appropriate tool for deploying a network slice reservation. The parameters were mostly correct: downstream rate (120 Mbps), downstream delay budget (10 ms as Milliseconds), serviceTime and serviceArea as null, maxNumOfDevices as null, and upStreamRatePerDevice as null — all following the rules. However, the agent set upStreamDelayBudget to {value: 10, unit: 'Milliseconds'} even though the user only mentioned '10 ms latency' generically. While this could be interpreted as applying to both directions, the user specifically said 'latency' without distinguishing upstream vs downstream. Setting both delay budgets could be a reasonable interpretation, but per rule 8 ('All fields stay null unless the user specifies them, never fabricate values'), the upstream delay budget is arguably fabricated since the user didn't explicitly request it. This is a minor issue as the interpretation is debatable. The tool selection itself (create_session) was correct and no better tool was available.
	The agent correctly used `create_session` with proper structure and types. The downstream rate (120 Mbps) and delay budget (10 ms as Milliseconds) match the user's request. serviceTime and serviceArea are correctly null, and maxNumOfDevices is null since the user didn't specify it. upStreamRatePerDevice is correctly null since the user only mentioned downstream. However, the agent set upStreamDelayBudget to {value: 10, unit: 'Milliseconds'}, which the user did not request — the user said '10 ms latency' which is ambiguous but could reasonably apply to both directions. Still, per rule 8 ('All fields stay null unless the user specifies them, never fabricate values'), the upstream delay budget was not explicitly mentioned and should arguably be null. Additionally, the user mentioned 'in a city park' as a service area, but the agent left serviceArea as null. While the user didn't provide specific coordinates or polygon data, the mention of a location could warrant clarification rather than ignoring it entirely. These are moderate issues: one field was fabricated (upStreamDelayBudget) and a potential service area was ignored without asking for clarification.
]
"
True,0.6,"[
	The agent correctly chose the 'create_session' tool, which is the appropriate tool for provisioning a network slice. The parameters were mostly correct: downstream rate of 90 Mbps and delay budget of 10 Milliseconds were properly set. However, the agent violated rule 8 ('All fields stay null unless the user specifies them, never fabricate values') by setting upStreamDelayBudget to {value: 10, unit: 'Milliseconds'} when the user only mentioned 'packet delay budget of 10 ms' — which could arguably apply to both directions, but the user did not explicitly specify an upstream delay budget separately. The upstream rate was correctly left null, and serviceTime/serviceArea were correctly null. The tool selection itself was correct (create_session is the right tool), but the parameter population was partially incorrect due to the fabricated upstream delay budget value.
	The agent correctly called `create_session` with well-formed arguments that match the tool's expected schema. The downstream rate (90 Mbps) and its unit are correct. The serviceTime and serviceArea are correctly null. maxNumOfDevices is correctly null. upStreamRatePerDevice is correctly null. The downStreamDelayBudget is correctly set to {value: 10, unit: 'Milliseconds'}. However, the user said 'packet delay budget of 10 ms' — this is a single general latency specification. The agent populated upStreamDelayBudget with {value: 10, unit: 'Milliseconds'} as well, but the user did not explicitly specify an upstream delay budget. Per the system rules ('All fields stay null unless the user specifies them, never fabricate values'), the upStreamDelayBudget should have been null. This is a fabrication of a value not requested by the user. The rest of the arguments are appropriate and correctly structured.
]
"
True,0.55,"[
	The agent correctly chose the 'create_session' tool, which is the appropriate tool for creating a network slice reservation. The parameters were mostly correct: serviceTime and serviceArea are null (as they should be since the user didn't specify them), maxNumOfDevices is null (not specified by user), and upStreamRatePerDevice is correctly set to 20 Mbps. However, there are issues with the parameter mapping: (1) The user said 'packet delay budget of 3 ms' which is a general term - the agent set both downStreamDelayBudget and upStreamDelayBudget to 3ms. While setting both could be a reasonable interpretation of a general 'packet delay budget', the user only explicitly mentioned uplink rates, suggesting the focus is on uplink. Setting downStreamDelayBudget could be seen as fabricating a value not explicitly requested, though 'packet delay budget' is ambiguous. (2) downStreamRatePerDevice is correctly null since the user only specified uplink rates. The tool selection itself is correct - create_session is the only appropriate tool for this task.
	The agent called create_session with mostly correct structure and types, but there are notable issues with the arguments: (1) The user said 'packet delay budget of 3 ms' — this is a general delay budget, not explicitly split into downstream and upstream. However, applying it to both downStreamDelayBudget and upStreamDelayBudget is a reasonable interpretation. (2) The user specified 'uplink rates of 20 Mbps' — the upStreamRatePerDevice was correctly set to {value: 20, unit: 'Mbps'}. (3) downStreamRatePerDevice was correctly set to null since the user didn't mention downstream rates. (4) However, the downStreamDelayBudget was set to {value: 3, unit: 'Milliseconds'} — the user said 'packet delay budget' without specifying downstream vs upstream. Setting both is a defensible interpretation, but setting only upStreamDelayBudget (since the context is uplink-focused with delivery robots sending data) or both could be argued. This is a minor issue. (5) serviceTime and serviceArea are correctly null. (6) maxNumOfDevices is correctly null. (7) The unit 'ms' was correctly interpreted as 'Milliseconds' per rule 6. (8) The unit 'Mbps' was correctly reused per rule 4. The main concern is that the user said 'packet delay budget' generically, and the agent populated both downstream and upstream delay budgets — while this could be seen as fabricating the downstream delay budget value (rule 8 says fields stay null unless specified), it's also a reasonable interpretation that a general 'packet delay budget' applies to both directions. This is a borderline case that slightly reduces the score.
]
"
True,0.6,"[
	The agent correctly selected the 'create_session' tool, which is the appropriate tool for provisioning a network slice. The parameters were mostly correct: maxNumOfDevices=60, downStreamRatePerDevice with value=30 and unit='Mbps', and downStreamDelayBudget with value=5 and unit='Milliseconds' all match the user's request. However, the agent also populated upStreamDelayBudget with value=5 and unit='Milliseconds', which the user did not request — the user only said 'latency capped at 5 ms' which is ambiguous but could reasonably be interpreted as applying to both directions. Per the system instructions (rule 8: 'All fields stay null unless the user specifies them, never fabricate values'), the upStreamDelayBudget should arguably have been left null since the user specifically mentioned only 'latency' without distinguishing upstream vs downstream. The serviceTime and serviceArea were correctly set to null, and upStreamRatePerDevice was correctly set to null. The tool choice itself was correct — create_session is the only appropriate tool for this task.
	The agent called `create_session` with mostly correct arguments: serviceTime=null, serviceArea=null (correct per rules), maxNumOfDevices=60, downStreamRatePerDevice={value:30, unit:'Mbps'}, and downStreamDelayBudget={value:5, unit:'Milliseconds'} are all correctly derived from the user's request. However, the agent set upStreamDelayBudget to {value:5, unit:'Milliseconds'}, which the user did not request — the user said 'latency capped at 5 ms' which is ambiguous but could reasonably apply to both directions. The more significant issue is that per rule 8 ('All fields stay null unless the user specifies them, never fabricate values'), the upstream delay budget should arguably be null since the user didn't explicitly mention upstream latency. The upStreamRatePerDevice was correctly set to null. Overall, the argument types and structure are valid and well-formed, but the upStreamDelayBudget was fabricated rather than left null, which violates the stated rules.
]
"
True,0.6,"[
	The agent correctly chose the 'create_session' tool, which is the appropriate tool for establishing a network slice reservation. The parameters were mostly correct: serviceTime and serviceArea are null (as they should be since the user didn't specify them), maxNumOfDevices is null, upStreamRatePerDevice is correctly set to 25 Mbps, and both delay budgets are set to 2 Milliseconds. However, there is an issue: the user said 'ultra-low latency of 2 ms' without specifying whether it applies to downlink, uplink, or both. While setting both delay budgets to 2ms is a reasonable interpretation for 'ultra-low latency', the downStreamRatePerDevice was set to null (correct since user didn't mention it), but the downStreamDelayBudget being populated could be seen as fabricating a value the user didn't explicitly request for that direction. Additionally, the user only mentioned 'uplink throughput of 25 Mbps' which was correctly mapped. The tool selection itself was perfect - create_session is the only appropriate tool for this task. The slight deduction is for the ambiguity in how the latency was applied (both directions) which could be debated, but is a reasonable interpretation.
	The agent correctly called create_session with proper structure and types. The upStreamRatePerDevice (25 Mbps) and delay budgets (2 ms as Milliseconds) are correctly populated per the user's request. serviceTime, serviceArea, maxNumOfDevices, and downStreamRatePerDevice are correctly null since the user didn't specify them. However, the user said 'ultra-low latency of 2 ms' without specifying directional latency — this is ambiguous but setting both downStreamDelayBudget and upStreamDelayBudget to 2ms is a reasonable interpretation. The main issue is that the downStreamDelayBudget was populated with value 2 and unit Milliseconds, but the user only explicitly mentioned 'latency of 2 ms' generically. Per rule 8 ('All fields stay null unless the user specifies them, never fabricate values'), one could argue that setting both directional delay budgets is acceptable since 'latency' could reasonably apply to both directions. This is borderline. The more significant concern is that the user said 'prioritizing ultra-low latency' which is a general latency requirement — populating both directions is a defensible choice. Overall the arguments are well-formed and mostly aligned with the user's intent, with a minor question about whether both delay budgets should have been set versus just one or asking for clarification.
]
"
True,0.6,"[
	The agent correctly chose the 'create_session' tool, which is the appropriate tool for deploying a network slice reservation. The parameters were mostly correct: downstream rate of 50 Mbps, downstream delay budget of 1 ms (Milliseconds), serviceTime and serviceArea as null (not specified by user), maxNumOfDevices as null (not specified), and upStreamRatePerDevice as null (not specified). However, the agent fabricated the upStreamDelayBudget with value 1 and unit 'Milliseconds', which the user did not request. The user only mentioned 'packet delay budget' which is ambiguous but was applied to both downstream and upstream. Per the rules, 'All fields stay null unless the user specifies them, never fabricate values.' The upstream delay budget should have been null. The tool selection itself was correct, but the parameter population was partially incorrect due to this fabrication.
	The agent correctly called `create_session` with well-formed arguments matching the expected schema. The `serviceTime` and `serviceArea` are correctly null (not specified by user). The `downStreamRatePerDevice` is correctly set to {value: 50, unit: 'Mbps'} and `maxNumOfDevices` is correctly null (not specified). The `downStreamDelayBudget` is correctly set to {value: 1, unit: 'Milliseconds'}. However, there is a significant issue: the user said '1 ms packet delay budget' without specifying upstream vs downstream separately. The agent populated `upStreamDelayBudget` with {value: 1, unit: 'Milliseconds'} as well. While this could be a reasonable interpretation (packet delay budget often applies bidirectionally), the system rules state 'All fields stay null unless the user specifies them, never fabricate values.' The user did not explicitly specify an upstream delay budget separately, so populating it could be considered fabrication. Additionally, `upStreamRatePerDevice` is correctly null since the user only mentioned downstream. The structural format and types of all arguments are correct and match the schema expectations.
]
"
True,0.85,"[
	The agent correctly selected the 'create_session' tool, which is the appropriate tool for creating a network slice reservation. The parameters were well-constructed: maxNumOfDevices set to 120 as requested, both downStreamDelayBudget and upStreamDelayBudget set to 4 Milliseconds (correctly interpreting 'ms' as Milliseconds per rule 6), serviceTime and serviceArea correctly set to null (not specified by user per rule 5), and downStreamRatePerDevice/upStreamRatePerDevice correctly set to null (not specified by user per rule 8). The only minor consideration is whether applying the 4ms latency to both upstream and downstream delay budgets is the ideal interpretation of 'latency not exceeding 4 ms' — it's a reasonable interpretation since the user didn't specify direction. No unnecessary tools were called.
	The agent called `create_session` with well-structured arguments that mostly align with the user's request and the tool's expected schema. Specifically: (1) `maxNumOfDevices` is correctly set to 120, matching the user's request for 120 devices. (2) `serviceTime` and `serviceArea` are correctly set to null since the user did not specify them. (3) `downStreamRatePerDevice` and `upStreamRatePerDevice` are correctly set to null since no throughput was requested. (4) The latency value of 4 with unit 'Milliseconds' is correct — the user said '4 ms', and 'ms' maps to 'Milliseconds'. (5) Both `downStreamDelayBudget` and `upStreamDelayBudget` are set to {value: 4, unit: 'Milliseconds'}. The user said 'latency not exceeding 4 ms' without specifying downstream vs upstream separately, so applying it to both directions is a reasonable interpretation. However, one could argue the user's generic 'latency' statement could also mean only one direction or that the agent should have asked for clarification. This is a minor concern. Overall, the argument types, structure, and values are correct and well-aligned with the tool's schema and the user's intent.
]
"
True,0.55,"[
	The agent correctly chose the 'create_session' tool, which is the appropriate tool for provisioning a network slice. The parameters were mostly correct: upStreamRatePerDevice was set to 40 Mbps as requested, and the latency was set to 5 ms with 'Milliseconds' unit (correct per rule 6 since 'ms' was given). serviceTime, serviceArea, maxNumOfDevices, and downStreamRatePerDevice were correctly set to null. However, the agent set both downStreamDelayBudget and upStreamDelayBudget to 5 ms. The user said 'latency under 5 ms' without specifying upstream vs downstream. While setting both could be a reasonable interpretation, the user's request was specifically about uplink rates, suggesting the latency concern may be general. The more significant issue is that the user said 'latency under 5 ms' which is ambiguous - setting both delay budgets is a defensible choice. However, per rule 8 ('All fields stay null unless the user specifies them, never fabricate values'), setting downStreamDelayBudget could be seen as fabricating a value since the user only mentioned generic 'latency'. This is a borderline case - the deduction is for potentially over-populating the downStreamDelayBudget field when the user's intent was ambiguous.
	The agent called create_session with mostly correct structure and types. Positive aspects: serviceTime and serviceArea are correctly null (user didn't specify them), maxNumOfDevices is null (not specified), upStreamRatePerDevice correctly has value 40 and unit 'Mbps', downStreamRatePerDevice is correctly null (not specified), and the latency unit 'Milliseconds' is correct per rule 6 since 'ms' was given. However, there is a significant issue: the user said 'latency under 5 ms' without specifying directional latency. The agent populated both downStreamDelayBudget and upStreamDelayBudget with value 5 and unit 'Milliseconds'. Per rule 8 ('All fields stay null unless the user specifies them, never fabricate values'), the user gave a general latency requirement without distinguishing upstream vs downstream. While populating both could be seen as a reasonable interpretation of a general latency constraint, it could also be argued that the agent should have asked for clarification or applied it more conservatively. More critically, the user only mentioned uplink rates, so populating downStreamDelayBudget could be seen as fabricating a value the user didn't explicitly request. This is a partial violation of rule 8.
]
"
True,0.6,"[
	The agent correctly chose the 'create_session' tool, which is the appropriate tool for establishing a network slice reservation. The parameters were mostly correct: downstream rate of 60 Mbps, downStreamDelayBudget of 3 Milliseconds, and null values for serviceTime, serviceArea, maxNumOfDevices, and upStreamRatePerDevice — all consistent with the rules. However, the agent incorrectly populated 'upStreamDelayBudget' with {value: 3, unit: 'Milliseconds'} when the user only mentioned 'packet delay budget of 3 ms'. The user said 'packet delay budget' which is ambiguous but could reasonably apply to both directions. However, per rule 8 ('All fields stay null unless the user specifies them, never fabricate values'), the upstream delay budget was not explicitly requested and should have been left null — or at minimum, the agent should have clarified. The tool selection itself (create_session) was correct and appropriate.
	The agent correctly called `create_session` with well-formed arguments matching the expected schema. The downstream rate (60 Mbps) and delay budget (3 ms as Milliseconds) are correctly populated per the user's request. The serviceTime, serviceArea, maxNumOfDevices, and upStreamRatePerDevice are correctly set to null since the user didn't specify them. However, the agent incorrectly populated `upStreamDelayBudget` with {value: 3, unit: 'Milliseconds'}. The user only mentioned 'packet delay budget of 3 ms' which is ambiguous but could refer to downstream delay only or both. Per rule 8 ('All fields stay null unless the user specifies them, never fabricate values'), the user said 'packet delay budget' without explicitly specifying upstream delay, so setting upStreamDelayBudget to the same value is a fabrication/assumption. It should have been set to null, or at minimum the agent should have asked for clarification. This is a meaningful error in argument correctness relative to the user's stated requirements.
]
"
True,0.85,"[
	The agent correctly selected the 'create_session' tool, which is the appropriate tool for deploying a network slice reservation. The parameters were mostly well-constructed: maxNumOfDevices=300, serviceTime=null, serviceArea=null, downStreamRatePerDevice=null, upStreamRatePerDevice=null are all correct per the rules (only populate fields the user specified). The latency was correctly set to 4 Milliseconds (the user said 'ms', which maps to Milliseconds). However, the agent applied the latency cap to both downStreamDelayBudget and upStreamDelayBudget. The user said 'latency capped at 4 ms' without specifying direction, so applying it to both directions is a reasonable interpretation, though one could argue it's slightly over-specifying since the user didn't explicitly mention both directions. Overall, the tool selection was correct and the parameterization was appropriate.
	The agent called `create_session` with well-structured arguments that mostly align with the user's request and the tool's expected schema. Specifically: (1) `maxNumOfDevices` is correctly set to 300, matching the user's request for 300 devices. (2) `serviceTime` and `serviceArea` are correctly set to null since the user did not specify them, following the rules. (3) `downStreamRatePerDevice` and `upStreamRatePerDevice` are correctly set to null since no throughput was requested. (4) The latency value of 4 with unit 'Milliseconds' is correct — the user said '4 ms', and 'ms' maps to 'Milliseconds'. (5) Both `downStreamDelayBudget` and `upStreamDelayBudget` are set to {value: 4, unit: 'Milliseconds'}. This is a reasonable interpretation since the user said 'latency capped at 4 ms' without specifying direction, applying it to both directions is a sensible default. However, one could argue that the user's generic 'latency' mention could also mean only one direction or that the agent should have asked for clarification. This is a minor concern. All argument types, structures, and formats are correct and match the tool's schema. The slight deduction is for the assumption of applying latency to both directions without explicit user confirmation, though this is a reasonable interpretation.
]
"
True,0.6,"[
	The agent correctly selected the 'create_session' tool, which is the appropriate tool for creating a network slice reservation. The parameters were mostly correct: maxNumOfDevices=80, upStreamRatePerDevice with 30 Mbps, serviceTime=null, serviceArea=null, and downStreamRatePerDevice=null are all appropriate. The latency unit 'ms' was correctly interpreted as 'Milliseconds'. However, there is an issue: the user said 'latency below 5 ms' without specifying upstream vs downstream. The agent applied the 5ms delay budget to both downStreamDelayBudget and upStreamDelayBudget. While applying it to both is a reasonable interpretation of a general latency requirement, the rules state 'All fields stay null unless the user specifies them, never fabricate values.' The user didn't explicitly distinguish between upstream and downstream latency, so applying it to both could be seen as a reasonable default interpretation. The downStreamRatePerDevice was correctly left as null since the user only specified uplink rates. Overall, the tool selection was correct but the parameter population had a minor debatable issue with applying latency to both directions.
	The agent correctly used `create_session` with proper structure and types. The arguments that were correct: `serviceTime: null`, `serviceArea: null` (user didn't specify these), `maxNumOfDevices: 80`, `upStreamRatePerDevice: {value: 30, unit: 'Mbps'}`, and `downStreamRatePerDevice: null` (user only specified uplink). The latency unit 'Milliseconds' is correct since the user said 'ms'. However, there is a significant issue: the user said 'latency below 5 ms' without specifying upstream vs downstream separately. The agent populated both `downStreamDelayBudget` and `upStreamDelayBudget` with {value: 5, unit: 'Milliseconds'}. While applying latency to both directions is a reasonable interpretation of a general 'latency' requirement, the rules state 'All fields stay null unless the user specifies them, never fabricate values.' The user said 'latency below 5 ms' generically, which could reasonably apply to both directions, so populating both is defensible but slightly aggressive. This is a borderline case - a strict reading of rule 8 might suggest the agent should have asked which direction(s), but applying a general latency constraint to both is a common and reasonable interpretation. The deduction is moderate.
]
"
True,0.55,"[
	The agent correctly chose the 'create_session' tool, which is the appropriate tool for provisioning a network slice. The parameters were mostly correct: upStreamRatePerDevice (10 Mbps) and delay budget unit (Milliseconds for 'ms') were properly set. However, the agent populated both downStreamDelayBudget and upStreamDelayBudget with the 6ms value, when the user only said 'packet delay budget of 6 ms' without specifying direction. While applying it to both directions is a reasonable interpretation, the rules state 'All fields stay null unless the user specifies them, never fabricate values.' The user's mention of 'packet delay budget' is ambiguous regarding direction, so applying it to both is debatable but could be seen as fabricating a value for one direction. Additionally, downStreamRatePerDevice was correctly left null since the user only specified uplink. serviceTime and serviceArea were correctly null. maxNumOfDevices was correctly null. The tool selection itself was perfect - create_session is the only appropriate tool for this task.
	The agent called `create_session` with structurally valid arguments matching the expected schema. However, there are semantic issues with the arguments relative to the user's request:

1. **upStreamRatePerDevice**: Correctly set to {value: 10, unit: 'Mbps'} — matches the user's '10 Mbps uplink per device'. ✅

2. **Packet delay budget**: The user said 'packet delay budget of 6 ms' without specifying upstream vs downstream. The agent set both `downStreamDelayBudget` and `upStreamDelayBudget` to {value: 6, unit: 'Milliseconds'}. Setting both is a reasonable interpretation, though the user only mentioned a single 'packet delay budget'. This is acceptable but slightly over-specified. The unit 'Milliseconds' is correct per rule 6 (user said 'ms' which is a unit, but Milliseconds is the correct enum mapping). ✅

3. **downStreamRatePerDevice**: Set to null — correct since the user only specified uplink. ✅

4. **maxNumOfDevices**: Set to null — correct since the user didn't specify a number of devices. ✅

5. **serviceTime and serviceArea**: Both null — correct per rules 5 and 8. ✅

6. **Major issue — downStreamDelayBudget**: The user said 'packet delay budget of 6 ms'. This is ambiguous — it could mean both directions or just one. Setting both is a defensible interpretation. However, per rule 8 ('All fields stay null unless the user specifies them, never fabricate values'), one could argue the user didn't explicitly specify separate downstream and upstream delay budgets. The user said a single 'packet delay budget' which could reasonably apply to both directions, so this is borderline.

The main concern is whether setting both delay budgets violates rule 8. The user's 'packet delay budget' is generic and doesn't distinguish directions, so applying it to both is a reasonable interpretation rather than fabrication. However, a stricter reading of rule 8 might suggest only populating one or asking for clarification.

Overall, the arguments are well-formed and mostly aligned with the user's request, with a minor ambiguity in how the delay budget was applied to both directions.
]
"
True,0.75,"[
	The agent correctly chose the 'create_session' tool, which is the appropriate tool for establishing a network slice reservation. The parameters were mostly correct: serviceTime and serviceArea are null (as they should be since the user didn't specify them), maxNumOfDevices is null, downStreamRatePerDevice is correctly set to 25 Mbps, and downStreamDelayBudget is correctly set to 5 Milliseconds. However, the agent also set upStreamDelayBudget to 5 Milliseconds, which the user did not request. The user said 'prioritizing latency of 5 ms' which is ambiguous — it could mean both upstream and downstream, or just general latency. Per the rules, 'All fields stay null unless the user specifies them, never fabricate values.' The user mentioned 'latency' generically, so setting both delay budgets could be considered a reasonable interpretation, but it could also be seen as fabricating the upstream delay budget value. The upStreamRatePerDevice is correctly null. Overall, the tool selection was correct but the parameter population was slightly over-specified.
	The agent correctly called `create_session` with well-formed arguments that match the tool's expected schema. The downstream rate (25 Mbps) and downstream delay budget (5 ms) are correctly populated per the user's request. The serviceTime, serviceArea, maxNumOfDevices, and upStreamRatePerDevice are correctly set to null since the user didn't specify them. However, the agent also populated `upStreamDelayBudget` with {value: 5, unit: 'Milliseconds'}, which the user did not explicitly request. The user said 'prioritizing latency of 5 ms' which is ambiguous — it could mean both directions or just downstream. Per the system rules ('All fields stay null unless the user specifies them, never fabricate values'), setting the upstream delay budget without explicit user instruction is arguably a fabrication. This is a moderate issue since the user's mention of 'latency' could reasonably be interpreted as applying to both directions, but the strict rules say to keep fields null unless specified. All types, formats, and structure are otherwise correct.
]
"
True,0.85,"[
	The agent correctly selected the 'create_session' tool, which is the appropriate tool for deploying a network slice reservation. The parameters were well-constructed: maxNumOfDevices set to 50 as requested, both downStreamDelayBudget and upStreamDelayBudget set to 2 Milliseconds (correctly applying rule 6 since 'ms' was given, which maps to Milliseconds), serviceTime and serviceArea correctly set to null (not specified by user), and downStreamRatePerDevice/upStreamRatePerDevice correctly set to null (not specified). The only minor consideration is whether applying the 2ms latency cap to both upstream and downstream delay budgets is the most accurate interpretation of 'latency capped at 2 ms' — it's a reasonable interpretation since the user said 'latency' generically without specifying direction. No unnecessary tools were called, and no better tool was available.
	The agent called `create_session` with well-structured arguments that mostly align with the user's request and the tool's expected schema. Specifically: (1) `serviceTime` is correctly null since the user didn't specify it. (2) `serviceArea` is correctly null since the user didn't specify it. (3) `maxNumOfDevices` is correctly set to 50 as requested. (4) `downStreamRatePerDevice` and `upStreamRatePerDevice` are correctly null since no throughput was mentioned. (5) The latency unit 'Milliseconds' is correctly applied per rule 6, since the user said '2 ms' which maps to milliseconds. (6) Both `downStreamDelayBudget` and `upStreamDelayBudget` are set to {value: 2, unit: 'Milliseconds'}. The user said 'latency capped at 2 ms' without distinguishing between upstream and downstream, so applying it to both directions is a reasonable interpretation. A minor concern is that the user said 'ms' which already indicates milliseconds — so this isn't a case of missing units requiring assumption, but the result is the same. The arguments are well-formed, correctly typed, and semantically aligned with the user's request. The slight deduction is because applying the latency cap to both directions is an interpretation rather than an explicit user instruction, though it is a reasonable default for a general latency cap.
]
"
True,0.5,"[
	The agent correctly chose the 'create_session' tool, which is the appropriate tool for creating a network slice reservation. However, there are issues with the parameter values. The user specified 'packet delay budget of 7 ms' without specifying whether it's upstream or downstream. The agent populated both downStreamDelayBudget and upStreamDelayBudget with 7ms, which is a reasonable interpretation for a generic 'packet delay budget'. However, the user only specified 'uplink rates of 20 Mbps' but the agent left downStreamRatePerDevice as null (correct) while setting upStreamRatePerDevice correctly. The main issue is that the rules state 'All fields stay null unless the user specifies them' (rule 8). The user said 'packet delay budget' generically - populating both upstream and downstream delay budgets is debatable but arguably reasonable. The tool selection itself (create_session) was correct and appropriate. No unnecessary tools were called.
	The agent correctly set upStreamRatePerDevice to {value: 20, unit: 'Mbps'} matching the user's request. The upStreamDelayBudget was correctly set to {value: 7, unit: 'Milliseconds'} per the user's 'ms' specification. serviceTime, serviceArea, maxNumOfDevices, and downStreamRatePerDevice were correctly set to null since the user didn't specify them. However, the agent also populated downStreamDelayBudget with {value: 7, unit: 'Milliseconds'}, which the user did not request. The user said 'packet delay budget of 7 ms' which is ambiguous but could be interpreted as applying to both directions. However, per the system rules (rule 8: 'All fields stay null unless the user specifies them, never fabricate values'), the user only explicitly mentioned 'packet delay budget' without specifying downstream separately. This is a borderline interpretation issue - 'packet delay budget' could reasonably apply to both directions or just the uplink (given the uplink context of the request). Setting downStreamDelayBudget when the user didn't explicitly request it is a mild violation of rule 8, reducing the score.
]
"
True,0.85,"[
	The agent correctly selected the 'create_session' tool, which is the appropriate tool for provisioning a network slice reservation. The parameters were well-constructed: maxNumOfDevices set to 150, both downStreamDelayBudget and upStreamDelayBudget set to 5 Milliseconds (correctly assuming ms unit per rule 6), serviceTime and serviceArea correctly set to null (not specified by user), and downStreamRatePerDevice/upStreamRatePerDevice correctly set to null (not requested). The only minor consideration is whether applying the 5ms latency to both upstream and downstream delay budgets is the most accurate interpretation of 'latency under 5 ms' — the user said 'latency' generically, so applying it to both directions is a reasonable interpretation. No unnecessary tools were called, and no better tool was available.
	The agent called `create_session` with well-structured arguments that mostly align with the user's request and the tool's expected schema. Specifically: (1) `serviceTime` is correctly null since the user didn't specify it. (2) `serviceArea` is correctly null since the user didn't specify it. (3) `maxNumOfDevices` is correctly set to 150 as requested. (4) `downStreamRatePerDevice` and `upStreamRatePerDevice` are correctly null since no throughput was mentioned. (5) The latency value of 5 with unit 'Milliseconds' is correct per the user's '5 ms' specification and rule 6. (6) Both `downStreamDelayBudget` and `upStreamDelayBudget` are set to 5ms, which is a reasonable interpretation of 'latency under 5 ms' since the user didn't distinguish between upstream and downstream. The minor concern is that the user said 'under 5 ms' which implies strictly less than 5, but the tool only accepts integer values so 5 is the closest reasonable approximation. Overall the arguments are well-formed, correctly typed, and appropriately aligned with the user's request.
]
"
True,0.85,"[
	The agent correctly selected the 'create_session' tool, which is the appropriate tool for establishing a network slice reservation. The parameters were mostly well-constructed: maxNumOfDevices=400, serviceTime=null, serviceArea=null, downStreamRatePerDevice=null, upStreamRatePerDevice=null are all correct per the rules (only populate what the user specifies). The latency was set to 6 Milliseconds which correctly follows rule 6 (the user said 'ms' which is milliseconds). However, the agent applied the latency cap to both downStreamDelayBudget and upStreamDelayBudget. The user said 'latency capped at 6 ms' without specifying direction, so applying it to both directions is a reasonable interpretation, though one could argue it's slightly over-specifying. Overall, the tool selection was correct and the parameterization was appropriate.
	The agent called `create_session` with well-structured arguments that mostly align with the user's request and the tool's schema. Specifically: (1) `serviceTime` is correctly null since the user didn't specify it. (2) `serviceArea` is correctly null since the user didn't specify it. (3) `maxNumOfDevices` is correctly set to 400 as requested. (4) `downStreamRatePerDevice` and `upStreamRatePerDevice` are correctly null since no throughput was mentioned. (5) The delay budget value of 6 with unit 'Milliseconds' is correct — the user said '6 ms', and per the rules, 'ms' maps to 'Milliseconds'. (6) Both `downStreamDelayBudget` and `upStreamDelayBudget` are set to 6 ms. The user said 'latency capped at 6 ms' without specifying upstream vs downstream separately. Applying the latency cap to both directions is a reasonable interpretation, though one could argue the user only mentioned a single latency cap and the agent could have asked for clarification. This is a minor concern. Overall, the argument types, formats, and structure are correct and well-aligned with the tool's expected schema and the user's request.
]
"
True,0.6,"[
	The agent correctly chose the 'create_session' tool, which is the appropriate tool for deploying a network slice reservation. The parameters were mostly correct: downstream rate of 80 Mbps, downstream delay budget of 5ms with 'Milliseconds' unit (correctly inferred from 'ms'), serviceTime and serviceArea correctly set to null, maxNumOfDevices correctly null, and upStreamRatePerDevice correctly null. However, the agent fabricated the upStreamDelayBudget by setting it to 5 Milliseconds — the user only specified 'latency of 5 ms' which is ambiguous but could reasonably be interpreted as applying to both directions. That said, the system rules state 'All fields stay null unless the user specifies them, never fabricate values.' The user said 'latency of 5 ms' without specifying upstream vs downstream, so applying it to both is a reasonable interpretation, though setting only downstream and leaving upstream null would have been more conservative. The tool selection itself (create_session) was correct and appropriate.
	The agent correctly used `create_session` with proper structure and types. The downstream rate (80 Mbps) and downstream delay budget (5 ms, unit 'Milliseconds') are correctly populated per the user's request. The serviceTime, serviceArea, maxNumOfDevices, and upStreamRatePerDevice are correctly set to null since the user didn't specify them. However, the agent also populated `upStreamDelayBudget` with {value: 5, unit: 'Milliseconds'}, which the user did not request — the user only said 'latency of 5 ms' which is ambiguous but could reasonably be interpreted as applying to both directions. Still, per the rules ('All fields stay null unless the user specifies them, never fabricate values'), the upstream delay budget was not explicitly mentioned and should arguably remain null. This is a moderate issue: the interpretation is defensible but not strictly compliant with the instructions to only populate fields the user explicitly specified.
]
"
True,0.75,"[
	The agent correctly selected the 'create_session' tool, which is the appropriate tool for creating a network slice reservation. The parameters were mostly well-formed: maxNumOfDevices=70, serviceTime=null, serviceArea=null, downStreamRatePerDevice=null, upStreamRatePerDevice=null are all correct per the rules. The delay budget value of 4 with unit 'Milliseconds' is correct since the user said '4 ms'. However, the agent set both downStreamDelayBudget and upStreamDelayBudget to {value:4, unit:'Milliseconds'}, while the user only said 'packet delay budget of 4 ms' without specifying direction. This is a reasonable interpretation since 'packet delay budget' is ambiguous and could apply to both directions, but per rule 8 ('All fields stay null unless the user specifies them, never fabricate values'), one could argue that setting both is a slight overreach since the user didn't explicitly specify both upstream and downstream. Still, 'packet delay budget' is commonly understood to apply bidirectionally, so this is a defensible choice. The tool selection itself was perfect - create_session is the only appropriate tool for this task.
	The agent called `create_session` with well-structured arguments that mostly align with the user's request. Correct aspects: `maxNumOfDevices` is 70 (matching the user's request), `serviceTime` and `serviceArea` are null (user didn't specify them), `downStreamRatePerDevice` and `upStreamRatePerDevice` are null (user didn't specify throughput), and the delay budget value of 4 with unit 'Milliseconds' correctly interprets '4 ms'. However, the user said 'packet delay budget' without specifying upstream vs downstream separately. The agent applied the 4ms delay budget to both `downStreamDelayBudget` and `upStreamDelayBudget`. This is a reasonable interpretation but could be debated — the user mentioned a single 'packet delay budget' which could mean both directions or could be ambiguous. This is a minor issue. All argument types, structures, and formats are correct and match the tool's expected schema.
]
"
True,0.6,"[
	The agent correctly chose the 'create_session' tool, which is the appropriate tool for provisioning a network slice. However, there are issues with the parameter mapping. The user said 'latency not exceeding 2 ms' which is a general latency constraint. The agent correctly set upStreamDelayBudget to 2ms and used 'Milliseconds' as the unit (correct per rule 6, though the user did provide 'ms'). The upStreamRatePerDevice was correctly set to 15 Mbps. However, the agent also set downStreamDelayBudget to 2ms, which could be considered reasonable since the user said 'latency' generically (not specifying upstream or downstream). The main concern is that per rule 8 ('All fields stay null unless the user specifies them, never fabricate values'), the downStreamDelayBudget could be debated - the user said 'latency not exceeding 2 ms' without specifying direction, so applying it to both directions is a reasonable interpretation. The downStreamRatePerDevice was correctly left null. The serviceTime and serviceArea were correctly null. The maxNumOfDevices was correctly null. Overall, the tool selection was correct but the parameter population has a minor ambiguity issue with the delay budget interpretation.
	The agent correctly used `create_session` with proper structure and types. The following aspects were handled well: serviceTime=null, serviceArea=null (user didn't specify these), maxNumOfDevices=null (not specified), downStreamRatePerDevice=null (not specified), upStreamRatePerDevice with value=15 and unit='Mbps' (correctly matching '15 Mbps' from user), and upStreamDelayBudget with value=2 and unit='Milliseconds' (correctly matching '2 ms' with the ms-to-Milliseconds rule). However, the agent also populated downStreamDelayBudget with value=2 and unit='Milliseconds', which the user did not explicitly request. The user said 'latency not exceeding 2 ms' which is ambiguous — it could mean both directions or just general latency. Per the rules, 'All fields stay null unless the user specifies them, never fabricate values.' The user said 'latency not exceeding 2 ms' without specifying upstream vs downstream, so interpreting this as both directions is a reasonable but debatable choice. A strict reading of rule 8 would suggest only populating fields explicitly mentioned. Since the user's phrasing is ambiguous, this is a partial issue. The upStreamRatePerDevice is correctly set. Overall the structure and types are correct, but the downStreamDelayBudget population is questionable given the strict null-unless-specified rule.
]
"
True,0.85,"[
	The agent correctly selected the 'create_session' tool, which is the appropriate tool for establishing a network slice reservation. The parameters were well-constructed: maxNumOfDevices set to 200, both downStreamDelayBudget and upStreamDelayBudget set to 5 Milliseconds (correctly applying the 'ms' unit as Milliseconds per rule 6), serviceTime and serviceArea correctly set to null (not specified by user), and downStreamRatePerDevice/upStreamRatePerDevice correctly set to null (not specified by user). The only minor consideration is whether applying the latency cap to both upstream and downstream is the ideal interpretation of 'latency capped at 5 ms' — it's a reasonable interpretation since the user said 'latency' generically without specifying direction. No unnecessary tools were called, and no better tool was available.
	The agent called `create_session` with well-structured arguments that mostly align with the user's request and the tool's expected schema. Specifically: (1) `serviceTime` is correctly null since the user didn't specify it. (2) `serviceArea` is correctly null since the user didn't specify it. (3) `maxNumOfDevices` is correctly set to 200 as requested. (4) `downStreamRatePerDevice` and `upStreamRatePerDevice` are correctly null since no throughput was mentioned. (5) The latency value of 5 with unit 'Milliseconds' is correct — the user said '5 ms', and the unit mapping is appropriate. (6) Both `downStreamDelayBudget` and `upStreamDelayBudget` are set to 5 ms. The user said 'latency capped at 5 ms' without distinguishing between upstream and downstream, so applying it to both directions is a reasonable interpretation. However, one could argue that the user's generic 'latency' mention could also mean only one direction should be set, or that the agent should have asked for clarification. This is a minor ambiguity but the agent's interpretation is defensible. All argument types, structures, and formats match the tool's expected input schema correctly.
]
"
True,0.6,"[
	The agent correctly chose the 'create_session' tool, which is the appropriate tool for deploying a network slice reservation. The parameters were mostly correct: downstream rate of 1 Gbps, downstream delay budget of 1 ms with 'Milliseconds' unit (correctly inferred since 'ms' was provided), serviceTime and serviceArea correctly set to null, maxNumOfDevices correctly null, and upStreamRatePerDevice correctly null. However, the agent incorrectly populated upStreamDelayBudget with value 1 and unit 'Milliseconds' — the user only specified 'packet delay budget of 1 ms', which is ambiguous but could reasonably be interpreted as applying to both directions. That said, per the rules ('All fields stay null unless the user specifies them, never fabricate values'), the user said 'packet delay budget' without specifying upstream, so setting upStreamDelayBudget is arguably fabricating a value. This is a minor but notable deviation from the instructions. The tool selection itself was correct — create_session is the right tool for this task.
	The agent correctly used `create_session` with proper structure and types. The downstream rate (1 Gbps) and its unit are correctly mapped. The serviceTime and serviceArea are correctly null. maxNumOfDevices is correctly null since the user didn't specify it. upStreamRatePerDevice is correctly null. However, the user said 'packet delay budget of 1 ms' which is a single general statement — the agent populated both downStreamDelayBudget and upStreamDelayBudget with {value: 1, unit: 'Milliseconds'}. The user did not explicitly distinguish between downstream and upstream delay budgets, so populating upStreamDelayBudget is arguably a fabrication (rule 8 says 'All fields stay null unless the user specifies them, never fabricate values'). A strict interpretation would leave upStreamDelayBudget as null since the user only said 'packet delay budget' without specifying upstream. However, 'packet delay budget' could reasonably be interpreted as applying to both directions. The unit 'Milliseconds' is correct per rule 6 (the user said 'ms' which is a unit, but Milliseconds is the correct enum mapping). Overall the types and structure are correct, but the upStreamDelayBudget inclusion is debatable — it's a partial violation of the 'don't fabricate' rule.
]
"
True,0.95,"[
	The agent correctly selected the 'create_session' tool, which is the only appropriate tool for creating a network slice reservation. The arguments were properly constructed: maxNumOfDevices set to 3000, upStreamRatePerDevice set to {value: 1, unit: 'Mbps'}, and all unspecified fields (serviceTime, serviceArea, downStreamRatePerDevice, downStreamDelayBudget, upStreamDelayBudget) correctly set to null. The agent followed all the rules: it used the user-provided unit 'Mbps' without asking, didn't fabricate values for unspecified fields, and correctly interpreted '3000 devices' and '1 Mbps uplink'. No unnecessary tool calls were made.
	The agent called `create_session` with well-formed arguments that closely match the user's request. Specifically: (1) `serviceTime` is null — correct, since the user didn't specify a time period. (2) `serviceArea` is null — correct, since the user didn't specify a precise service area (mentioning 'city district' is descriptive context, not a defined area). (3) `maxNumOfDevices` is 3000 — matches 'up to 3000 devices'. (4) `upStreamRatePerDevice` has value 1 and unit 'Mbps' — matches 'uplink rates of 1 Mbps per device'. (5) `downStreamRatePerDevice` is null — correct, user only specified uplink. (6) `downStreamDelayBudget` and `upStreamDelayBudget` are null — correct, no latency was mentioned. All types are correct (integers for numeric values, strings for enums, nulls for unspecified fields). The structure matches the expected `CreateSession` schema. The only minor consideration is whether the 'city district' mention should have prompted a serviceArea, but per the rules, service area stays null unless the user specifies it with concrete parameters, so null is appropriate.
]
"
True,0.6,"[
	The agent correctly selected the 'create_session' tool, which is the appropriate tool for provisioning a network slice. The parameters were mostly correct: maxNumOfDevices=2500, serviceTime=null, serviceArea=null, downStreamRatePerDevice=null, upStreamRatePerDevice=null, and the delay budget value of 100 with unit 'Milliseconds' (correctly using ms as the unit since the user said '100 ms'). However, the agent set both downStreamDelayBudget and upStreamDelayBudget to 100ms, while the user only mentioned 'packet delay budget' generically. This is a reasonable interpretation since packet delay could apply to both directions, but it could also be seen as fabricating a value for one direction. Per rule 8, 'All fields stay null unless the user specifies them, never fabricate values.' The user said 'packet delay budget' without specifying direction, so applying it to both is a debatable but somewhat reasonable interpretation. The tool selection itself was perfect - create_session is the only appropriate tool for this task.
	The agent called `create_session` with mostly correct arguments: `serviceTime` and `serviceArea` are correctly null, `maxNumOfDevices` is correctly set to 2500, and `downStreamRatePerDevice`/`upStreamRatePerDevice` are correctly null. The delay budget value of 100 with unit 'Milliseconds' is correct (the user said '100 ms'). However, the user said 'packet delay budget of 100 ms' without specifying whether it applies to downstream, upstream, or both. The agent applied it to both `downStreamDelayBudget` and `upStreamDelayBudget`, which is a reasonable interpretation but could be seen as fabricating a value for one direction if the user only intended one. This is a borderline case - applying to both is a defensible default. The argument types, structure, and formats all match the tool's expected schema correctly. The slight deduction is for the ambiguity in applying the delay budget to both directions when the user's intent was not explicitly for both.
]
"
True,0.95,"[
	The agent correctly selected the 'create_session' tool, which is the only appropriate tool for establishing a new network slice reservation. The arguments were properly constructed: maxNumOfDevices set to 4000, upStreamRatePerDevice set to {value: 500, unit: 'kbps'} matching the user's specification, and all unspecified fields (serviceTime, serviceArea, downStreamRatePerDevice, downStreamDelayBudget, upStreamDelayBudget) were correctly set to null following the rules about not fabricating values. The unit 'kbps' was correctly reused from the user's input without asking for clarification, adhering to rule 4. No unnecessary tool calls were made.
	The agent correctly called `create_session` with well-formed arguments that match the tool's expected schema. Specifically: (1) `serviceTime` is null as the user didn't specify it — correct per rules. (2) `serviceArea` is null as the user didn't specify it — correct per rules. (3) `maxNumOfDevices` is 4000, matching the user's request for 4000 devices. (4) `upStreamRatePerDevice` has value 500 and unit 'kbps', correctly reflecting the user's '500 kbps' specification. (5) `downStreamRatePerDevice` is null since the user only mentioned uplink rates — correct per the rule to not fabricate values. (6) `downStreamDelayBudget` and `upStreamDelayBudget` are both null since no latency was mentioned — correct. All types are correct (integers for numeric values, strings for units, nulls where appropriate). The only minor note is that the unit 'kbps' was provided with the value by the user, and the agent correctly reused it without asking, following rule 4. The arguments are fully aligned with the user's request and the tool's schema.
]
"
True,0.75,"[
	The agent correctly selected the 'create_session' tool, which is the appropriate tool for deploying a network slice reservation. The parameters were mostly well-constructed: maxNumOfDevices=1800, serviceTime=null, serviceArea=null, downStreamRatePerDevice=null, upStreamRatePerDevice=null are all correct per the rules. The latency of 150 ms was correctly interpreted with unit 'Milliseconds' (the user provided 'ms' so the unit was given). However, the agent applied the 150ms delay budget to both downStreamDelayBudget and upStreamDelayBudget. The user said 'latency tolerance of 150 ms' without specifying direction, so applying it to both directions is a reasonable interpretation, though one could argue it should have been clarified. This is a minor issue. The tool selection itself was perfect - create_session is the only appropriate tool for this task.
	The agent called `create_session` with well-structured arguments that mostly align with the user's request. Correct aspects: `maxNumOfDevices` is 1800 as requested, `serviceTime` and `serviceArea` are null (not specified by user), `downStreamRatePerDevice` and `upStreamRatePerDevice` are null (not specified by user), and the delay budget value of 150 with unit 'Milliseconds' correctly reflects the user's '150 ms'. However, the user said 'latency tolerance of 150 ms' without specifying whether it applies to downstream, upstream, or both. The agent applied it to both `downStreamDelayBudget` and `upStreamDelayBudget`, which is a reasonable interpretation but could be seen as slightly over-specifying since the user didn't explicitly differentiate. This is a minor issue. All argument types, structures, and formats are correct and match the tool's expected schema.
]
"
True,0.95,"[
	The agent correctly selected the 'create_session' tool, which is the only appropriate tool for creating a network slice reservation. The arguments were properly constructed: maxNumOfDevices set to 1200, upStreamRatePerDevice set to {value: 800, unit: 'kbps'}, and all unspecified fields (serviceTime, serviceArea, downStreamRatePerDevice, downStreamDelayBudget, upStreamDelayBudget) correctly set to null. The agent followed all the rules: it used the user-provided unit 'kbps' without asking, didn't fabricate any values, and only populated fields explicitly mentioned by the user. No unnecessary tool calls were made.
	The agent correctly called `create_session` with well-formed arguments that match the tool's expected schema. Specifically: (1) `serviceTime` is null as the user didn't specify it — correct per rules. (2) `serviceArea` is null as the user didn't specify it — correct per rules. (3) `maxNumOfDevices` is 1200, matching the user's request for 1200 devices. (4) `upStreamRatePerDevice` has value 800 and unit 'kbps', correctly reflecting the user's '800 kbps' uplink rate — the unit was provided so no need to ask. (5) `downStreamRatePerDevice` is null since the user only mentioned uplink — correct per rule 8. (6) `downStreamDelayBudget` and `upStreamDelayBudget` are null since no latency was mentioned — correct. All required fields are present, types are correct, and no values were fabricated. The only minor note is that the structure is fully compliant with the schema. This is a near-perfect argument construction.
]
"
True,0.6,"[
	The agent correctly selected the 'create_session' tool, which is the appropriate tool for provisioning a network slice. The parameters were mostly correct: maxNumOfDevices=2200, serviceTime=null, serviceArea=null, downStreamRatePerDevice=null, upStreamRatePerDevice=null, and the delay budget value of 200 with unit 'Milliseconds' (correctly inferred from 'ms'). However, the user said 'packet delay budget of 200 ms' which is a single generic mention of delay. The agent applied it to both downStreamDelayBudget and upStreamDelayBudget, which is a reasonable interpretation but could be seen as fabricating a value for one direction if the user only meant one. This is a borderline judgment - applying a generic 'packet delay budget' to both directions is a defensible interpretation. The tool selection itself was perfect; the slight deduction is for potentially over-populating fields by setting both delay budgets when the user mentioned a single 'packet delay budget'.
	The agent called `create_session` with mostly correct arguments: `serviceTime` and `serviceArea` are correctly null, `maxNumOfDevices` is correctly 2200, and `downStreamRatePerDevice`/`upStreamRatePerDevice` are correctly null. The delay budget value of 200 with unit 'Milliseconds' is correct (the user said '200 ms'). However, the user said 'packet delay budget of 200 ms' as a single specification. The agent applied this to both `downStreamDelayBudget` and `upStreamDelayBudget`. This is a reasonable interpretation but could be seen as fabricating a value for one direction if the user only intended one. The more significant issue is that per the system rules (rule 8: 'All fields stay null unless the user specifies them, never fabricate values'), the user said 'packet delay budget' generically without specifying upstream vs downstream separately. Applying it to both directions is a reasonable default interpretation, but it could also be argued that since the user didn't explicitly distinguish, both should be set. This is a borderline case. The argument types, formats, and structure all match the tool's expected schema correctly.
]
"
True,0.95,"[
	The agent correctly selected the 'create_session' tool, which is the only appropriate tool for establishing a new network slice reservation. The arguments were properly constructed: maxNumOfDevices set to 3500, upStreamRatePerDevice set to {value: 300, unit: 'kbps'}, and all unspecified fields (serviceTime, serviceArea, downStreamRatePerDevice, downStreamDelayBudget, upStreamDelayBudget) correctly set to null. The agent followed all the rules: it used the user-provided unit 'kbps' without asking, didn't fabricate any values, and only populated fields explicitly mentioned by the user. No unnecessary tool calls were made.
	The agent called `create_session` with well-formed arguments that closely match the user's request and the tool's expected schema. Specifically: (1) `serviceTime` is null — correct, since the user didn't specify a time period. (2) `serviceArea` is null — correct, since the user didn't specify an area. (3) `maxNumOfDevices` is 3500 — matches the user's request for 3500 devices. (4) `upStreamRatePerDevice` has value 300 and unit 'kbps' — correctly reflects '300 kbps' from the user's request, and 'kbps' is a valid enum value. (5) `downStreamRatePerDevice` is null — correct, since the user only mentioned uplink rates. (6) `downStreamDelayBudget` and `upStreamDelayBudget` are both null — correct, since no latency was mentioned. All required fields are present, types are correct, and no fabricated values were introduced. The only minor note is that the value 300 is within the schema's maximum of 1024, so it's valid. The arguments are fully aligned with the user's intent and the tool's expected input schema.
]
"
True,0.75,"[
	The agent correctly selected the 'create_session' tool, which is the appropriate tool for deploying a network slice reservation. The parameters were mostly well-constructed: maxNumOfDevices=900, serviceTime=null, serviceArea=null, downStreamRatePerDevice=null, upStreamRatePerDevice=null are all correct per the rules (only populate what the user specifies). The latency of 250 ms was correctly interpreted with unit 'Milliseconds'. However, the agent applied the latency tolerance to both downStreamDelayBudget and upStreamDelayBudget, whereas the user simply said 'latency tolerance of 250 ms' without specifying direction. This is a reasonable interpretation since latency tolerance generally applies to both directions, but it could be argued that applying it to both is a slight assumption. The tool choice itself was perfect - create_session is the only appropriate tool for this task. A minor deduction for the dual delay budget interpretation, but overall the tool selection and usage were appropriate.
	The agent called create_session with mostly correct arguments. The 'body' structure matches the expected schema: serviceTime is null, serviceArea is null (both correct since the user didn't specify them), maxNumOfDevices is 900 (correct), downStreamRatePerDevice and upStreamRatePerDevice are null (correct since user didn't specify throughput). The latency value of 250 with unit 'Milliseconds' is correct per the user's '250 ms' specification. However, the user said 'latency tolerance of 250 ms' which is a single general latency mention. The agent applied it to both downStreamDelayBudget and upStreamDelayBudget, which is a reasonable interpretation but could be seen as fabricating a value for one direction if the user only meant one. This is a borderline judgment - applying a general 'latency tolerance' to both directions is a defensible interpretation. The argument types, formats, and structure all match the tool's expected schema correctly. The only minor concern is the dual application of the latency budget, but this is generally acceptable for a generic latency tolerance statement.
]
"
True,0.95,"[
	The agent correctly selected the 'create_session' tool, which is the only appropriate tool for creating a network slice reservation. The arguments were properly constructed: maxNumOfDevices set to 1600, upStreamRatePerDevice set to {value: 1, unit: 'Mbps'}, and all unspecified fields (serviceTime, serviceArea, downStreamRatePerDevice, downStreamDelayBudget, upStreamDelayBudget) correctly set to null. The agent followed all the rules: it didn't fabricate values, correctly reused the user-provided unit 'Mbps', and only populated fields explicitly mentioned by the user.
	The agent called `create_session` with well-formed arguments that closely match the user's request and the tool's expected schema. Specifically: (1) `serviceTime` is null — correct, since the user did not specify a time period. (2) `serviceArea` is null — correct, since the user did not specify a service area. (3) `maxNumOfDevices` is 1600 — matches the user's request for 1600 devices. (4) `upStreamRatePerDevice` has value 1 and unit 'Mbps' — correctly reflects '1 Mbps' uplink rate as specified by the user. (5) `downStreamRatePerDevice` is null — correct, since the user only mentioned uplink rates. (6) `downStreamDelayBudget` and `upStreamDelayBudget` are null — correct, since no latency was mentioned. All types are correct (integers for numeric values, strings for enums, nulls where unspecified). The only minor note is that the argument structure uses explicit null values for all unspecified fields, which aligns with the schema's required fields and the system instructions to keep unspecified fields null. The arguments are fully appropriate and well-aligned with the user's request.
]
"
True,0.75,"[
	The agent correctly selected the 'create_session' tool, which is the appropriate tool for provisioning a network slice. The parameters were mostly well-constructed: maxNumOfDevices=2800, serviceTime=null, serviceArea=null, downStreamRatePerDevice=null, upStreamRatePerDevice=null are all correct per the rules. The delay budget value of 120 with unit 'Milliseconds' is correct since the user said '120 ms'. However, the user said 'packet delay budget' (singular), which is ambiguous about whether it applies to both downstream and upstream. The agent applied it to both downStreamDelayBudget and upStreamDelayBudget, which is a reasonable interpretation but could be debated — applying it to both directions is a common default assumption for a generic 'packet delay budget'. The tool choice itself (create_session) was the only correct option among the available tools. A minor deduction for potentially over-specifying by setting both delay budgets when the user only mentioned one 'packet delay budget', though this is a reasonable interpretation.
	The agent called `create_session` with well-structured arguments that mostly align with the user's request and the tool's schema. Specifically: (1) `serviceTime` and `serviceArea` are correctly set to null since the user didn't specify them. (2) `maxNumOfDevices` is correctly set to 2800. (3) `downStreamRatePerDevice` and `upStreamRatePerDevice` are correctly null since no throughput was requested. (4) The delay budget value of 120 with unit 'Milliseconds' is correct — the user said '120 ms', and the unit mapping is appropriate. However, the user said 'packet delay budget of 120 ms' which is a single, general concept. The agent applied it to both `downStreamDelayBudget` and `upStreamDelayBudget`, which is a reasonable interpretation but could be seen as fabricating a value for one direction if the user intended only one. Per rule 8 ('All fields stay null unless the user specifies them, never fabricate values'), applying the delay budget to both directions is debatable — the user's phrasing 'packet delay budget' is ambiguous and could reasonably mean both directions. This is a minor issue. All types, formats, and structures match the expected schema correctly.
]
"
True,0.95,"[
	The agent correctly selected the 'create_session' tool, which is the only appropriate tool for establishing a new network slice reservation. The arguments were properly constructed: maxNumOfDevices set to 1400, upStreamRatePerDevice set to {value: 600, unit: 'kbps'}, and all unspecified fields (serviceTime, serviceArea, downStreamRatePerDevice, downStreamDelayBudget, upStreamDelayBudget) correctly set to null, following the rules about not fabricating values. The unit 'kbps' was correctly reused from the user's input without asking again. No unnecessary tool calls were made.
	The agent called `create_session` with well-formed arguments that closely match the user's request. Specifically: (1) `serviceTime` is null — correct, since the user didn't specify a time period. (2) `serviceArea` is null — correct, since the user didn't specify an area. (3) `maxNumOfDevices` is 1400 — matches the user's '1400 devices'. (4) `upStreamRatePerDevice` has value 600 and unit 'kbps' — correctly reflects '600 kbps' uplink rate as specified by the user. (5) `downStreamRatePerDevice` is null — correct, since the user only mentioned uplink. (6) `downStreamDelayBudget` and `upStreamDelayBudget` are null — correct, since no latency was mentioned. All argument types, structures, and values are valid and aligned with the tool's expected schema and the user's request. The only minor note is that the Rate value of 600 is within the schema's maximum of 1024, so it's valid. Everything is properly formed.
]
"
True,0.85,"[
	The agent correctly selected the 'create_session' tool, which is the appropriate tool for deploying a network slice reservation. The parameters were mostly well-constructed: maxNumOfDevices=2000, serviceTime=null, serviceArea=null, downStreamRatePerDevice=null, upStreamRatePerDevice=null are all correct per the rules. The latency of 180 ms was correctly interpreted with unit 'Milliseconds' (the user provided 'ms' so the unit was given). However, the agent applied the 180ms delay budget to both downStreamDelayBudget and upStreamDelayBudget. The user said 'latency tolerance of 180 ms' without specifying direction, so applying it to both directions is a reasonable interpretation, though one could argue it should have been clarified. This is a minor judgment call rather than a tool selection issue. The tool choice itself was perfect - create_session is the only appropriate tool for this task.
	The agent called `create_session` with well-structured arguments that mostly align with the user's request and the tool's expected schema. Specifically: (1) `serviceTime` is correctly null since the user didn't specify it. (2) `serviceArea` is correctly null since the user didn't specify it. (3) `maxNumOfDevices` is correctly set to 2000 as requested. (4) `downStreamRatePerDevice` and `upStreamRatePerDevice` are correctly null since no throughput was mentioned. (5) The latency value of 180 with unit 'Milliseconds' is correct — the user said '180 ms', and 'ms' maps to 'Milliseconds'. However, there is a debatable issue: the user said 'latency tolerance of 180 ms' without specifying whether it applies to downstream, upstream, or both. The agent applied it to both `downStreamDelayBudget` and `upStreamDelayBudget`, which is a reasonable interpretation but could be seen as fabricating a value for one direction if the user only intended one. This is a minor concern since applying latency to both directions is a common and sensible default interpretation. All argument types, structures, and formats are correct and match the tool's schema.
]
"
True,0.95,"[
	The agent correctly selected the 'create_session' tool, which is the only appropriate tool for creating a network slice reservation. The arguments were properly constructed: maxNumOfDevices set to 1100, upStreamRatePerDevice set to {value: 700, unit: 'kbps'}, and all unspecified fields (serviceTime, serviceArea, downStreamRatePerDevice, downStreamDelayBudget, upStreamDelayBudget) correctly set to null. The agent followed all the rules: it used the user-provided unit 'kbps' without asking, didn't fabricate any values, and only populated fields explicitly mentioned by the user. No unnecessary tool calls were made.
	The agent called `create_session` with well-formed arguments that closely match the user's request and the tool's expected schema. Specifically: (1) `serviceTime` is correctly set to `null` since the user did not specify a time period. (2) `serviceArea` is correctly set to `null` since the user did not specify an area. (3) `maxNumOfDevices` is correctly set to `1100` matching the user's request for 1100 devices. (4) `upStreamRatePerDevice` is correctly set to `{""value"": 700, ""unit"": ""kbps""}`, matching the user's request for 700 kbps uplink. (5) `downStreamRatePerDevice` is correctly set to `null` since the user did not specify downstream rates. (6) Both delay budgets are correctly set to `null` since the user did not specify latency requirements. All types are correct (integers for numeric values, strings for enums, null for unspecified fields), all required fields are present, and no fabricated values were introduced. The only minor note is that the value 700 is within the schema's maximum of 1024 for rate values, so it's valid. The arguments perfectly align with the user's intent and the tool's schema.
]
"
True,0.6,"[
	The agent correctly selected the 'create_session' tool, which is the appropriate tool for provisioning a network slice. The parameters were mostly correct: maxNumOfDevices=3200, serviceTime=null, serviceArea=null, downStreamRatePerDevice=null, upStreamRatePerDevice=null, and the delay budget value of 100 with unit 'Milliseconds' (correctly inferred from 'ms'). However, the user said 'packet delay budget of 100 ms' which is a single general mention of delay. The agent applied it to both downStreamDelayBudget and upStreamDelayBudget, which is a reasonable interpretation but could be seen as fabricating a value for one direction if the user only meant one. This is a borderline judgment - applying a general 'packet delay budget' to both directions is a defensible interpretation. The tool selection itself was perfect; the slight concern is only about parameter population.
	The agent called `create_session` with mostly correct arguments: `serviceTime` and `serviceArea` are correctly null (not specified by user), `maxNumOfDevices` is correctly 3200, and `downStreamRatePerDevice`/`upStreamRatePerDevice` are correctly null. The delay budget value of 100 with unit 'Milliseconds' is correct (user said '100 ms'). However, the user said 'packet delay budget of 100 ms' as a single specification, and the agent applied it to both `downStreamDelayBudget` and `upStreamDelayBudget`. This is a reasonable interpretation but arguably fabricates a value for one direction — the user mentioned a single 'packet delay budget' without specifying upstream vs downstream separately. Per rule 8 ('All fields stay null unless the user specifies them, never fabricate values'), a stricter interpretation would set both to the same value (which the agent did) or potentially only one. The dual application is debatable but commonly accepted for a generic 'packet delay budget'. The argument types, structure, and formats all match the tool's expected schema correctly.
]
"
True,0.95,"[
	The agent correctly selected the 'create_session' tool, which is the only appropriate tool for establishing a new network slice reservation. The arguments were properly constructed: maxNumOfDevices set to 1700, upStreamRatePerDevice set to {value: 900, unit: 'kbps'}, and all unspecified fields (serviceTime, serviceArea, downStreamRatePerDevice, downStreamDelayBudget, upStreamDelayBudget) correctly set to null. The agent followed all the rules: it reused the user-provided unit 'kbps' without asking, didn't fabricate any values, and only populated fields explicitly mentioned by the user.
	The agent called `create_session` with well-formed arguments that closely match the user's request. Specifically: (1) `serviceTime` is null — correct, since the user did not specify a time period. (2) `serviceArea` is null — correct, since the user did not specify a service area. (3) `maxNumOfDevices` is 1700 — matches the user's request for 1700 devices. (4) `upStreamRatePerDevice` has value 900 and unit 'kbps' — correctly reflects '900 kbps' uplink rate specified by the user. (5) `downStreamRatePerDevice` is null — correct, since the user only mentioned uplink. (6) `downStreamDelayBudget` and `upStreamDelayBudget` are null — correct, since no latency was mentioned. All argument types, structures, and values conform to the tool's expected schema. The only minor note is that the schema's Rate value has a maximum of 1024, and 900 is within that range. Everything aligns perfectly with the user's request and the tool's expected input format.
]
"
True,0.85,"[
	The agent correctly selected the 'create_session' tool, which is the appropriate tool for deploying a network slice reservation. The parameters were mostly well-constructed: maxNumOfDevices=2600, serviceTime=null, serviceArea=null, downStreamRatePerDevice=null, upStreamRatePerDevice=null are all correct per the rules. The latency of 200 ms was correctly interpreted with unit 'Milliseconds' (the user provided 'ms' so the unit was given). However, the agent applied the 200ms latency to both downStreamDelayBudget and upStreamDelayBudget, while the user simply said 'latency tolerance of 200 ms' without specifying direction. This is a reasonable interpretation since latency tolerance generally applies to both directions, but it could also be seen as fabricating a value for one direction if the user only meant one. This is a minor judgment call. Overall, the tool selection was correct and the parameterization was largely appropriate.
	The agent called `create_session` with well-structured arguments that mostly align with the user's request and the tool's expected schema. Specifically: (1) `serviceTime` is correctly null since the user didn't specify it. (2) `serviceArea` is correctly null since the user didn't specify it. (3) `maxNumOfDevices` is correctly set to 2600 as requested. (4) `downStreamRatePerDevice` and `upStreamRatePerDevice` are correctly null since no throughput was specified. (5) The latency value of 200 with unit 'Milliseconds' is correct — the user said '200 ms', and the unit was provided so 'Milliseconds' is appropriate. However, there is a debatable issue: the user said 'latency tolerance of 200 ms' without specifying whether it applies to downstream, upstream, or both. The agent applied it to both `downStreamDelayBudget` and `upStreamDelayBudget`, which is a reasonable interpretation but could be seen as fabricating a value for one direction if the user only intended one. This is a minor concern since applying latency to both directions is a common and sensible default interpretation. All argument types, structures, and formats are correct and match the tool's schema.
]
"
True,0.95,"[
	The agent correctly selected the 'create_session' tool, which is the only appropriate tool for creating a network slice reservation. The arguments were properly constructed: maxNumOfDevices set to 1500, upStreamRatePerDevice set to {value: 500, unit: 'kbps'}, and all unspecified fields (serviceTime, serviceArea, downStreamRatePerDevice, downStreamDelayBudget, upStreamDelayBudget) correctly set to null. The agent followed all the rules: it used the user-provided unit 'kbps' without asking, didn't fabricate any values, and only populated fields explicitly mentioned by the user. No unnecessary tool calls were made.
	The agent called `create_session` with well-formed arguments that closely match the user's request and the tool's expected schema. Specifically: (1) `serviceTime` is null — correct, since the user didn't specify a time period. (2) `serviceArea` is null — correct, since the user didn't specify an area. (3) `maxNumOfDevices` is 1500 — matches the user's request for 1500 devices. (4) `upStreamRatePerDevice` has value 500 and unit 'kbps' — exactly matches '500 kbps' from the user. (5) `downStreamRatePerDevice` is null — correct, user only mentioned uplink. (6) `downStreamDelayBudget` and `upStreamDelayBudget` are null — correct, no latency was mentioned. All types are correct (integers for numeric values, strings for enums, nulls where unspecified). The only minor note is that the value 500 is within the schema's maximum of 1024 for Rate values, so it's valid. The arguments are fully aligned with the user's intent and the tool's schema expectations.
]
"
True,0.5,"[
	The agent correctly selected the 'create_session' tool, which is the appropriate tool for provisioning a network slice. The parameters were mostly correct: maxNumOfDevices=800, serviceTime=null, serviceArea=null, downStreamRatePerDevice=null, upStreamRatePerDevice=null are all appropriate. The delay budget value of 150 with unit 'Milliseconds' is correct since the user specified 'ms'. However, the agent set both downStreamDelayBudget and upStreamDelayBudget to 150ms, while the user only mentioned 'packet delay budget' generically. This is a reasonable interpretation since packet delay budget typically applies to both directions, but it could also be argued that the user's intent was ambiguous and the agent should have asked for clarification or applied it more conservatively. The rule says 'All fields stay null unless the user specifies them' - the user said 'packet delay budget' which is arguably a general term covering both directions, so populating both is a defensible choice. Overall, the tool selection was correct but the parameter interpretation has a minor debatable point.
	The agent called create_session with mostly correct arguments: serviceTime=null, serviceArea=null (correct per rules 5 and 8), maxNumOfDevices=800 (correct), downStreamRatePerDevice=null and upStreamRatePerDevice=null (correct, user didn't specify). The delay budget value of 150 with unit 'Milliseconds' is correct since the user said '150 ms'. However, the user said 'packet delay budget of 150 ms' which is a single generic mention of delay. The agent applied it to both downStreamDelayBudget and upStreamDelayBudget, which is a reasonable interpretation but could be debated. The more significant issue is that per rule 8 ('All fields stay null unless the user specifies them, never fabricate values'), the user mentioned a single 'packet delay budget' without specifying whether it applies to downstream, upstream, or both. Setting both to 150ms is a reasonable default interpretation of a generic 'packet delay budget', so this is partially justified. Overall the argument structure, types, and formats are all correct and well-formed, but there's a minor concern about applying the delay budget to both directions when the user only mentioned one generic delay budget.
]
"
True,0.95,"[
	The agent correctly selected the 'create_session' tool, which is the appropriate tool for establishing a network slice reservation. The arguments were properly constructed: maxNumOfDevices set to 4200, upStreamRatePerDevice set to {value: 400, unit: 'kbps'} matching the user's specification, and all unspecified fields (serviceTime, serviceArea, downStreamRatePerDevice, downStreamDelayBudget, upStreamDelayBudget) correctly set to null following the rules. The unit 'kbps' was correctly reused from the user's input without asking for clarification (rule 4). No unnecessary tools were called.
	The agent correctly called `create_session` with well-formed arguments that match the tool's expected schema. Specifically: (1) `serviceTime` is null as the user didn't specify it — correct per rules. (2) `serviceArea` is null as the user didn't specify it — correct per rules. (3) `maxNumOfDevices` is 4200, matching the user's request for 4200 devices. (4) `upStreamRatePerDevice` has value 400 and unit 'kbps', correctly reflecting the user's '400 kbps' uplink rate specification. (5) `downStreamRatePerDevice` is null since the user only mentioned uplink — correct per rules. (6) `downStreamDelayBudget` and `upStreamDelayBudget` are null since no latency was mentioned — correct. All argument types, structures, and values align with the tool's schema and the user's request. The only minor note is that the unit 'kbps' is correctly one of the allowed enum values ['bps', 'kbps', 'Mbps', 'Gbps', 'Tbps']. Everything is properly formed and semantically correct.
]
"
True,0.75,"[
	The agent correctly selected the 'create_session' tool, which is the appropriate tool for deploying a network slice reservation. The parameters were mostly well-constructed: maxNumOfDevices=2300, serviceTime=null, serviceArea=null, downStreamRatePerDevice=null, upStreamRatePerDevice=null are all correct per the rules. The latency of 180 ms was correctly interpreted with unit 'Milliseconds' (the user provided 'ms' so the unit was given). However, the agent applied the 180ms delay budget to both downStreamDelayBudget and upStreamDelayBudget, whereas the user simply said 'latency tolerance of 180 ms' without specifying direction. This is a reasonable interpretation since latency tolerance generally applies to both directions, though one could argue it should only be set once or that the agent should have asked for clarification. The tool choice itself (create_session) was the correct and only appropriate tool for this task. No unnecessary tools were called.
	The agent called `create_session` with well-structured arguments that mostly align with the user's request and the tool's schema. Specifically: (1) `serviceTime` and `serviceArea` are correctly set to null since the user didn't specify them. (2) `maxNumOfDevices` is correctly set to 2300. (3) `downStreamRatePerDevice` and `upStreamRatePerDevice` are correctly null since no throughput was requested. (4) The latency value of 180 with unit 'Milliseconds' is correct — the user said '180 ms', and the unit 'ms' maps to 'Milliseconds'. However, the agent applied the latency tolerance to both `downStreamDelayBudget` and `upStreamDelayBudget`. The user said 'latency tolerance of 180 ms' without specifying direction. This is a reasonable interpretation but could be seen as fabricating a value for one direction if the user only intended one. This is a borderline judgment — applying a general latency tolerance to both directions is a defensible default, but the rules say 'never fabricate values' and the user didn't explicitly say both directions. This slight overreach reduces the score modestly.
]
"
True,0.6,"[
	The agent correctly chose the 'create_session' tool, which is the appropriate tool for creating a network slice reservation. The parameters were mostly correct: downstream rate of 250 Mbps, downStreamDelayBudget of 12 Milliseconds, serviceTime and serviceArea as null, maxNumOfDevices as null, and upStreamRatePerDevice as null — all consistent with the rules. However, the agent fabricated the upStreamDelayBudget (set to 12 Milliseconds) when the user only mentioned 'packet delay budget of 12 ms' without specifying upstream separately. Per rule 8, all fields should stay null unless the user specifies them. The user said 'packet delay budget' which is ambiguous — it could reasonably be interpreted as applying to both directions, but the more conservative interpretation per the rules would be to only set the downstream delay budget (since the user specified 'downstream rates' explicitly, suggesting directional awareness). This is a minor but notable deviation from the instructions.
	The agent correctly used `create_session` with proper structure and types. The downstream rate (250 Mbps) and downstream delay budget (12 ms as Milliseconds) are correctly populated per the user's request. The serviceTime, serviceArea, maxNumOfDevices, and upStreamRatePerDevice are correctly set to null since the user didn't specify them. However, the agent incorrectly populated `upStreamDelayBudget` with {value: 12, unit: 'Milliseconds'}. The user only mentioned 'packet delay budget of 12 ms' which is ambiguous but does not explicitly request an upstream delay budget. Per the system rules ('All fields stay null unless the user specifies them, never fabricate values'), the upStreamDelayBudget should have been null. This is a fabricated value that the user did not request, reducing the score.
]
"
True,0.95,"[
	The agent correctly selected the 'create_session' tool, which is the only appropriate tool for provisioning a network slice reservation. The arguments were properly constructed: maxNumOfDevices set to 60, downStreamRatePerDevice set to {value: 400, unit: 'Mbps'} matching the user's request, and all unspecified fields (serviceTime, serviceArea, upStreamRatePerDevice, downStreamDelayBudget, upStreamDelayBudget) correctly set to null following the rules about not fabricating values. The unit 'Mbps' was correctly reused from the user's input without asking again, per rule 4. No unnecessary tool calls were made.
	The agent called `create_session` with well-formed arguments that closely match the user's request and the tool's expected schema. Specifically: (1) `serviceTime` is null — correct, since the user did not specify a time period. (2) `serviceArea` is null — correct, since the user did not specify a service area. (3) `maxNumOfDevices` is 60 — matches the user's request for 60 devices. (4) `downStreamRatePerDevice` has value 400 and unit 'Mbps' — correctly reflects '400 Mbps downstream per device'. (5) `upStreamRatePerDevice` is null — correct, since the user did not specify upstream. (6) `downStreamDelayBudget` and `upStreamDelayBudget` are null — correct, since no latency was mentioned. All types are correct (integers for numeric values, strings for enums, nulls where unspecified). The only minor note is that the structure is fully valid JSON matching the CreateSession schema. The arguments are semantically aligned with the user's intent and structurally valid for the tool.
]
"
True,0.6,"[
	The agent correctly selected the 'create_session' tool, which is the appropriate tool for establishing a network slice reservation. The parameters were mostly correct: downstream rate of 200 Mbps, downstream delay budget of 20 ms, serviceTime and serviceArea as null, maxNumOfDevices as null, and upStreamRatePerDevice as null — all consistent with the rules. However, the agent fabricated the upStreamDelayBudget (set to 20 ms) when the user only mentioned 'latency under 20 ms' generically. While this could be interpreted as applying to both directions, the system rules state 'All fields stay null unless the user specifies them, never fabricate values.' The user said 'latency under 20 ms' without specifying upstream vs downstream explicitly, so there's ambiguity — setting both delay budgets is a reasonable interpretation but arguably violates the strict null-unless-specified rule. The tool choice itself (create_session) was correct and no better tool was available.
	The agent correctly used `create_session` with proper structure and types. The downstream rate (200 Mbps) and downstream delay budget (20 ms) match the user's request. The serviceTime, serviceArea, maxNumOfDevices, and upStreamRatePerDevice are correctly null since the user didn't specify them. However, the agent set `upStreamDelayBudget` to {value: 20, unit: 'Milliseconds'}, which the user did not request — the user only said 'latency under 20 ms' which is ambiguous but most naturally refers to downstream latency for 'reviewing HD feeds'. Per rule 8 ('All fields stay null unless the user specifies them, never fabricate values'), the upStreamDelayBudget should have been null. This is a fabricated value that wasn't explicitly requested by the user.
]
"
True,0.9,"[
	The agent correctly selected the `create_session` tool, which is the only appropriate tool for deploying a network slice reservation. The arguments were properly constructed: `maxNumOfDevices` set to 100, `downStreamRatePerDevice` set to {value: 150, unit: 'Mbps'}, and all unspecified fields (`serviceTime`, `serviceArea`, `upStreamRatePerDevice`, `downStreamDelayBudget`, `upStreamDelayBudget`) correctly set to null, following the rules about not fabricating values. The unit 'Mbps' was correctly reused from the user's input without asking again, per rule 4. No unnecessary tool calls were made.
	The agent called `create_session` with well-formed arguments that closely match the user's request. Specifically: (1) `serviceTime` is null — correct, since the user didn't specify a time period. (2) `serviceArea` is null — correct, since the user didn't specify an area. (3) `maxNumOfDevices` is 100 — matches the user's '100 devices'. (4) `downStreamRatePerDevice` has value 150 and unit 'Mbps' — matches '150 Mbps' downstream. (5) `upStreamRatePerDevice` is null — correct, user didn't mention upstream. (6) `downStreamDelayBudget` and `upStreamDelayBudget` are null — correct, user didn't mention latency. All types are correct (integers for numeric values, strings for enums, nulls for unspecified fields). The structure matches the expected `CreateSession` schema with all required fields present. The only minor note is that the tool's strict schema version used by the agent includes `additionalProperties: false` and requires `unit` in Rate, which the agent correctly provides. Overall, the arguments are appropriate and well-aligned with the user's request.
]
"
True,0.9,"[
	The agent correctly selected the 'create_session' tool, which is the appropriate tool for creating a network slice reservation. The arguments were well-formed: serviceTime and serviceArea are null (as the user didn't specify them), downStreamRatePerDevice is set to 90 Mbps (matching the user's request with the provided unit), and all other QoS fields (maxNumOfDevices, upStreamRatePerDevice, downStreamDelayBudget, upStreamDelayBudget) are null since the user didn't specify them. The agent correctly followed the rules: it didn't fabricate values, it reused the 'Mbps' unit provided by the user without asking, and it didn't interpret 'prioritizing user experience' as requiring additional fields. The only minor consideration is whether 'prioritizing user experience' could warrant asking the user if they want latency budgets set, but per the rules, fields stay null unless specified, so the agent's approach is correct.
	The agent correctly called create_session with well-formed arguments. The downstream rate was set to 90 Mbps as requested by the user. All unspecified fields (serviceTime, serviceArea, maxNumOfDevices, upStreamRatePerDevice, downStreamDelayBudget, upStreamDelayBudget) were correctly set to null, following the rules that fields should stay null unless the user specifies them. The user mentioned 'prioritizing user experience' but did not explicitly request any latency/delay budget values, so leaving those null is appropriate per rule 7 (don't treat vague mentions as guidance for fabricating values) and rule 8 (all fields stay null unless specified). The argument structure matches the expected schema with proper types and formatting. The only minor consideration is whether 'prioritizing user experience' should have prompted the agent to ask about latency requirements, but proceeding without fabricating values is consistent with the stated rules.
]
"
True,0.85,"[
	The agent correctly selected the 'create_session' tool, which is the appropriate tool for provisioning a network slice reservation. The parameters were well-constructed: maxNumOfDevices=500, serviceTime=null, serviceArea=null, downStreamRatePerDevice=null, upStreamRatePerDevice=null (all correctly null since the user didn't specify them). The latency was correctly set to 4 Milliseconds (the user said 'ms', which maps to Milliseconds). The agent applied the latency to both downStreamDelayBudget and upStreamDelayBudget, which is a reasonable interpretation of 'latency capped at 4 ms' since the user didn't distinguish between upstream and downstream. The only minor concern is whether applying the latency budget to both directions was the user's intent versus leaving one null, but this is a reasonable default interpretation. Tool selection was perfect - create_session was the only appropriate tool for this task.
	The agent called `create_session` with well-structured arguments that mostly align with the user's request and the tool's schema. Specifically: (1) `serviceTime` is correctly null since the user didn't specify it. (2) `serviceArea` is correctly null since the user didn't specify it. (3) `maxNumOfDevices` is correctly set to 500 as requested. (4) `downStreamRatePerDevice` and `upStreamRatePerDevice` are correctly null since no throughput was mentioned. (5) The latency value of 4 with unit 'Milliseconds' is correct — the user said '4 ms', and the unit 'ms' maps to 'Milliseconds'. However, there is a debatable point: the user said 'latency capped at 4 ms' without specifying whether this applies to downstream, upstream, or both. The agent applied it to both `downStreamDelayBudget` and `upStreamDelayBudget`, which is a reasonable interpretation for a general latency cap, but could be seen as slightly over-specifying since the user didn't explicitly mention both directions. This is a minor issue. All argument types, structures, and formats are correct and match the tool's expected schema.
]
"
True,0.5,"[
	The agent correctly chose the 'create_session' tool, which is the appropriate tool for establishing a network slice reservation. However, there are issues with the parameter population. The user specified 'uplink rates of 35 Mbps' and 'packet delay budget of 3 ms'. The agent correctly set upStreamRatePerDevice to {value: 35, unit: 'Mbps'} and correctly used 'Milliseconds' for the delay unit (since 'ms' maps to milliseconds). However, the user said 'packet delay budget' generically (not specifying upstream vs downstream separately), and the agent populated both downStreamDelayBudget and upStreamDelayBudget with the value 3 ms. This is a reasonable interpretation but arguably fabricates a downstream delay budget that wasn't explicitly requested. The downStreamRatePerDevice was correctly left null. The serviceTime and serviceArea were correctly left null. The maxNumOfDevices was correctly left null. The main concern is the dual delay budget population when the user only said 'packet delay budget' - this is debatable but slightly over-populates fields. The tool selection itself (create_session) was correct and appropriate.
	The agent correctly structured the `create_session` call with proper types and formats. The upStreamRatePerDevice (35 Mbps) is correctly populated. The serviceTime, serviceArea, maxNumOfDevices, and downStreamRatePerDevice are correctly set to null since the user didn't specify them. The unit 'Milliseconds' for the delay budget is correct per rule 6 (though the user said 'ms', which maps to Milliseconds). However, there are two issues: (1) The user said 'packet delay budget of 3 ms' without specifying upstream vs downstream. The agent populated BOTH downStreamDelayBudget and upStreamDelayBudget with value 3 and unit Milliseconds. Per rule 8 ('All fields stay null unless the user specifies them, never fabricate values'), a generic 'packet delay budget' is ambiguous - the agent made an assumption by applying it to both directions. This could be considered reasonable interpretation but also could be seen as fabricating the downstream delay budget since the user didn't explicitly mention it. (2) More critically, the user only mentioned 'uplink rates' but the agent did not fabricate a downstream rate (correctly null), which is good. The dual delay budget assignment is the main concern - it's a judgment call whether 'packet delay budget' implies both directions or not. Given the ambiguity, applying it to both is a reasonable but not perfectly justified interpretation.
]
"
True,0.85,"[
	The agent correctly selected the 'create_session' tool, which is the appropriate tool for deploying a network slice reservation. The parameters were well-constructed: maxNumOfDevices=600, latency set to 5ms with 'Milliseconds' unit (correctly inferred from 'ms'), serviceTime and serviceArea correctly set to null since the user didn't specify them, and rate fields correctly set to null. The only minor concern is that the user said 'latency under 5 ms' which is a general latency requirement, and the agent applied it to both downStreamDelayBudget and upStreamDelayBudget. This is a reasonable interpretation for a collision avoidance system (which needs low latency in both directions), though one could argue the user's intent was ambiguous. Overall, the tool selection was correct and the parameterization was appropriate.
	The agent called `create_session` with well-structured arguments that mostly align with the user's request and the tool's expected schema. Specifically: (1) `maxNumOfDevices` is correctly set to 600 as requested. (2) `serviceTime` and `serviceArea` are correctly null since the user didn't specify them. (3) `downStreamRatePerDevice` and `upStreamRatePerDevice` are correctly null since no throughput was mentioned. (4) The latency value of 5 with unit 'Milliseconds' correctly matches the user's 'under 5 ms' request, and per rule 6, 'ms' is correctly interpreted as Milliseconds. (5) Both `downStreamDelayBudget` and `upStreamDelayBudget` are set to 5ms — the user said 'latency under 5 ms' without specifying direction, so applying it to both directions is a reasonable interpretation. However, a minor concern is that the user said 'under 5 ms' which implies strictly less than 5, but the agent set the value to exactly 5. This is a slight semantic mismatch but is a common and acceptable approximation since the schema uses integer values and doesn't support strict inequality semantics. All argument types, structures, and formats are correct and match the tool's expected input schema.
]
"
True,0.6,"[
	The agent correctly chose the 'create_session' tool, which is the appropriate tool for creating a network slice reservation. The parameters were mostly correct: downstream rate of 70 Mbps and latency of 6 Milliseconds (correctly assumed per rule 6 since 'ms' was provided). serviceTime, serviceArea, maxNumOfDevices, and upStreamRatePerDevice were correctly set to null. However, the agent incorrectly populated upStreamDelayBudget with value 6 and unit 'Milliseconds' — the user only mentioned 'latency of 6 ms' without specifying upstream vs downstream separately. Per rule 8 ('All fields stay null unless the user specifies them, never fabricate values'), the upStreamDelayBudget should have been null since the user did not explicitly request an upstream delay budget. The tool selection itself was correct, but the parameter population violated the stated rules by fabricating the upstream delay budget value.
	The agent correctly populated the downstream rate (70 Mbps) and the downstream delay budget (6 ms as Milliseconds), matching the user's request. The serviceTime, serviceArea, maxNumOfDevices, and upStreamRatePerDevice were correctly set to null since the user did not specify them. However, the agent also populated upStreamDelayBudget with value 6 and unit 'Milliseconds', which the user did not request — the user only mentioned 'latency of 6 ms' which is ambiguous but could reasonably be interpreted as applying to both directions. This is a borderline issue. The more significant concern per the rules ('All fields stay null unless the user specifies them, never fabricate values') is that the user said 'latency of 6 ms' without specifying upstream vs downstream, so populating upStreamDelayBudget could be seen as fabricating a value. The types, formats, and structure of all arguments are correct and well-formed. The unit conversions (Mbps, Milliseconds) are appropriate. The deduction is primarily for the potentially fabricated upStreamDelayBudget value.
]
"
True,0.55,"[
	The agent correctly selected the 'create_session' tool, which is the appropriate tool for provisioning a network slice. The parameters were mostly correct: maxNumOfDevices=250, serviceTime=null, serviceArea=null, and the delay budget value of 4 with unit 'Milliseconds' (correctly inferred from 'ms'). However, the agent set both downStreamDelayBudget and upStreamDelayBudget to {value:4, unit:'Milliseconds'}, while the user only mentioned 'packet delay budget' generically. This is a reasonable interpretation since packet delay could apply to both directions, but it could also be argued that the user's single mention should apply to both (which is what the agent did) or that the agent should have asked for clarification. The downStreamRatePerDevice and upStreamRatePerDevice were correctly set to null since the user didn't specify them. Overall, the tool selection was correct and the parameterization was largely appropriate.
	The agent called `create_session` with mostly correct arguments: `serviceTime` and `serviceArea` are correctly null, `maxNumOfDevices` is correctly 250, `downStreamRatePerDevice` and `upStreamRatePerDevice` are correctly null, and the delay budget value of 4 with unit 'Milliseconds' is correct (the user said '4 ms'). However, the user said 'packet delay budget of 4 ms' without specifying whether it applies to downstream, upstream, or both. The agent applied it to both `downStreamDelayBudget` and `upStreamDelayBudget`, which is a reasonable interpretation but could be seen as fabricating a value for one direction if the user only intended one. This is a borderline judgment. The argument types and structure are all well-formed and match the tool's expected schema. The main concern is that applying the delay budget to both directions is an assumption not explicitly stated by the user, which per rule 8 ('All fields stay null unless the user specifies them, never fabricate values') could be considered slightly incorrect — the user said 'packet delay budget' generically, so applying to both is arguably reasonable but also arguably over-specifying.
]
"
True,0.95,"[
	The agent correctly selected the 'create_session' tool, which is the only appropriate tool for establishing a new network slice reservation. The arguments were properly constructed: maxNumOfDevices set to 3100, upStreamRatePerDevice set to {value: 300, unit: 'kbps'}, and all unspecified fields (serviceTime, serviceArea, downStreamRatePerDevice, downStreamDelayBudget, upStreamDelayBudget) correctly set to null. The agent followed all the rules: it reused the user-provided unit 'kbps' without asking, didn't fabricate any values, and only populated fields explicitly requested by the user.
	The agent correctly called `create_session` with well-formed arguments that match the tool's expected schema. Specifically: (1) `serviceTime` is null as the user didn't specify it — correct per rules. (2) `serviceArea` is null as the user didn't specify it — correct per rules. (3) `maxNumOfDevices` is 3100, matching the user's request for 3100 devices. (4) `upStreamRatePerDevice` has value 300 and unit 'kbps', correctly reflecting the user's '300 kbps' uplink rate specification. The unit 'kbps' is a valid enum value. (5) `downStreamRatePerDevice` is null since the user only mentioned uplink — correct per the rule to not fabricate values. (6) `downStreamDelayBudget` and `upStreamDelayBudget` are both null since no latency was mentioned — correct. All required fields are present, types are correct, and values align with the user's request. The only minor note is that the value 300 is within the schema's maximum of 1024, so it's valid. Everything is properly structured and semantically aligned with the user's intent.
]
"
True,0.85,"[
	The agent correctly selected the 'create_session' tool, which is the appropriate tool for deploying a network slice reservation. The parameters were well-constructed: maxNumOfDevices=1900, serviceTime=null, serviceArea=null, downStreamRatePerDevice=null, upStreamRatePerDevice=null (all correctly null since the user didn't specify them). The latency of 200 ms was correctly interpreted with unit 'Milliseconds' as per rule 6 (though the user did provide 'ms', which is explicit). The agent applied the delay budget to both downstream and upstream, which is a reasonable interpretation of a general 'latency tolerance' statement. The only minor concern is whether applying the latency to both upstream and downstream is the most faithful interpretation of the user's request — the user said 'latency tolerance of 200 ms' without specifying direction, so applying it to both is a defensible choice. Overall, the correct tool was chosen and the parameters were appropriately populated.
	The agent called `create_session` with well-structured arguments that mostly align with the user's request and the tool's schema. Specifically: (1) `serviceTime` and `serviceArea` are correctly set to null since the user didn't specify them. (2) `maxNumOfDevices` is correctly set to 1900. (3) The latency value of 200 with unit 'Milliseconds' is correct — the user said '200 ms', and per rule 6, 'ms' maps to 'Milliseconds'. (4) `downStreamRatePerDevice` and `upStreamRatePerDevice` are correctly null since the user didn't specify throughput. However, there is a debatable issue: the user said 'latency tolerance of 200 ms' which is a general latency specification. The agent applied it to both `downStreamDelayBudget` and `upStreamDelayBudget`, which is a reasonable interpretation but could be seen as slightly over-specifying since the user didn't explicitly distinguish between upstream and downstream latency. This is a minor concern and a defensible choice. All types, formats, and structures match the expected schema. The only slight deduction is for applying the single latency value to both directions without explicit user instruction, though this is a reasonable default interpretation.
]
"
True,0.95,"[
	The agent correctly selected the 'create_session' tool, which is the only appropriate tool for creating a network slice reservation. The arguments were properly constructed: maxNumOfDevices set to 2700, upStreamRatePerDevice set to {value: 800, unit: 'kbps'}, and all unspecified fields (serviceTime, serviceArea, downStreamRatePerDevice, downStreamDelayBudget, upStreamDelayBudget) correctly set to null. The agent followed all the rules: it didn't fabricate values, correctly reused the 'kbps' unit provided by the user without asking, and left optional fields as null. No unnecessary tool calls were made.
	The agent called `create_session` with well-formed arguments that closely match the user's request and the tool's expected schema. Specifically: (1) `serviceTime` is null — correct, since the user did not specify a service time. (2) `serviceArea` is null — correct, since the user did not specify a service area. (3) `maxNumOfDevices` is 2700 — matches the user's request for 2700 devices. (4) `upStreamRatePerDevice` has value 800 and unit 'kbps' — correctly reflects '800 kbps' from the user's request, and 'kbps' is a valid enum value. (5) `downStreamRatePerDevice` is null — correct, since the user only mentioned uplink rates. (6) `downStreamDelayBudget` and `upStreamDelayBudget` are both null — correct, since no latency was mentioned. All required fields are present, types are correct, and no fabricated values were introduced. The only minor note is that the tool's strict schema version used by the agent includes explicit 'unit' in required fields for Rate, while the MCP schema has 'unit' as optional with a default — but the agent provided the unit anyway, which is perfectly fine and more explicit. Overall, the arguments are accurate and well-aligned with the user's intent.
]
"
True,0.75,"[
	The agent correctly selected the 'create_session' tool, which is the appropriate tool for provisioning a network slice reservation. The parameters were mostly well-constructed: maxNumOfDevices=2100, serviceTime=null, serviceArea=null, downStreamRatePerDevice=null, upStreamRatePerDevice=null are all correct per the rules. The delay budget of 150 with unit 'Milliseconds' is correct since the user specified 'ms'. However, the agent applied the packet delay budget to both downStreamDelayBudget and upStreamDelayBudget, whereas the user only said 'packet delay budget of 150 ms' without specifying direction. This is a reasonable interpretation since a generic 'packet delay budget' could apply to both directions, though one could argue it should only be set for one or left ambiguous. The tool choice itself was perfect - create_session is the only appropriate tool for this task. No unnecessary tools were called.
	The agent correctly called `create_session` with well-formed arguments that match the schema. The `serviceTime` and `serviceArea` are correctly null (user didn't specify them). `maxNumOfDevices` is correctly set to 2100. The delay budget value of 150 with unit 'Milliseconds' is correct (user said '150 ms'). `downStreamRatePerDevice` and `upStreamRatePerDevice` are correctly null since the user didn't specify throughput. However, the user said 'packet delay budget of 150 ms' as a single concept, and the agent applied it to both `downStreamDelayBudget` and `upStreamDelayBudget`. This is a reasonable interpretation but arguably fabricates a value for one direction — the user mentioned a single 'packet delay budget' without specifying upstream vs downstream separately. Per rule 8 ('All fields stay null unless the user specifies them, never fabricate values'), applying the delay budget to both directions could be seen as slightly over-interpreting, though it's also a defensible interpretation since 'packet delay budget' could encompass both directions. This is a minor issue, resulting in a small deduction.
]
"
True,0.9,"[
	The agent correctly selected the 'create_session' tool, which is the only appropriate tool for establishing a new network slice reservation. The arguments were properly constructed: maxNumOfDevices set to 1200, upStreamRatePerDevice set to {value: 600, unit: 'kbps'}, and all unspecified fields (serviceTime, serviceArea, downStreamRatePerDevice, downStreamDelayBudget, upStreamDelayBudget) correctly set to null. The agent followed all the rules: it used the user-provided unit 'kbps' without asking, didn't fabricate any values, and only populated fields explicitly mentioned by the user. No unnecessary tool calls were made.
	The agent correctly called create_session with well-formed arguments matching the tool's expected schema. Specifically: (1) serviceTime is null as the user didn't specify it - correct per rules. (2) serviceArea is null as the user didn't specify it - correct per rules. (3) maxNumOfDevices is 1200, matching the user's request for 1200 devices. (4) upStreamRatePerDevice has value 600 and unit 'kbps', correctly matching the user's '600 kbps' uplink rate specification. (5) downStreamRatePerDevice is null since the user only mentioned uplink - correct per rules. (6) downStreamDelayBudget and upStreamDelayBudget are both null since no latency was mentioned - correct. All argument types, structures, and values align with both the tool schema and the user's request. The only minor note is that the arguments JSON structure is valid and all required fields are present. This is a near-perfect argument construction.
]
"
True,0.6,"[
	The agent correctly chose the 'create_session' tool, which is the appropriate tool for creating a network slice reservation. The parameters were mostly correct: downstream rate of 180 Mbps, null serviceTime, null serviceArea, null maxNumOfDevices, and null upStreamRatePerDevice all follow the rules. The downstream delay budget of 15 Milliseconds is correct. However, the agent also set upStreamDelayBudget to 15 Milliseconds, which the user did not specify — the user only said 'latency of 15 ms' which is ambiguous but could reasonably be interpreted as applying to both directions. That said, rule 8 states 'All fields stay null unless the user specifies them, never fabricate values,' and the user said generic 'latency' without specifying upstream vs downstream separately. This is a borderline interpretation issue. The tool selection itself (create_session) was correct and appropriate. The slight deduction is for potentially fabricating the upstream delay budget value when the user's intent was ambiguous, though the tool choice was correct.
	The agent correctly used `create_session` with proper structure and types. The downstream rate (180 Mbps) and downstream delay budget (15 ms as Milliseconds) are correctly populated per the user's request. The serviceTime, serviceArea, maxNumOfDevices, and upStreamRatePerDevice are correctly set to null since the user didn't specify them. However, the agent set `upStreamDelayBudget` to {""value"":15,""unit"":""Milliseconds""}, which the user did not request — the user said 'latency of 15 ms' which is ambiguous but could reasonably be interpreted as applying to both directions. This is a borderline issue: the user said 'latency' generically without specifying direction, so applying it to both downstream and upstream is a defensible interpretation. However, per the strict rule 'All fields stay null unless the user specifies them, never fabricate values,' the upstream delay budget was not explicitly requested and should arguably remain null. This is a moderate argument correctness issue.
]
"
True,0.95,"[
	The agent correctly selected the 'create_session' tool, which is the appropriate tool for provisioning a network slice reservation. The arguments were properly constructed: maxNumOfDevices set to 90 as specified, downStreamRatePerDevice set to 300 Mbps matching the user's request with the correct unit, and all unspecified fields (serviceTime, serviceArea, upStreamRatePerDevice, downStreamDelayBudget, upStreamDelayBudget) were correctly set to null following the rules. No unnecessary tools were called, and no better tool was available for this task.
	The agent called `create_session` with well-formed arguments that closely match the user's request. Specifically: (1) `serviceTime` is null — correct, since the user didn't specify a time period. (2) `serviceArea` is null — correct, since the user didn't specify a service area. (3) `maxNumOfDevices` is 90 — matches the user's '90 devices'. (4) `downStreamRatePerDevice` has value 300 and unit 'Mbps' — matches '300 Mbps' from the user. (5) `upStreamRatePerDevice` is null — correct, user didn't specify upstream. (6) `downStreamDelayBudget` is null — correct, user didn't specify latency. (7) `upStreamDelayBudget` is null — correct, user didn't specify latency. All required fields are present, types are correct, and no fabricated values were introduced. The only minor note is that the tool's strict schema required all SliceQosProfile fields, and the agent correctly set unspecified ones to null. The arguments are fully aligned with the user's request and the tool's expected input schema.
]
"
True,0.95,"[
	The agent correctly selected the 'create_session' tool, which is the only appropriate tool for establishing a new network slice reservation. The arguments were properly constructed: maxNumOfDevices set to 400, upStreamRatePerDevice set to {value: 45, unit: 'Mbps'}, and all unspecified fields (serviceTime, serviceArea, downStreamRatePerDevice, downStreamDelayBudget, upStreamDelayBudget) correctly set to null, following the rules that fields should stay null unless specified by the user. The unit 'Mbps' was correctly reused from the user's input without asking again, per rule 4. No unnecessary tools were called.
	The agent correctly called create_session with well-formed arguments matching the tool's expected schema. The body includes: serviceTime=null (correct, user didn't specify), serviceArea=null (correct, user didn't specify), and a sliceQosProfile with maxNumOfDevices=400 (matches user's '400 devices'), upStreamRatePerDevice={value:45, unit:'Mbps'} (matches user's '45 Mbps' uplink), downStreamRatePerDevice=null (correct, not specified), downStreamDelayBudget=null (correct, not specified), upStreamDelayBudget=null (correct, not specified). All required fields are present, types are correct (integers for values, proper enum strings for units), and no fabricated values were introduced. The only minor note is that the agent didn't fabricate any latency values despite the 'real-time' context in the user's description, which correctly follows the rule to not fabricate values. All arguments are perfectly aligned with the user's request and the tool's schema.
]
"
True,0.55,"[
	The agent correctly chose the 'create_session' tool, which is the appropriate tool for deploying a network slice reservation. The parameters were mostly correct: upStreamRatePerDevice was set to 250 Mbps as requested, the delay budget unit was correctly set to 'Milliseconds' (the user said 'ms'), and unspecified fields (serviceTime, serviceArea, maxNumOfDevices, downStreamRatePerDevice) were correctly set to null. However, there is an issue with the delay budget interpretation. The user said 'packet delay budget of 18 ms' without specifying upstream vs downstream. The agent applied it to both downStreamDelayBudget and upStreamDelayBudget, which is a reasonable interpretation for a generic 'packet delay budget'. This is acceptable. The tool selection itself (create_session) was correct and no better tool was available. The slight deduction is because the user's 'packet delay budget' is ambiguous and the agent made an assumption to apply it to both directions without asking for clarification, but this is a minor parameter interpretation issue rather than a tool selection issue.
	The agent called create_session with mostly correct structure and types, but there are issues with the arguments: (1) The user said 'packet delay budget of 18 ms' — this is a single, general mention of delay budget. The agent applied it to both downStreamDelayBudget and upStreamDelayBudget. While applying it to upStreamDelayBudget is reasonable (since live coverage is upload-heavy), applying it to downStreamDelayBudget is arguably fabricating a value the user didn't explicitly request. Per rule 8, all fields should stay null unless the user specifies them. A general 'packet delay budget' could reasonably be interpreted as applying to both directions, but it's ambiguous. (2) The user specified '250 Mbps uplink per device' — the agent correctly set upStreamRatePerDevice to {value: 250, unit: 'Mbps'} and left downStreamRatePerDevice as null, which is correct. (3) serviceTime and serviceArea are correctly null. (4) maxNumOfDevices is correctly null. (5) The types and structure of all arguments match the expected schema. The main deduction is for potentially over-populating the downStreamDelayBudget field when the user's mention of 'packet delay budget' is ambiguous but could be interpreted as applying to both directions.
]
"
True,0.9,"[
	The agent correctly selected the 'create_session' tool, which is the only appropriate tool for creating a network slice reservation. The arguments were properly constructed: maxNumOfDevices set to 700, downStreamRatePerDevice set to {value: 85, unit: 'Mbps'}, and all unspecified fields (serviceTime, serviceArea, upStreamRatePerDevice, downStreamDelayBudget, upStreamDelayBudget) correctly set to null. The agent followed all the rules: it didn't fabricate values, correctly reused the 'Mbps' unit provided by the user without asking, and left optional fields as null. No unnecessary tool calls were made.
	The agent called `create_session` with well-formed arguments that closely match the user's request. Specifically: (1) `serviceTime` is null — correct, since the user didn't specify a time period. (2) `serviceArea` is null — correct, since the user didn't specify a service area (mentioning 'city-wide' is descriptive context, not a defined geographic area). (3) `maxNumOfDevices` is 700 — matches the user's request for 700 devices. (4) `downStreamRatePerDevice` has value 85 and unit 'Mbps' — correctly extracted from '85 Mbps' in the user's request. (5) `upStreamRatePerDevice` is null — correct, user didn't specify upstream. (6) `downStreamDelayBudget` is null — correct, user didn't specify latency. (7) `upStreamDelayBudget` is null — correct, user didn't specify latency. All argument types match the expected schema (integers for numeric values, strings for enums, null for unspecified fields). The structure follows the required `body > CreateSession > sliceQosProfile` nesting. The only minor note is that the agent's tool definition uses strict mode with `additionalProperties: false` and all required fields are present. The arguments are fully aligned with the user's intent and the tool's expected input schema.
]
"
True,0.85,"[
	The agent correctly selected the 'create_session' tool, which is the appropriate tool for provisioning a network slice reservation. The parameters were well-constructed: maxNumOfDevices=350, latency set to 6 Milliseconds (correctly interpreting 'ms' as Milliseconds per rule 6), serviceTime and serviceArea correctly set to null (per rules 5 and 8), and downStreamRatePerDevice/upStreamRatePerDevice correctly set to null since no throughput was specified. The only minor concern is that the user said 'latency under 6 ms' which could be interpreted as applying to both downstream and upstream delay budgets — the agent applied it to both, which is a reasonable interpretation for 'synchronized traffic camera control'. No unnecessary tools were called. A small deduction because the user's phrasing 'latency under 6 ms' included 'ms' as a unit, so the agent correctly used Milliseconds without asking — this was handled properly.
	The agent called `create_session` with well-structured arguments that mostly align with the user's request and the tool's expected schema. Specifically: (1) `maxNumOfDevices` is correctly set to 350 as requested. (2) `serviceTime` and `serviceArea` are correctly null since the user didn't specify them. (3) `downStreamRatePerDevice` and `upStreamRatePerDevice` are correctly null since no throughput was mentioned. (4) The latency value of 6 with unit 'Milliseconds' is correct — the user said 'under 6 ms', and per rule 6, 'ms' maps to 'Milliseconds'. (5) Both `downStreamDelayBudget` and `upStreamDelayBudget` are set to 6 ms. The user said 'latency under 6 ms' without specifying directional latency, so applying it to both directions is a reasonable interpretation. However, a minor concern is that the user said 'under 6 ms' which implies a strict less-than constraint, while the value 6 is passed as-is — but the tool schema doesn't support strict inequality semantics, so this is acceptable. All argument types, structures, and formats match the expected schema. The slight deduction is for applying latency to both upstream and downstream when the user just said 'latency' generically — while reasonable, it could be seen as slightly over-specifying.
]
"
True,0.6,"[
	The agent correctly selected the 'create_session' tool, which is the appropriate tool for establishing a network slice reservation. The parameters were mostly correct: maxNumOfDevices=900, serviceTime=null, serviceArea=null, downStreamRatePerDevice=null, upStreamRatePerDevice=null are all appropriate. The delay budget value of 5 with unit 'Milliseconds' is correct since the user said '5 ms'. However, the user said 'packet delay budget' generically without specifying downstream vs upstream separately. The agent applied the 5ms delay budget to both downStreamDelayBudget and upStreamDelayBudget, which is a reasonable interpretation but could be seen as fabricating a value for one direction when the user only mentioned a single 'packet delay budget'. This is a debatable interpretation - applying it to both directions is a common and reasonable approach for a generic delay budget, but it does go slightly beyond what was explicitly stated. The tool selection itself was perfect; the minor issue is in parameter population.
	The agent called `create_session` with mostly correct arguments: `serviceTime` and `serviceArea` are correctly null, `maxNumOfDevices` is correctly set to 900, `downStreamRatePerDevice` and `upStreamRatePerDevice` are correctly null, and the delay budget value of 5 with unit 'Milliseconds' is correct (the user said '5 ms'). However, the user said 'packet delay budget of 5 ms' without specifying whether it applies to downstream, upstream, or both. The agent populated both `downStreamDelayBudget` and `upStreamDelayBudget` with the same value. This is a reasonable interpretation but could be seen as fabricating a value for one direction if the user only intended one. This is a borderline case - applying a generic 'packet delay budget' to both directions is a defensible interpretation. The argument types, formats, and structure all match the tool's expected schema correctly.
]
"
True,0.5,"[
	The agent correctly chose the 'create_session' tool, which is the appropriate tool for deploying a network slice reservation. The parameters were mostly correct: upStreamRatePerDevice was correctly set to 25 Mbps, serviceTime and serviceArea were correctly null, maxNumOfDevices was correctly null, and downStreamRatePerDevice was correctly null. The latency unit 'ms' was correctly interpreted as 'Milliseconds' per rule 6. However, the agent set both downStreamDelayBudget and upStreamDelayBudget to 7 ms. The user only specified 'latency of 7 ms' without specifying direction. While applying it to both directions is a reasonable interpretation, the system rules state 'All fields stay null unless the user specifies them, never fabricate values' (rule 8). Since the user said generic 'latency', applying it to both is defensible but debatable. The tool selection itself was correct - create_session is the right tool for this task.
	The agent correctly structured the create_session call with proper types and formats. The upStreamRatePerDevice (25 Mbps) and delay budget unit (Milliseconds for 'ms') are correctly mapped. serviceTime, serviceArea, maxNumOfDevices, and downStreamRatePerDevice are correctly null per the rules. However, the user only specified 'latency of 7 ms' generically, and the agent populated both downStreamDelayBudget and upStreamDelayBudget with 7 Milliseconds. While applying latency to both directions is a reasonable interpretation, the user said 'latency' without specifying direction, and per rule 8 ('All fields stay null unless the user specifies them, never fabricate values'), one could argue that only a single generic latency was requested. The more conservative interpretation would be to apply it to both directions (since latency was mentioned without direction), but this is debatable. The downStreamDelayBudget being populated when the user didn't explicitly mention downstream latency is a mild violation of rule 8. Additionally, the user only mentioned 'uplink rates' but the agent correctly left downStreamRatePerDevice as null. Overall the structure and types are correct, but the downStreamDelayBudget population is questionable.
]
"
True,0.85,"[
	The agent correctly selected the 'create_session' tool, which is the appropriate tool for creating a network slice reservation. The parameters were well-constructed: maxNumOfDevices=450, latency set to 6 Milliseconds (correctly interpreting 'ms' as Milliseconds per rule 6), serviceTime and serviceArea correctly set to null (per rules 5 and 8), and downStreamRatePerDevice/upStreamRatePerDevice correctly set to null since no throughput was specified. The only minor concern is that the user said 'latency capped at 6 ms' which is a general latency cap, and the agent applied it to both downstream and upstream delay budgets. This is a reasonable interpretation since the user didn't distinguish between upstream and downstream latency. No unnecessary tools were called. The tool selection was correct and appropriate.
	The agent called `create_session` with well-structured arguments that mostly align with the user's request and the tool's expected schema. Specifically: (1) `serviceTime` is correctly null since the user didn't specify it. (2) `serviceArea` is correctly null since the user didn't specify it. (3) `maxNumOfDevices` is correctly set to 450 as requested. (4) `downStreamRatePerDevice` and `upStreamRatePerDevice` are correctly null since no throughput was mentioned. (5) The latency value of 6 with unit 'Milliseconds' is correct — the user said '6 ms' which includes a unit, and 'Milliseconds' is the correct mapping. (6) Both `downStreamDelayBudget` and `upStreamDelayBudget` are set to 6 Milliseconds. The user said 'latency capped at 6 ms' without distinguishing between upstream and downstream, so applying it to both directions is a reasonable interpretation. However, one could argue that the user's generic 'latency' mention could also mean only one direction or that the agent should have asked for clarification. This is a minor concern. Overall, the argument types, structure, and values are correct and well-aligned with the tool's schema and the user's request.
]
"
True,0.75,"[
	The agent correctly selected the 'create_session' tool, which is the appropriate tool for provisioning a network slice. The parameters were mostly correct: maxNumOfDevices=500, serviceTime=null, serviceArea=null, downStreamRatePerDevice=null, upStreamRatePerDevice=null are all appropriate. The delay budget value of 5 with unit 'Milliseconds' is correct since the user said '5 ms'. However, the user said 'packet delay budget of 5 ms' which is a single general term - the agent applied it to both downStreamDelayBudget and upStreamDelayBudget. This is a reasonable interpretation since 'packet delay budget' doesn't specify direction, but it could also be argued that the agent should have asked for clarification about whether it applies to downstream, upstream, or both. The rule says 'All fields stay null unless the user specifies them' - applying the delay to both directions is a reasonable default interpretation of a non-directional specification. Overall, the tool selection was correct but the parameter population has a minor ambiguity in interpretation.
	The agent called `create_session` with well-structured arguments that mostly align with the user's request and the tool's schema. Specifically: (1) `serviceTime` and `serviceArea` are correctly set to null since the user didn't specify them. (2) `maxNumOfDevices` is correctly set to 500 as requested. (3) `downStreamRatePerDevice` and `upStreamRatePerDevice` are correctly null since no throughput was specified. (4) The delay budget value of 5 with unit 'Milliseconds' is correct — the user said '5 ms' which includes a unit, and 'Milliseconds' is the correct mapping. However, the user said 'packet delay budget of 5 ms' without specifying whether it applies to downstream, upstream, or both. The agent applied it to both `downStreamDelayBudget` and `upStreamDelayBudget`, which is a reasonable interpretation but could be seen as fabricating a value for one direction if the user only intended one. This is a minor issue since applying a general 'packet delay budget' to both directions is a defensible interpretation. All types, formats, and structures match the expected schema. The score is slightly reduced because the user's single 'packet delay budget' was expanded to populate two fields without explicit confirmation.
]
"
True,0.95,"[
	The agent correctly selected the 'create_session' tool, which is the only appropriate tool for establishing a new network slice reservation. The arguments were properly constructed: maxNumOfDevices set to 1000, upStreamRatePerDevice set to {value: 700, unit: 'kbps'}, and all unspecified fields (serviceTime, serviceArea, downStreamRatePerDevice, downStreamDelayBudget, upStreamDelayBudget) correctly set to null. The agent followed all the rules: it reused the user-provided unit 'kbps' without asking, didn't fabricate any values, and only populated fields explicitly requested by the user.
	The agent called `create_session` with well-formed arguments that closely match the user's request and the tool's expected schema. Specifically: (1) `serviceTime` is null — correct, since the user didn't specify a time period. (2) `serviceArea` is null — correct, since the user didn't specify an area. (3) `maxNumOfDevices` is 1000 — matches the user's request for 1000 devices. (4) `upStreamRatePerDevice` has value 700 and unit 'kbps' — correctly reflects '700 kbps' from the user's request, and 'kbps' is a valid enum value. (5) `downStreamRatePerDevice` is null — correct, since the user only mentioned uplink rates. (6) `downStreamDelayBudget` and `upStreamDelayBudget` are both null — correct, since no latency was mentioned. All types are correct (integers for numeric values, strings for units, nulls for unspecified fields). The only minor note is that the schema's strict mode version used by the agent includes explicit null values for all unset fields, which is appropriate. The arguments are fully aligned with the user's intent and the tool's expected input format.
]
"
True,0.75,"[
	The agent correctly selected the 'create_session' tool, which is the appropriate tool for deploying a network slice reservation. The parameters were mostly well-constructed: maxNumOfDevices=1800, serviceTime=null, serviceArea=null, downStreamRatePerDevice=null, upStreamRatePerDevice=null are all correct per the rules (only populate what the user specifies). The latency of 150 ms was correctly interpreted with unit 'Milliseconds'. However, the user said 'latency tolerance of 150 ms' which is a general latency specification. The agent applied it to both downStreamDelayBudget and upStreamDelayBudget, which is a reasonable interpretation but could be debated - applying it to both directions is a sensible default when the user doesn't distinguish. The tool selection itself is perfect - create_session is the only appropriate tool for this task. A minor deduction is warranted because the user provided the unit 'ms' explicitly, and the agent correctly used 'Milliseconds' without asking, which follows rule 4/6 properly. Overall, the tool choice and parameter population are appropriate.
	The agent called `create_session` with well-structured arguments that mostly align with the user's request and the tool's schema. Specifically: (1) `serviceTime` is correctly null since the user didn't specify it. (2) `serviceArea` is correctly null since the user didn't specify it. (3) `maxNumOfDevices` is correctly set to 1800 as requested. (4) `downStreamRatePerDevice` and `upStreamRatePerDevice` are correctly null since no throughput was mentioned. (5) The latency value of 150 with unit 'Milliseconds' is correct — the user said '150 ms', and 'ms' maps to 'Milliseconds'. However, the user said 'latency tolerance of 150 ms' without specifying whether it applies to downstream, upstream, or both. The agent applied it to both `downStreamDelayBudget` and `upStreamDelayBudget`, which is a reasonable interpretation but could be seen as fabricating a value for one direction if the user only intended one. This is a minor issue since applying latency tolerance to both directions is a common and defensible default. All types, formats, and structures match the expected schema. The slight deduction is for the ambiguity in applying the single latency value to both upstream and downstream delay budgets without confirming with the user.
]
"
True,0.95,"[
	The agent correctly selected the 'create_session' tool, which is the only appropriate tool for creating a network slice reservation. The arguments were properly constructed: maxNumOfDevices set to 900, upStreamRatePerDevice set to {value: 400, unit: 'kbps'}, and all unspecified fields (serviceTime, serviceArea, downStreamRatePerDevice, downStreamDelayBudget, upStreamDelayBudget) correctly set to null. The agent followed all the rules: it didn't fabricate values, correctly reused the 'kbps' unit provided by the user without asking again, and left optional fields as null. No unnecessary tool calls were made.
	The agent correctly called `create_session` with well-formed arguments that match the tool's expected schema. Specifically: (1) `serviceTime` is null as the user didn't specify it — correct per rules. (2) `serviceArea` is null as the user didn't specify it — correct per rules. (3) `maxNumOfDevices` is 900, matching the user's request for 900 devices. (4) `upStreamRatePerDevice` has value 400 and unit 'kbps', correctly matching the user's '400 kbps' specification. The unit 'kbps' is a valid enum value. (5) `downStreamRatePerDevice` is null since the user only mentioned uplink rates — correct per the rule to not fabricate values. (6) `downStreamDelayBudget` and `upStreamDelayBudget` are both null since no latency was mentioned — correct. All argument types, structures, and values are properly aligned with both the tool schema and the user's request. The only minor note is that the tool was invoked as a function call in the response output rather than appearing in the 'Primitives Used' section, but the arguments themselves are fully correct and well-formed.
]
"
True,0.65,"[
	The agent correctly selected the 'create_session' tool, which is the appropriate tool for provisioning a network slice. The parameters were mostly correct: maxNumOfDevices=1300, serviceTime=null, serviceArea=null, downStreamRatePerDevice=null, upStreamRatePerDevice=null. The delay budget value of 200 with unit 'Milliseconds' is correct since the user specified 'ms'. However, the agent set both downStreamDelayBudget and upStreamDelayBudget to 200ms, while the user only mentioned a generic 'packet delay budget' without specifying direction. This is a reasonable interpretation but could be seen as fabricating a value for one direction when the user's intent was ambiguous. Per rule 8 ('All fields stay null unless the user specifies them, never fabricate values'), setting both directions is debatable but arguably a reasonable default interpretation of 'packet delay budget'. The tool selection itself was perfect - create_session is the only appropriate tool for this task.
	The agent called `create_session` with mostly correct arguments: `serviceTime` and `serviceArea` are correctly null, `maxNumOfDevices` is correctly 1300, `downStreamRatePerDevice` and `upStreamRatePerDevice` are correctly null. The delay budget value of 200 with unit 'Milliseconds' is correct per the user's '200 ms' specification and rule 6. However, the user said 'packet delay budget' (singular, generic) — not explicitly both downstream and upstream delay budgets. The agent populated both `downStreamDelayBudget` and `upStreamDelayBudget` with the same value. This is a reasonable interpretation but could be seen as fabricating a value for one direction that the user didn't explicitly specify. Per rule 8 ('All fields stay null unless the user specifies them, never fabricate values'), a stricter reading would suggest only one or neither should be populated, or the agent should have asked for clarification. The structural types and formats of all arguments are correct and match the tool's expected schema.
]
"
True,0.95,"[
	The agent correctly selected the 'create_session' tool, which is the only appropriate tool for establishing a new network slice reservation. The arguments were properly constructed: maxNumOfDevices set to 2400, upStreamRatePerDevice set to {value: 500, unit: 'kbps'}, and all unspecified fields (serviceTime, serviceArea, downStreamRatePerDevice, downStreamDelayBudget, upStreamDelayBudget) correctly set to null. The user provided 'kbps' as the unit, so the agent correctly reused it without asking. No unnecessary tool calls were made.
	The agent called `create_session` with well-formed arguments that closely match the user's request. Specifically: (1) `serviceTime` is null — correct, since the user didn't specify a time period. (2) `serviceArea` is null — correct, since the user didn't specify an area. (3) `maxNumOfDevices` is 2400 — matches the user's '2400 devices'. (4) `upStreamRatePerDevice` has value 500 and unit 'kbps' — correctly reflects '500 kbps' uplink rate, and 'kbps' is a valid enum value. (5) `downStreamRatePerDevice` is null — correct, user only mentioned uplink. (6) `downStreamDelayBudget` and `upStreamDelayBudget` are null — correct, no latency was mentioned. All argument types, structures, and values are valid and aligned with the tool's schema and the user's request. The only minor note is that the tool's strict schema required all fields in SliceQosProfile, and the agent correctly provided them all (as null where not specified). This is a near-perfect argument construction.
]
"
True,0.6,"[
	The agent correctly chose the 'create_session' tool, which is the appropriate tool for creating a network slice reservation. The parameters were mostly correct: downstream rate of 220 Mbps and downstream delay budget of 15 Milliseconds match the user's request, and unspecified fields (serviceTime, serviceArea, maxNumOfDevices, upStreamRatePerDevice) were correctly set to null. However, the agent fabricated the upStreamDelayBudget value (set to 15 ms) when the user only mentioned 'latency under 15 ms' without specifying upstream vs downstream separately. Per the rules, 'All fields stay null unless the user specifies them, never fabricate values.' The user said 'latency under 15 ms' which is ambiguous — it could reasonably apply to both directions, but the most conservative interpretation per rule 8 would be to only set the downstream delay budget (since the user specifically mentioned downstream rates, suggesting a downstream-focused use case) or to set both if interpreting 'latency' as general. This is a borderline case, but setting upStreamDelayBudget without explicit user mention is a minor violation. The tool selection itself (create_session) was correct and appropriate.
	The agent correctly called `create_session` with well-formed arguments matching the expected schema. The downstream rate (220 Mbps) and downstream delay budget (15 ms) are correctly populated per the user's request. The serviceTime, serviceArea, maxNumOfDevices, and upStreamRatePerDevice are correctly set to null since the user didn't specify them. However, the agent also populated `upStreamDelayBudget` with {value: 15, unit: 'Milliseconds'}, which the user did not request — the user only said 'latency under 15 ms' which is ambiguous but could reasonably be interpreted as applying to both directions or just downstream. This is a borderline fabrication per rule 8 ('All fields stay null unless the user specifies them, never fabricate values'). The user said 'latency under 15 ms' without specifying upstream vs downstream, so setting both is a reasonable interpretation, but strictly following the rules, since the user only mentioned 'downstream rates' explicitly and 'latency' generically, setting upStreamDelayBudget could be seen as either appropriate (generic latency applies to both) or a mild violation. This is a partial deduction.
]
"
True,0.9,"[
	The agent correctly selected the 'create_session' tool, which is the appropriate tool for provisioning a network slice reservation. The arguments were well-formed: maxNumOfDevices set to 300 as specified, downStreamRatePerDevice set to 140 Mbps matching the user's request with the correct unit, and all unspecified fields (serviceTime, serviceArea, upStreamRatePerDevice, downStreamDelayBudget, upStreamDelayBudget) were correctly set to null following the rules. No unnecessary tools were called, and no better tool was available for this task.
	The agent called `create_session` with well-formed arguments that closely match the user's request. Specifically: (1) `serviceTime` is null — correct, since the user didn't specify a time period. (2) `serviceArea` is null — correct, since the user didn't specify an area. (3) `maxNumOfDevices` is 300 — matches the user's '300 devices'. (4) `downStreamRatePerDevice` has value 140 and unit 'Mbps' — matches '140 Mbps' from the user. (5) `upStreamRatePerDevice`, `downStreamDelayBudget`, and `upStreamDelayBudget` are all null — correct, as the user didn't specify these. All types are correct (integers for numeric values, strings for units, nulls for unspecified fields). The structure matches the expected `CreateSession` schema. The only minor note is that the arguments JSON uses explicit null values for all unspecified fields, which is valid and appropriate. The arguments are fully aligned with the user's request and the tool's expected input schema.
]
"
True,0.55,"[
	The agent correctly selected the 'create_session' tool, which is the appropriate tool for establishing a network slice reservation. The parameters were mostly correct: maxNumOfDevices=500, serviceTime=null, serviceArea=null, downStreamRatePerDevice=null, upStreamRatePerDevice=null are all appropriate. The delay budget value of 25 with unit 'Milliseconds' is correct since the user said '25 ms'. However, the agent populated both downStreamDelayBudget and upStreamDelayBudget with the same value, while the user only mentioned 'packet delay budget' generically. This is a reasonable interpretation since packet delay budget could apply to both directions, but it's debatable whether both should be set or if the agent should have asked for clarification. The rule says 'All fields stay null unless the user specifies them, never fabricate values' - the user said 'packet delay budget' which is ambiguous about direction. Setting both is a reasonable but slightly aggressive interpretation. Overall, the tool selection was correct but the parameter population was slightly questionable.
	The agent called `create_session` with mostly correct arguments: `serviceTime` and `serviceArea` are correctly null, `maxNumOfDevices` is correctly 500, and `downStreamRatePerDevice`/`upStreamRatePerDevice` are correctly null. The delay budget value of 25 with unit 'Milliseconds' is correct (the user said '25 ms'). However, the user said 'packet delay budget of 25 ms' which is a single, general specification. The agent applied this to both `downStreamDelayBudget` and `upStreamDelayBudget`, which is a reasonable interpretation but could be seen as fabricating a value for one direction if the user only intended one. More importantly, per rule 8 ('All fields stay null unless the user specifies them, never fabricate values'), the user specified a single 'packet delay budget' without distinguishing upstream vs downstream. Applying it to both directions is a defensible interpretation, but strictly speaking the user didn't explicitly specify both. The structural format and types of all arguments are correct and match the tool's expected schema.
]
"
True,0.85,"[
	The agent correctly selected the 'create_session' tool, which is the appropriate tool for deploying a network slice reservation. The parameters were mostly well-constructed: maxNumOfDevices=700, serviceTime=null, serviceArea=null, downStreamRatePerDevice=null, upStreamRatePerDevice=null are all correct per the rules (only populate fields the user specified). The latency was correctly set to 4 Milliseconds (the user said 'ms', which maps to Milliseconds). However, the agent applied the latency to both downStreamDelayBudget and upStreamDelayBudget, while the user simply said 'latency capped at 4 ms' without specifying direction. Applying it to both directions is a reasonable interpretation of a general latency cap, so this is acceptable. The tool selection itself is perfect - create_session is the only appropriate tool for this task. Minor deduction for the slight ambiguity in applying latency to both directions, though this is arguably the most sensible default interpretation.
	The agent called `create_session` with well-structured arguments that mostly align with the user's request and the tool's schema. Specifically: (1) `serviceTime` is correctly null since the user didn't specify it. (2) `serviceArea` is correctly null since the user didn't specify it. (3) `maxNumOfDevices` is correctly set to 700 as requested. (4) `downStreamRatePerDevice` and `upStreamRatePerDevice` are correctly null since no throughput was mentioned. (5) The latency value of 4 with unit 'Milliseconds' is correct — the user said '4 ms', and 'ms' maps to 'Milliseconds'. (6) Both `downStreamDelayBudget` and `upStreamDelayBudget` are set to 4 ms. The user said 'latency capped at 4 ms' without distinguishing upstream vs downstream, so applying it to both directions is a reasonable interpretation. However, one could argue the user only said 'latency' generically and the agent could have asked for clarification about whether it applies to both directions. This is a minor concern. Overall, the arguments are well-formed, correctly typed, and closely aligned with the user's request.
]
"
True,0.55,"[
	The agent correctly chose the 'create_session' tool, which is the appropriate tool for creating a network slice reservation. However, there are issues with the parameter values. The user specified 'uplink rates of 30 Mbps' and 'packet delay budget of 2 ms'. The agent correctly set upStreamRatePerDevice to {value: 30, unit: 'Mbps'} and correctly interpreted 'ms' as 'Milliseconds'. However, the user said 'packet delay budget' generically (not specifying upstream vs downstream separately), and the agent populated both downStreamDelayBudget and upStreamDelayBudget with the 2ms value. This is a reasonable interpretation but could be debated. More problematically, the agent set downStreamRatePerDevice to null (correct per rules - user only mentioned uplink) and downStreamDelayBudget to {value: 2, unit: 'Milliseconds'} which is arguably fabricating a value since the user only said 'packet delay budget' which could mean both directions. The tool selection itself (create_session) was correct and appropriate. The fields serviceTime, serviceArea, and maxNumOfDevices were correctly left as null. The main concern is whether populating both delay budgets from a generic 'packet delay budget' mention constitutes fabrication or reasonable interpretation.
	The agent called create_session with mostly correct structure and types, but there are issues with the arguments: (1) The user only mentioned 'uplink rates of 30 Mbps' — the upStreamRatePerDevice field is correctly set to {value: 30, unit: 'Mbps'}. (2) The user said 'packet delay budget of 2 ms' — this is a general packet delay budget. The agent set both downStreamDelayBudget and upStreamDelayBudget to {value: 2, unit: 'Milliseconds'}. While setting the upStreamDelayBudget is reasonable given the uplink context, setting downStreamDelayBudget is arguably fabricating a value not explicitly requested by the user (the user said 'packet delay budget' generically, which could be interpreted either way — but per rule 8, fields should stay null unless specified). (3) serviceTime and serviceArea are correctly null. (4) maxNumOfDevices is correctly null. (5) downStreamRatePerDevice is correctly null. The main issue is the potential over-specification of downStreamDelayBudget. The interpretation of 'packet delay budget' as applying to both directions is debatable but not clearly wrong. The unit 'Milliseconds' is correct per rule 6 (the user said 'ms' which is milliseconds). Overall the types and structure are valid, but there's a moderate concern about populating downStreamDelayBudget when the user didn't explicitly request it.
]
"
True,0.75,"[
	The agent correctly selected the 'create_session' tool, which is the appropriate tool for provisioning a network slice reservation. The parameters were mostly well-constructed: maxNumOfDevices=1600, serviceTime=null, serviceArea=null, downStreamRatePerDevice=null, upStreamRatePerDevice=null are all correct per the rules (only populate fields the user specified). The latency of 180 ms was correctly interpreted with unit 'Milliseconds' (the user provided 'ms' which maps correctly). However, the agent applied the 180ms delay budget to both downStreamDelayBudget and upStreamDelayBudget, whereas the user simply said 'latency tolerance of 180 ms' without specifying direction. This is a reasonable interpretation since latency tolerance generally applies to both directions, but it could be argued that applying it to both is slightly beyond what was explicitly stated. Overall, the tool selection was correct and the parameterization was largely appropriate.
	The agent called `create_session` with well-structured arguments that mostly align with the user's request and the tool's schema. Specifically: (1) `serviceTime` and `serviceArea` are correctly set to null since the user didn't specify them. (2) `maxNumOfDevices` is correctly set to 1600. (3) `downStreamRatePerDevice` and `upStreamRatePerDevice` are correctly null since no throughput was requested. (4) The latency value of 180 with unit 'Milliseconds' is correct — the user said '180 ms', and the unit 'ms' maps to 'Milliseconds'. However, the agent applied the latency tolerance to both `downStreamDelayBudget` and `upStreamDelayBudget`. The user said 'latency tolerance of 180 ms' without specifying direction. This is a reasonable interpretation but could be seen as fabricating a value for one direction if the user only intended one. This is a borderline judgment — applying a general latency tolerance to both directions is a defensible default, but per rule 8 ('All fields stay null unless the user specifies them, never fabricate values'), one could argue the user's single latency mention should only populate one or should have prompted clarification. The slight overreach in populating both delay budgets without explicit user direction warrants a minor deduction.
]
"
True,0.95,"[
	The agent correctly selected the 'create_session' tool, which is the only appropriate tool for establishing a new network slice reservation. The arguments were properly constructed: maxNumOfDevices set to 1100, upStreamRatePerDevice set to {value: 600, unit: 'kbps'}, and all unspecified fields (serviceTime, serviceArea, downStreamRatePerDevice, downStreamDelayBudget, upStreamDelayBudget) correctly set to null. The agent followed all the rules: it used the user-provided unit 'kbps' without asking, didn't fabricate any values, and kept unspecified fields as null. No unnecessary tool calls were made.
	The agent called `create_session` with well-formed arguments that closely match the user's request. Specifically: (1) `serviceTime` is null — correct, since the user did not specify a time period. (2) `serviceArea` is null — correct, since the user did not specify a service area. (3) `maxNumOfDevices` is 1100 — matches the user's request for 1100 devices. (4) `upStreamRatePerDevice` has value 600 and unit 'kbps' — correctly reflects '600 kbps' from the user. (5) `downStreamRatePerDevice` is null — correct, since the user only mentioned uplink rates. (6) `downStreamDelayBudget` and `upStreamDelayBudget` are null — correct, since no latency was mentioned. All argument types, structures, and values conform to the tool's expected schema. The only minor note is that the arguments JSON structure matches the strict schema version used by the agent's tool definition. Overall, the arguments are appropriate and well-aligned with the user's request.
]
"
True,0.6,"[
	The agent correctly selected the 'create_session' tool, which is the appropriate tool for deploying a network slice reservation. The parameters were mostly correct: upStreamRatePerDevice was set to 350 Mbps as requested, latency unit 'ms' was correctly interpreted as 'Milliseconds', and unspecified fields (serviceTime, serviceArea, maxNumOfDevices, downStreamRatePerDevice) were properly set to null. However, the agent applied the latency of 20 ms to both downStreamDelayBudget and upStreamDelayBudget. The user said 'latency of 20 ms' without specifying direction, so applying it to both is a reasonable interpretation, but it could also be argued that the user's intent was ambiguous and the agent should have asked for clarification. This is a minor issue. The tool selection itself was correct — create_session is the only appropriate tool for this task.
	The agent correctly called create_session with proper structure and types. The upStreamRatePerDevice (350 Mbps) correctly matches the user's request. The serviceTime and serviceArea are correctly null. maxNumOfDevices and downStreamRatePerDevice are correctly null since the user didn't specify them. The unit 'Milliseconds' for the delay budgets is appropriate since the user said '20 ms'. However, the user only specified 'latency of 20 ms' generically — the agent populated both downStreamDelayBudget and upStreamDelayBudget with 20ms. While this is a reasonable interpretation, the user's request was ambiguous about direction. More importantly, the user said '350 Mbps uplink per device' — this is specifically uplink, yet the agent left downStreamRatePerDevice as null (correct per rules). The delay budget being applied to both directions is a minor extrapolation but defensible. The main issue is that the user's generic 'latency' could arguably apply to both directions, so populating both is acceptable. Overall the arguments are well-formed and mostly aligned with the user's intent, with a slight over-interpretation on applying latency to both directions rather than asking for clarification.
]
"
True,0.65,"[
	The agent correctly selected the 'create_session' tool, which is the appropriate tool for creating a network slice reservation. The parameters were mostly well-constructed: maxNumOfDevices=90, serviceTime=null, serviceArea=null, downStreamRatePerDevice=null, upStreamRatePerDevice=null are all correct per the rules. The delay budget value of 3 with unit 'Milliseconds' is correct since the user said '3 ms'. However, the agent set both downStreamDelayBudget and upStreamDelayBudget to {value:3, unit:'Milliseconds'}, whereas the user only said 'packet delay budget of 3 ms' without specifying direction. This is a reasonable interpretation since 'packet delay budget' is ambiguous and could apply to both directions, but per rule 8 ('All fields stay null unless the user specifies them, never fabricate values'), one could argue that setting both is appropriate since the user's generic 'packet delay budget' likely applies to all packet transmission. The tool selection itself is perfect - create_session is the only appropriate tool for this task.
	The agent called `create_session` with mostly correct arguments: `serviceTime` and `serviceArea` are correctly null, `maxNumOfDevices` is correctly set to 90, `downStreamRatePerDevice` and `upStreamRatePerDevice` are correctly null, and the delay budget value of 3 with unit 'Milliseconds' is correct (the user said '3 ms'). However, the user said 'packet delay budget' (singular) without specifying both downstream and upstream separately. The agent set both `downStreamDelayBudget` and `upStreamDelayBudget` to the same value. This is a reasonable interpretation but could be seen as fabricating a value for one direction when the user only mentioned a generic 'packet delay budget'. The argument types and structure are all well-formed and match the tool's expected schema. The slight deduction is for applying the delay budget to both directions when the user's intent was ambiguous — though this is a defensible interpretation, it could also be argued that only one or neither should be assumed without clarification.
]
"
True,0.95,"[
	The agent correctly selected the 'create_session' tool, which is the only appropriate tool for provisioning a new network slice. The arguments were properly constructed: maxNumOfDevices set to 2000, upStreamRatePerDevice set to {value: 500, unit: 'kbps'} matching the user's specification, and all unspecified fields (serviceTime, serviceArea, downStreamRatePerDevice, downStreamDelayBudget, upStreamDelayBudget) correctly set to null. The user provided 'kbps' as the unit so the agent correctly reused it without asking. No unnecessary tool calls were made.
	The agent called `create_session` with well-formed arguments that closely match the user's request and the tool's expected schema. Specifically: (1) `serviceTime` is null — correct, since the user didn't specify a time period. (2) `serviceArea` is null — correct, since the user didn't specify an area. (3) `maxNumOfDevices` is 2000 — matches the user's request for 2000 devices. (4) `upStreamRatePerDevice` has value 500 and unit 'kbps' — correctly reflects the user's '500 kbps' uplink rate, and 'kbps' is a valid enum value. (5) `downStreamRatePerDevice` is null — correct, since the user only mentioned uplink. (6) `downStreamDelayBudget` and `upStreamDelayBudget` are null — correct, since no latency was specified. All required fields are present, types are correct, and no fabricated values were introduced. The only minor note is that the arguments JSON structure matches the strict schema version used by the agent's tool definition perfectly. A very slight deduction because the agent could have omitted explicit null values for cleanliness, but they are valid and schema-compliant.
]
"