success,score,reason
False,0.3,"[
	The agent correctly chose the 'create_session' tool, which is the appropriate tool for creating a network slice reservation. However, there are significant issues with the parameter mapping: (1) The 'packet delay budget of 15 ms' was placed in 'upStreamDelayBudget' instead of being more appropriately placed in 'downStreamDelayBudget' or both — the user said 'packet delay budget' generically, but given the context is about 'transmitting live footage' (which is upstream from the journalist's perspective), placing it in upStreamDelayBudget could be argued, but the user also mentioned 'downstream rates of 120 Mbps' suggesting the delay budget should likely apply to downstream as well. (2) The 'serviceArea' was populated with '{""areaType"":""CIRCLE""}' even though the user only mentioned 'downtown area' contextually — per the rules, service area should stay null unless the user specifies it with actual parameters. (3) The 'serviceTime' was correctly set to null. (4) 'downStreamRatePerDevice' and 'maxNumOfDevices' were correctly populated. The tool selection itself was correct (create_session is the right tool), but the parameter population had notable errors, particularly the fabricated serviceArea and the questionable delay budget placement.
	The agent made several errors in mapping the user's request to the tool arguments: (1) The 'packet delay budget of 15 ms' was placed in 'upStreamDelayBudget' instead of 'downStreamDelayBudget'. The user mentioned 'packet delay budget' generically, but given the context of 'downstream rates of 120 Mbps' for live video streaming, the delay budget should at minimum apply to the downstream direction (or both). Placing it only in upstream is incorrect. (2) 'downStreamDelayBudget' was set to null despite the user requesting a delay budget. (3) The 'serviceArea' was set to '{""areaType"":""CIRCLE""}' even though the user only mentioned 'downtown area' as context, not as a specific service area definition. Per the rules, service area should stay null unless the user specifies it with concrete parameters. The agent fabricated a CIRCLE area type without any coordinates or radius. (4) 'serviceTime' was correctly set to null. (5) 'maxNumOfDevices' (40), 'downStreamRatePerDevice' (120 Mbps), and 'upStreamRatePerDevice' (null) were correctly set. Overall, the delay budget placement is wrong, the service area was partially fabricated, and the downstream delay budget was incorrectly left null.
]
"
False,0.1,"[
	The agent correctly chose the 'create_session' tool, which is the appropriate tool for provisioning a network slice. However, the arguments passed were severely incorrect. The user specified uplink rates of 50 Mbps, downstream rates of 100 Mbps, and latency capped at 20 ms, yet the agent set all QoS profile fields (downStreamRatePerDevice, upStreamRatePerDevice, downStreamDelayBudget, upStreamDelayBudget) to null instead of populating them with the user-provided values. The correct call should have included upStreamRatePerDevice with value 50 and unit 'Mbps', downStreamRatePerDevice with value 100 and unit 'Mbps', and both delay budgets with value 20 and unit 'Milliseconds' (since 'ms' was given, which maps to Milliseconds). The tool selection was correct but the tool usage/parameterization was fundamentally wrong, failing to fulfill the user's request.
	The agent called create_session with all QoS profile fields set to null, completely failing to populate the values the user explicitly specified. The user requested: uplink rate of 50 Mbps, downstream rate of 100 Mbps, and latency capped at 20 ms. The correct arguments should have been: upStreamRatePerDevice: {value: 50, unit: 'Mbps'}, downStreamRatePerDevice: {value: 100, unit: 'Mbps'}, and delay budgets of {value: 20, unit: 'Milliseconds'} (the user said 'ms' which maps to Milliseconds). Instead, all five sliceQosProfile fields were passed as null. The serviceTime and serviceArea being null is correct per the rules (user didn't specify them), and the overall structure/types of the JSON are valid, but the content is fundamentally wrong since the user's explicit requirements were entirely ignored.
]
"
True,0.85,"[
	The agent correctly selected the 'create_session' tool, which is the appropriate tool for setting up a network slice reservation. The arguments were well-constructed: maxNumOfDevices=300, downStreamRatePerDevice with value=80 and unit='Mbps', downStreamDelayBudget with value=25 and unit='Milliseconds' (correctly assuming ms maps to Milliseconds). serviceTime and serviceArea were correctly set to null since the user didn't specify them. upStreamRatePerDevice and upStreamDelayBudget were correctly set to null. The only minor issue is that the delay budget unit 'ms' was provided by the user, so the agent correctly mapped it to 'Milliseconds' per rule 6. No unnecessary tools were called. This is the correct and only appropriate tool for the task.
	The agent called `create_session` with arguments that are largely correct and well-aligned with the user's request. Specifically: (1) `maxNumOfDevices` is correctly set to 300. (2) `downStreamRatePerDevice` is correctly set to {value: 80, unit: 'Mbps'}, matching the user's '80 Mbps'. (3) `downStreamDelayBudget` is correctly set to {value: 25, unit: 'Milliseconds'}, matching the user's '25 ms' (and per rule 6, ms maps to Milliseconds). (4) `serviceTime` and `serviceArea` are correctly null since the user didn't specify them. (5) `upStreamRatePerDevice` and `upStreamDelayBudget` are correctly null since the user didn't specify them. The only minor issue is that the user said 'packet delay budget of 25 ms' without specifying downstream vs upstream explicitly. The agent interpreted this as `downStreamDelayBudget` only, which is a reasonable interpretation given the context (the user focused on downstream speeds), but one could argue the packet delay budget might apply to both directions. This is a minor ambiguity rather than a clear error. The argument structure and types all match the expected schema correctly.
]
"
True,0.85,"[
	The agent correctly selected the 'create_session' tool, which is the appropriate tool for deploying a network slice reservation. The arguments were well-constructed: downstream throughput set to 300 Mbps (matching the user's '300 Mbps' with correct unit), downStreamDelayBudget set to 10 Milliseconds (correctly interpreting 'ms' as Milliseconds per rule 6), and all unspecified fields (serviceTime, serviceArea, maxNumOfDevices, upStreamRatePerDevice, upStreamDelayBudget) correctly set to null following the rules about not fabricating values. The only minor consideration is that the user said 'latency not exceeding 10 ms' which could arguably apply to both downstream and upstream delay budgets, but since the user specifically mentioned 'downstream throughput', interpreting the latency as downstream-only is a reasonable interpretation. The tool selection was perfect - no unnecessary tools were called and no better alternative existed.
	The agent called `create_session` with well-structured arguments that closely match the tool's expected schema. Specifically: (1) `serviceTime` and `serviceArea` are correctly set to null since the user didn't specify them. (2) `maxNumOfDevices` is null since the user didn't specify a count. (3) `downStreamRatePerDevice` is correctly set to {value: 300, unit: 'Mbps'}, matching the user's '300 Mbps' request. (4) `upStreamRatePerDevice` is null since the user didn't mention upstream. (5) `downStreamDelayBudget` is set to {value: 10, unit: 'Milliseconds'}, correctly interpreting '10 ms' as 10 Milliseconds. (6) `upStreamDelayBudget` is null since the user only mentioned latency generically ('latency not exceeding 10 ms'). One minor concern: the user said 'latency not exceeding 10 ms' without specifying downstream vs upstream, which could reasonably be interpreted as applying to both directions. Setting only `downStreamDelayBudget` is a defensible interpretation but arguably the user might have intended both delay budgets to be set. This is a slight misalignment with the user's possible intent, hence a small deduction.
]
"
True,0.95,"[
	The agent correctly selected the 'create_session' tool, which is the appropriate tool for establishing a network slice reservation. The arguments were well-constructed: maxNumOfDevices set to 500, downStreamRatePerDevice set to 60 Mbps (correctly reusing the user-provided unit), and all unspecified fields (serviceTime, serviceArea, upStreamRatePerDevice, downStreamDelayBudget, upStreamDelayBudget) were correctly set to null, adhering to the rules about not fabricating values. The tool selection was optimal given the available primitives. A minor note is that the agent made the call directly without unnecessary intermediate steps like ping_api, which is appropriate. The slight deduction is negligible — the tool usage is essentially correct and complete.
	The agent called `create_session` with well-formed arguments that closely match the user's request and the tool's expected schema. Specifically: (1) `serviceTime` is correctly set to `null` since the user did not specify a time period. (2) `serviceArea` is correctly set to `null` since the user did not specify a geographic area. (3) `maxNumOfDevices` is correctly set to `500` as requested. (4) `downStreamRatePerDevice` is correctly set to `{""value"": 60, ""unit"": ""Mbps""}`, matching the user's '60 Mbps' specification with the correct enum value. (5) `upStreamRatePerDevice`, `downStreamDelayBudget`, and `upStreamDelayBudget` are all correctly set to `null` since the user did not specify these values. All argument types, structures, and values align with the tool's schema and the user's request. The only minor note is that the arguments structure uses the strict schema version (with explicit `required` and `additionalProperties: false`), which is fine. All rules from the system prompt are properly followed: no fabricated values, units correctly reused from user input, and unspecified fields left as null.
]
"
True,0.85,"[
	The agent correctly selected the 'create_session' tool, which is the appropriate tool for creating a network slice reservation. The arguments were well-constructed: downstream rate set to 150 Mbps (matching user's '150 Mbps'), downStreamDelayBudget set to 15 Milliseconds (correctly interpreting 'ms' as Milliseconds per rule 6), and all unspecified fields (serviceTime, serviceArea, maxNumOfDevices, upStreamRatePerDevice, upStreamDelayBudget) correctly set to null following the rules about not fabricating values. The user mentioned 'packet delay budget of 15 ms' which was mapped to downStreamDelayBudget - this is a reasonable interpretation though the user didn't explicitly say 'downstream' delay, so one could argue both downstream and upstream delay budgets should have been set. However, the tool selection itself was perfect - create_session is the only appropriate tool for this task, and no unnecessary tools were called.
	The agent called `create_session` with well-structured arguments that closely match the tool's expected schema. Specifically: (1) `serviceTime` and `serviceArea` are correctly set to null since the user didn't specify them, following the rules. (2) `maxNumOfDevices` is null since the user didn't specify a number of devices. (3) `downStreamRatePerDevice` is correctly set to {value: 150, unit: 'Mbps'}, matching the user's '150 Mbps downstream per device'. (4) `upStreamRatePerDevice` is null since the user didn't mention upstream. (5) `downStreamDelayBudget` is set to {value: 15, unit: 'Milliseconds'}, which correctly interprets '15 ms' as milliseconds. (6) `upStreamDelayBudget` is null since the user didn't specify it. The only minor concern is that the user said 'packet delay budget of 15 ms' without specifying downstream vs upstream explicitly. The agent mapped it to `downStreamDelayBudget` only, which is a reasonable interpretation given the context of 'user experience' and downstream focus, but one could argue the user might have intended it for both directions. This is a minor interpretive issue rather than a clear argument error. All types, formats, and structures are correct and well-formed.
]
"
True,0.95,"[
	The agent correctly selected the 'create_session' tool, which is the only appropriate tool for provisioning a new network slice reservation. The arguments were properly constructed: maxNumOfDevices set to 800, upStreamRatePerDevice set to {value: 40, unit: 'Mbps'}, and all unspecified fields (serviceTime, serviceArea, downStreamRatePerDevice, downStreamDelayBudget, upStreamDelayBudget) correctly set to null. The agent followed all the rules: it didn't fabricate values, correctly reused the 'Mbps' unit provided by the user, and only populated fields explicitly mentioned by the user. No unnecessary tool calls were made.
	The agent called create_session with well-formed arguments that closely match the user's request. Specifically: (1) serviceTime is null — correct, since the user didn't specify a time period. (2) serviceArea is null — correct, since the user didn't specify a geographic area. (3) maxNumOfDevices is 800 — matches the user's '800 devices'. (4) upStreamRatePerDevice has value 40 and unit 'Mbps' — correctly reflects '40 Mbps' uplink. (5) downStreamRatePerDevice is null — correct, since the user only mentioned uplink. (6) downStreamDelayBudget and upStreamDelayBudget are null — correct, since no latency was mentioned. All argument types, structures, and values conform to the tool's expected schema. The only minor note is that the schema technically doesn't require 'unit' as a required field in Rate (it has a default of None), but providing it explicitly is perfectly valid and correct. The arguments are fully aligned with the user's request and the tool's expectations.
]
"
True,0.85,"[
	The agent correctly selected the 'create_session' tool, which is the appropriate tool for creating a network slice reservation. The arguments were well-constructed: downstream rate set to 100 Mbps as specified, latency (downStreamDelayBudget) set to 20 Milliseconds (correctly assuming ms unit per rule 6), and all unspecified fields (serviceTime, serviceArea, maxNumOfDevices, upStreamRatePerDevice, upStreamDelayBudget) were correctly left as null per the rules. The user mentioned 'latency around 20 ms' which is ambiguous about whether it applies to downstream only or both directions - the agent chose downstream only which is a reasonable interpretation but could arguably have been applied to both. The mention of 'business district' as a service area was not translated into a serviceArea parameter, which is correct since no specific geographic coordinates or area definition was provided. Overall, the tool selection and parameter population were appropriate and followed the stated rules.
	The agent called `create_session` with well-structured arguments that closely match the tool's expected schema. Specifically: (1) `serviceTime` is correctly null since the user didn't specify it. (2) `serviceArea` is correctly null since the user mentioned 'business district' but didn't provide specific geographic coordinates or area definition. (3) `maxNumOfDevices` is correctly null since the user didn't specify a number of devices. (4) `downStreamRatePerDevice` has value 100 and unit 'Mbps', correctly matching the user's '100 Mbps downstream per device'. (5) `upStreamRatePerDevice` is correctly null since the user didn't specify upstream. (6) `downStreamDelayBudget` has value 20 and unit 'Milliseconds', correctly interpreting '20 ms' per rule 6. (7) `upStreamDelayBudget` is correctly null. The slight deduction is because the user said 'latency around 20 ms' without specifying downstream vs upstream specifically — it could be argued that latency should apply to both directions. However, since the user didn't explicitly mention upstream latency and the rules say to only populate fields the user requested, setting only downstream delay budget is a reasonable interpretation given the context of 'downstream per device' being the primary focus. All types, formats, and structures are correct and match the schema expectations.
]
"
True,0.9,"[
	The agent correctly selected the 'create_session' tool, which is the appropriate tool for deploying a network slice reservation. The arguments were well-constructed: maxNumOfDevices=200, downStreamRatePerDevice with value=200 and unit='Mbps', downStreamDelayBudget with value=10 and unit='Milliseconds' (correctly interpreting 'ms' as Milliseconds). serviceTime and serviceArea were correctly set to null since the user didn't specify them. upStreamRatePerDevice and upStreamDelayBudget were correctly set to null since the user only mentioned downstream rates and packet delay budget (which maps to downstream delay budget). The only minor consideration is whether 'packet delay budget of 10 ms' should apply to both downstream and upstream, but mapping it to downStreamDelayBudget alone is a reasonable interpretation. No unnecessary tools were called.
	The agent correctly called `create_session` with well-formed arguments that closely match the user's request. Specifically: (1) `serviceTime` is null — correct, as the user didn't specify a time period. (2) `serviceArea` is null — correct, as the user didn't specify a geographic area. (3) `maxNumOfDevices` is 200 — correct, matching the user's '200 devices'. (4) `downStreamRatePerDevice` has value 200 and unit 'Mbps' — correct, matching '200 Mbps downstream rates'. (5) `upStreamRatePerDevice` is null — correct, as the user didn't specify upstream. (6) `downStreamDelayBudget` has value 10 and unit 'Milliseconds' — correct, the user said '10 ms' which maps to Milliseconds. (7) `upStreamDelayBudget` is null — correct, as the user only mentioned 'packet delay budget' without specifying upstream separately. The only minor consideration is whether 'packet delay budget of 10 ms' should apply to both downstream and upstream delay budgets or just downstream. The user said 'packet delay budget' generically, which could arguably apply to both directions. However, the agent's interpretation of applying it only to downstream is a reasonable conservative reading (rule 8: fields stay null unless specified). All types, formats, and structures are correct and match the tool's expected schema.
]
"
True,0.9,"[
	The agent correctly selected the 'create_session' tool, which is the appropriate tool for creating a network slice reservation. The arguments were well-constructed: downstream rate set to 90 Mbps (matching user's '90 Mbps' with correct unit), downStreamDelayBudget set to 30 Milliseconds (user said '30 ms', and per rules, 'ms' maps to Milliseconds), serviceTime and serviceArea correctly set to null (user didn't specify them), maxNumOfDevices set to null (not specified by user), and upStreamRatePerDevice and upStreamDelayBudget set to null (not mentioned by user). The agent followed all the rules correctly: it didn't fabricate values, correctly interpreted units, and only populated fields the user requested. The only minor consideration is that the user said 'latency below 30 ms' which could arguably apply to both downstream and upstream delay budgets, but since the user specifically mentioned 'downstream speeds' and a general 'latency', mapping it to downStreamDelayBudget alone is a reasonable interpretation. No unnecessary tools were called.
	The agent correctly called `create_session` with well-formed arguments that match the tool's expected schema. Specifically: (1) `serviceTime` is null as the user didn't specify it — correct per rules. (2) `serviceArea` is null as the user didn't specify a concrete area — correct per rules (the 'highway corridor' mention is descriptive context, not a defined geographic area). (3) `sliceQosProfile` correctly sets `downStreamRatePerDevice` to {value: 90, unit: 'Mbps'} matching the user's '90 Mbps' request. (4) `downStreamDelayBudget` is set to {value: 30, unit: 'Milliseconds'} — the user said 'below 30 ms', and per rule 6, 'ms' maps to 'Milliseconds', which is correct. (5) `maxNumOfDevices`, `upStreamRatePerDevice`, and `upStreamDelayBudget` are all null since the user didn't specify them — correct per rules. All types, structures, and values align with the schema and user intent. A minor consideration is that the user said 'latency below 30 ms' which could arguably apply to both downstream and upstream delay budgets, but the agent only set downstream. Since the user specifically mentioned 'downstream speeds' and 'latency' without specifying upstream, this is a reasonable interpretation, though slightly debatable. Overall the arguments are well-formed and appropriate.
]
"
True,0.95,"[
	The agent correctly selected the 'create_session' tool, which is the only appropriate tool for provisioning a network slice reservation. The arguments were well-formed: maxNumOfDevices set to 600 as specified, upStreamRatePerDevice set to {value: 35, unit: 'Mbps'} matching the user's request, and all unspecified fields (serviceTime, serviceArea, downStreamRatePerDevice, downStreamDelayBudget, upStreamDelayBudget) were correctly set to null following the rules. The agent did not fabricate any values and did not use unnecessary tools. The unit 'Mbps' was correctly reused from the user's input without asking for clarification, adhering to rule 4.
	The agent correctly called create_session with well-formed arguments that match the tool's expected schema. Specifically: (1) serviceTime is null as the user didn't specify it - correct per rules. (2) serviceArea is null as the user didn't specify coordinates or area details - correct per rules (the mention of 'public square' is contextual, not a geographic specification). (3) maxNumOfDevices is 600, matching the user's request. (4) upStreamRatePerDevice has value 35 and unit 'Mbps', correctly matching the user's '35 Mbps' specification. (5) downStreamRatePerDevice is null since the user only mentioned uplink rates - correct per rule 8. (6) downStreamDelayBudget and upStreamDelayBudget are null since no latency was mentioned - correct. All argument types match the schema (integers for values, strings for units, nulls where appropriate). The only minor consideration is that the user said 'uplink rates' which the agent correctly mapped to upStreamRatePerDevice. All required fields are present and properly structured.
]
"
True,0.85,"[
	The agent correctly selected the 'create_session' tool, which is the appropriate tool for establishing a network slice reservation. The arguments were well-constructed: downstream rate set to 120 Mbps (matching user's '120 Mbps downstream'), downStreamDelayBudget set to 15 Milliseconds (correctly interpreting 'packet delay budget of 15 ms' as downstream delay with 'ms' mapped to 'Milliseconds'), and all unspecified fields (serviceTime, serviceArea, maxNumOfDevices, upStreamRatePerDevice, upStreamDelayBudget) correctly set to null per the rules. The only minor consideration is that 'packet delay budget' could arguably apply to both downstream and upstream, but mapping it to downstream delay budget is a reasonable interpretation. No unnecessary tools were called, and no better tool was available.
	The agent called `create_session` with well-structured arguments that largely match the user's request and the tool's expected schema. Specifically: (1) `serviceTime` and `serviceArea` are correctly set to null since the user didn't specify them. (2) `maxNumOfDevices` is null since the user didn't specify a count. (3) `downStreamRatePerDevice` is correctly set to {value: 120, unit: 'Mbps'}, matching the user's '120 Mbps downstream per device'. (4) `upStreamRatePerDevice` is null since the user didn't mention upstream. (5) `upStreamDelayBudget` is null since the user didn't mention upstream delay. (6) `downStreamDelayBudget` is set to {value: 15, unit: 'Milliseconds'}. However, the user said 'packet delay budget of 15 ms' without specifying downstream vs upstream — this is a general packet delay budget that could reasonably apply to both directions or be ambiguous. The agent interpreted it as only downstream delay, which is a reasonable but potentially incomplete interpretation. The user said 'ms' which the agent correctly mapped to 'Milliseconds'. All types, formats, and structures conform to the schema. The minor deduction is for the ambiguity in applying the delay budget only to downstream when the user's phrasing was direction-agnostic.
]
"
True,0.85,"[
	The agent correctly selected the 'create_session' tool, which is the appropriate tool for setting up a network slice reservation. The arguments were well-constructed: downstream rate was set to 500 Mbps as specified, latency was placed in downStreamDelayBudget with value 8 and unit 'Milliseconds' (correctly assuming ms from 'ms' in user input per rule 6), and all unspecified fields (serviceTime, serviceArea, maxNumOfDevices, upStreamRatePerDevice, upStreamDelayBudget) were correctly set to null following the rules. The only minor consideration is that the user said 'latency capped at 8 ms' which could arguably apply to both downstream and upstream delay budgets, but placing it only in downstream is a reasonable interpretation since the user didn't explicitly specify upstream. The tool selection was perfect - no unnecessary tools were called and the correct tool was chosen.
	The agent called `create_session` with well-structured arguments that closely match the tool's expected schema. The `serviceTime` and `serviceArea` are correctly set to null (user didn't specify them). The `downStreamRatePerDevice` is correctly set to {value: 500, unit: 'Mbps'} matching the user's '500 Mbps downstream'. The `downStreamDelayBudget` is correctly set to {value: 8, unit: 'Milliseconds'} — the user said '8 ms' and per rule 6, ms maps to Milliseconds. The `maxNumOfDevices`, `upStreamRatePerDevice`, and `upStreamDelayBudget` are correctly null since the user didn't specify them. However, there is a subtle issue: the user said 'latency capped at 8 ms' without specifying whether it's downstream-only or both directions. The agent only set `downStreamDelayBudget` and left `upStreamDelayBudget` null. This is a reasonable interpretation since the context is VR training (downstream-heavy), but one could argue a general 'latency' cap should apply to both directions. This is a minor ambiguity rather than a clear error. All types, formats, and structures are correct and match the schema expectations.
]
"
True,0.6,"[
	The agent correctly chose the 'create_session' tool, which is the appropriate tool for creating a network slice reservation. The parameters were mostly correct: maxNumOfDevices=150, downStreamRatePerDevice with value=70 and unit='Mbps', and unspecified fields (serviceTime, upStreamRatePerDevice, downStreamDelayBudget, upStreamDelayBudget) were set to null as per the rules. However, there is an issue with the serviceArea field: the agent set it to {""areaType"":""CIRCLE""} instead of null. While the user mentioned 'harbor area', this is a contextual description, not a specification of a service area with concrete geographic parameters. Per rule 5, service area should stay null unless the user specifies it with actual geographic details. This is a fabrication of a value not explicitly requested by the user, which violates rule 8. The tool selection itself was correct, but the parameter population was partially flawed.
	The agent called create_session with mostly correct arguments: maxNumOfDevices=150 and downStreamRatePerDevice={value:70, unit:'Mbps'} correctly match the user's request. The fields upStreamRatePerDevice, downStreamDelayBudget, upStreamDelayBudget are correctly set to null since the user didn't specify them. serviceTime is correctly null. However, there are two issues: (1) serviceArea is set to {areaType:'CIRCLE'} instead of null. The user mentioned 'harbor area' as a contextual description, not as a specific geographic service area definition (no coordinates, radius, or polygon were provided). Per the rules, 'Service time and area stay null unless the user specifies them' and 'All fields stay null unless the user specifies them, never fabricate values.' Setting areaType to CIRCLE without any actual geographic parameters is fabricating a value. The serviceArea should have been null. (2) This is a moderate issue since the areaType was populated without user-specified geographic data, violating the instructions.
]
"
True,0.85,"[
	The agent correctly selected the 'create_session' tool, which is the appropriate tool for deploying a network slice reservation. The arguments were well-constructed: downstream rate was set to 80 Mbps (matching the user's '80 Mbps downstream per device'), the downstream delay budget was set to 25 Milliseconds (the user said '25 ms latency' — since 'ms' is a unit, the agent correctly interpreted it as Milliseconds), and all unspecified fields (serviceTime, serviceArea, maxNumOfDevices, upStreamRatePerDevice, upStreamDelayBudget) were correctly left as null, following the rules that fields should stay null unless specified by the user. The only minor consideration is that the user mentioned 'latency' generically (not specifically 'downstream latency'), so one could argue both downstream and upstream delay budgets should be set to 25ms. However, interpreting 'latency' as downstream delay budget is reasonable for a media consumption scenario. Overall, the tool selection and parameter population were appropriate and correct.
	The agent called `create_session` with well-structured arguments that largely match the user's request and the tool's expected schema. Specifically: (1) `serviceTime` is correctly null since the user didn't specify a time period. (2) `serviceArea` is correctly null since the user mentioned 'historical district' but didn't provide specific geographic coordinates or area definitions. (3) `maxNumOfDevices` is correctly null since the user didn't specify a number of devices. (4) `downStreamRatePerDevice` is correctly set to {value: 80, unit: 'Mbps'}, matching the user's '80 Mbps downstream per device'. (5) `upStreamRatePerDevice` is correctly null since the user didn't specify upstream. (6) `downStreamDelayBudget` is set to {value: 25, unit: 'Milliseconds'}, which correctly interprets '25 ms latency'. (7) `upStreamDelayBudget` is correctly null. The minor issue is that the user said '25 ms latency' without specifying downstream vs upstream — this is ambiguous, and the agent chose to apply it only to downstream delay budget. A reasonable interpretation given the context of 'media consumption' (which is primarily downstream), but one could argue the latency should apply to both directions or that the agent should have asked for clarification. Overall, the arguments are well-formed, correctly typed, and appropriately aligned with the user's request.
]
"
True,0.85,"[
	The agent correctly selected the 'create_session' tool, which is the appropriate tool for provisioning a network slice. The parameters were mostly well-constructed: upStreamRatePerDevice was correctly set to 200 Mbps, serviceTime and serviceArea were correctly null, maxNumOfDevices was null (not specified by user), and downStreamRatePerDevice was null. However, there is a notable issue: the user said 'packet delay budget of 12 ms' without specifying upstream or downstream direction. The agent placed it only in upStreamDelayBudget, which is a reasonable interpretation given the context of prioritizing uplink capacity for a TV broadcast van. Per rule 6, the unit was correctly assumed as 'Milliseconds' since 'ms' maps to milliseconds. The downStreamDelayBudget was left null, which could be debatable since the user said 'packet delay budget' generically (not specifically upstream). Still, the tool selection itself was correct - create_session is the right tool for this task, and no unnecessary tools were called.
	The agent called `create_session` with well-structured arguments that mostly align with the user's request and the tool's schema. Specifically: (1) `serviceTime` and `serviceArea` are correctly null since the user didn't specify them. (2) `maxNumOfDevices` is correctly null since the user didn't specify a device count. (3) `upStreamRatePerDevice` is correctly set to {value: 200, unit: 'Mbps'}, matching the user's '200 Mbps' uplink request. (4) `downStreamRatePerDevice` is correctly null since the user only mentioned uplink. (5) The unit 'Milliseconds' for the delay budget is correct per rule 6 since '12 ms' maps to milliseconds. However, there is an ambiguity issue: the user said 'packet delay budget of 12 ms' without specifying uplink vs downlink. The agent placed it only in `upStreamDelayBudget` and left `downStreamDelayBudget` as null. Given the context of prioritizing uplink for a TV broadcast van, placing the delay budget on the upstream side is a reasonable interpretation, but the user's phrasing 'packet delay budget' could also be interpreted as applying to both directions or generically. This is a minor concern. Overall, the argument types, formats, and structure are correct and well-formed.
]
"
True,0.95,"[
	The agent correctly selected the 'create_session' tool, which is the appropriate tool for establishing a network slice reservation. The arguments were well-constructed: maxNumOfDevices set to 250, downStreamRatePerDevice set to 100 Mbps (correctly recognizing the user-provided unit), and all unspecified fields (serviceTime, serviceArea, upStreamRatePerDevice, downStreamDelayBudget, upStreamDelayBudget) were correctly set to null following the rules. The tool choice was optimal and no unnecessary tools were called. A minor note is that the tool call was made directly without confirmation, but the user's request was clear enough to proceed without ambiguity.
	The agent called `create_session` with well-formed arguments that closely match the user's request and the tool's expected schema. Specifically: (1) `serviceTime` is correctly set to `null` since the user did not specify a time period. (2) `serviceArea` is correctly set to `null` since the user did not specify a service area. (3) `maxNumOfDevices` is correctly set to `250` as requested. (4) `downStreamRatePerDevice` is correctly set to `{""value"": 100, ""unit"": ""Mbps""}`, matching the user's '100 Mbps' specification with the correct enum value. (5) `upStreamRatePerDevice`, `downStreamDelayBudget`, and `upStreamDelayBudget` are all correctly set to `null` since the user did not specify these values, adhering to the rule that all fields stay null unless specified. All types are correct (integers for numeric values, strings for enums, null for unspecified fields), and the structure matches the expected `CreateSession` schema. The only minor note is that the arguments JSON uses strict mode formatting with all required fields explicitly listed, which is perfectly valid. The arguments are fully aligned with the user's intent and the tool's expectations.
]
"
True,0.9,"[
	The agent correctly selected the 'create_session' tool, which is the only appropriate tool for creating a network slice reservation. The arguments were properly constructed: downstream rate set to 150 Mbps as specified, downstream delay budget set to 20 Milliseconds (correctly interpreting 'ms' as Milliseconds per rule 6), and all unspecified fields (serviceTime, serviceArea, maxNumOfDevices, upStreamRatePerDevice, upStreamDelayBudget) were correctly set to null following the rules about not fabricating values. The unit 'Mbps' was correctly reused from the user's input without asking again (rule 4). No unnecessary tool calls were made.
	The agent correctly called `create_session` with well-formed arguments that align with the user's request. Specifically: (1) `serviceTime` is null — correct, as the user didn't specify a time period. (2) `serviceArea` is null — correct, as the user didn't specify a service area. (3) `downStreamRatePerDevice` has value 150 and unit 'Mbps' — correctly matches '150 Mbps downstream'. (4) `downStreamDelayBudget` has value 20 and unit 'Milliseconds' — correctly matches 'latency below 20 ms' (the user provided 'ms' which maps to Milliseconds). (5) `maxNumOfDevices` is null — correct, user didn't specify. (6) `upStreamRatePerDevice` is null — correct, user didn't specify upstream. (7) `upStreamDelayBudget` is null — correct, user didn't specify upstream latency. All types are correct (integers for values, proper enum strings for units). The only minor consideration is that the user said 'latency below 20 ms' which could arguably apply to both downstream and upstream delay budgets, but the agent reasonably interpreted it as downstream delay budget given the context of downstream throughput being the primary specification. All required fields are present and properly structured.
]
"
True,0.75,"[
	The agent correctly selected 'create_session' which is the appropriate tool for deploying a network slice reservation. The parameters were mostly well-populated: downstream rate (120 Mbps), downstream delay budget (10 ms as Milliseconds), and null values for unspecified fields (serviceTime, serviceArea, maxNumOfDevices, upStreamRatePerDevice, upStreamDelayBudget). However, the user mentioned 'in a city park' which is a service area specification, and per the rules, serviceArea should have been addressed - though without specific coordinates or polygon data, leaving it null is arguably reasonable since the user didn't provide actionable geographic data. The latency was specified as '10 ms' which the agent correctly interpreted as a downstream delay budget with Milliseconds unit. The user said 'latency' generically (not specifically downstream), so one could argue both downstream and upstream delay budgets should be set to 10ms, but the agent's interpretation of applying it to downstream only is a reasonable default. Overall, the tool selection was correct and the parameterization was largely appropriate.
	The agent called create_session with mostly correct arguments. The downstream rate (120 Mbps) and delay budget (10 ms as Milliseconds) are correctly mapped from the user's request. serviceTime and serviceArea are correctly null since the user didn't specify time constraints and the 'city park' mention is a contextual description rather than a defined geographic area (though one could argue serviceArea should have been populated). maxNumOfDevices is correctly null since the user didn't specify a number. upStreamRatePerDevice and upStreamDelayBudget are correctly null. However, the user mentioned 'in a city park' which could reasonably be interpreted as a service area specification, and the agent did not ask for clarification or attempt to populate the serviceArea field. This is a minor issue since the area type and coordinates were not provided by the user, making it reasonable to leave it null. Overall the arguments are well-structured, correctly typed, and mostly aligned with the user's request.
]
"
True,0.85,"[
	The agent correctly selected the 'create_session' tool, which is the appropriate tool for provisioning a network slice reservation. The parameters were well-constructed: downstream rate set to 90 Mbps, delay budget set to 10 Milliseconds (correctly interpreting 'ms' as Milliseconds), and unspecified fields (serviceTime, serviceArea, maxNumOfDevices, upStreamRatePerDevice, upStreamDelayBudget) were correctly set to null. However, the user said 'packet delay budget of 10 ms' without specifying downstream vs upstream, and the agent only populated downStreamDelayBudget. A reasonable interpretation could be that the packet delay budget applies to both directions, but placing it only on downstream is also a defensible choice. The tool selection itself was perfect - create_session is the only appropriate tool for this task. A minor deduction for the ambiguity in delay budget direction assignment.
	The agent called `create_session` with well-structured arguments that mostly align with the user's request and the tool's schema. Specifically: (1) `serviceTime` and `serviceArea` are correctly set to null since the user didn't specify them. (2) `maxNumOfDevices` is null since the user didn't specify a count. (3) `downStreamRatePerDevice` is correctly set to {value: 90, unit: 'Mbps'}, matching the user's '90 Mbps downstream per device'. (4) `upStreamRatePerDevice` is null since the user didn't mention upstream. (5) `upStreamDelayBudget` is null since the user didn't mention upstream delay. However, there is one issue: the user said 'packet delay budget of 10 ms' which is ambiguous — it could apply to both downstream and upstream, or generically. The agent mapped it only to `downStreamDelayBudget` with {value: 10, unit: 'Milliseconds'}. This is a reasonable interpretation but could be debated — some might expect it to apply to both directions. The unit 'Milliseconds' is correct per rule 6 (the user said 'ms' which is milliseconds). The value 10 and unit 'Mbps' are valid enum values matching the schema. All types are correct (integers for values, proper enum strings for units). The only minor deduction is for the potentially incomplete mapping of the generic 'packet delay budget' to only downstream rather than both directions.
]
"
True,0.6,"[
	The agent correctly selected the 'create_session' tool, which is the appropriate tool for creating a network slice reservation. The parameters were mostly correct: serviceTime and serviceArea are null (as they should be since the user didn't specify them), maxNumOfDevices is null, downStreamRatePerDevice is null, and upStreamRatePerDevice is correctly set to 20 Mbps. However, there is an issue with the delay budget placement. The user said 'packet delay budget of 3 ms' without specifying upstream or downstream specifically. The agent placed it only in upStreamDelayBudget. While one could argue that for autonomous delivery robots the uplink is more critical (sending sensor/control data), the user's request for a generic 'packet delay budget' could reasonably be interpreted as applying to both upstream and downstream delay budgets. The unit 'Milliseconds' is correctly inferred from 'ms'. The downStreamDelayBudget being null is a debatable choice. Overall, the tool selection was correct but the parameter mapping has a minor ambiguity issue.
	The arguments are structurally correct and well-formed, matching the expected schema types and formats. The uplink rate (20 Mbps) and unit (Milliseconds for delay) are correctly captured. However, the user specified a generic 'packet delay budget of 3 ms' without specifying direction, which should reasonably apply to both upstream and downstream delay budgets. The agent only populated upStreamDelayBudget and left downStreamDelayBudget as null, which is a significant semantic misalignment with the user's intent. All other null fields are correctly left unset per the rules.
]
"
True,0.95,"[
	The agent correctly selected the 'create_session' tool, which is the only appropriate tool for provisioning a network slice reservation. The arguments were properly constructed: maxNumOfDevices=60, downStreamRatePerDevice with value=30 and unit='Mbps', downStreamDelayBudget with value=5 and unit='Milliseconds' (correctly interpreting 'ms' as Milliseconds per rule 6), and all unspecified fields (serviceTime, serviceArea, upStreamRatePerDevice, upStreamDelayBudget) were correctly set to null following the rules about not fabricating values. No unnecessary tool calls were made.
	The agent called create_session with well-formed arguments that closely match the user's request. Specifically: (1) serviceTime is null — correct, as the user didn't specify a time period. (2) serviceArea is null — correct, as the user didn't specify an area. (3) maxNumOfDevices is 60 — matches the user's '60 devices'. (4) downStreamRatePerDevice has value 30 and unit 'Mbps' — matches '30 Mbps' downstream. (5) upStreamRatePerDevice is null — correct, user didn't specify upstream. (6) downStreamDelayBudget has value 5 and unit 'Milliseconds' — matches '5 ms' latency. (7) upStreamDelayBudget is null — correct, user didn't specify upstream latency. All types, formats, and values are correct and aligned with the tool's schema. The only minor note is that the user said 'latency capped at 5 ms' which could arguably apply to both downstream and upstream delay budgets, but the agent conservatively applied it only to downstream, which follows the rule of not fabricating values. This is a reasonable interpretation.
]
"
True,0.6,"[
	The agent correctly chose the 'create_session' tool, which is the appropriate tool for establishing a network slice reservation. The parameters were mostly correct: serviceTime and serviceArea are null (as they should be since the user didn't specify them), maxNumOfDevices is null, and upStreamRatePerDevice is correctly set to 25 Mbps. However, there are issues with the parameter mapping. The user said 'ultra-low latency of 2 ms' which is a general latency requirement - the agent correctly applied it to both downStreamDelayBudget and upStreamDelayBudget (value: 2, unit: Milliseconds), which is reasonable for an AGV use case prioritizing ultra-low latency. The downStreamRatePerDevice is correctly null since the user only specified uplink throughput. However, the user only explicitly mentioned 'latency of 2 ms' without specifying it as downstream or upstream specifically. Setting both delay budgets to 2ms is a reasonable interpretation of 'ultra-low latency' for AGVs, though one could argue the downStreamDelayBudget should be null since the user didn't explicitly request it. The tool selection itself (create_session) was correct and appropriate.
	The agent correctly used the create_session tool with proper structure and types. The following aspects were handled well: serviceTime and serviceArea are null (user didn't specify them), maxNumOfDevices is null (not specified), upStreamRatePerDevice is correctly set to {value: 25, unit: 'Mbps'} matching the user's request, and both delay budgets use {value: 2, unit: 'Milliseconds'} which correctly applies the 2 ms latency. However, there is an issue: the user said 'ultra-low latency of 2 ms' without specifying whether it applies to downlink, uplink, or both. The agent set both downStreamDelayBudget and upStreamDelayBudget to 2 ms, which is a reasonable interpretation for a general latency requirement. The more significant issue is that downStreamRatePerDevice is set to null, which is correct since the user only mentioned uplink throughput. However, the user only mentioned 'uplink throughput of 25 Mbps' but the agent also populated downStreamDelayBudget with 2ms - while this is debatable, the user said 'ultra-low latency' generically which could reasonably apply to both directions. The main concern per the rules is rule 8: 'All fields stay null unless the user specifies them, never fabricate values.' The user said 'ultra-low latency of 2 ms' without distinguishing upstream vs downstream. Setting both delay budgets could be seen as a reasonable interpretation, but strictly speaking the user didn't explicitly request a downstream delay budget separately. This is a borderline case. Overall the structure and types are correct, but the downStreamDelayBudget population is questionable under strict interpretation of rule 8.
]
"
True,0.85,"[
	The agent correctly selected the 'create_session' tool, which is the appropriate tool for deploying a network slice reservation. The arguments were well-constructed: serviceTime and serviceArea are null (not specified by user), maxNumOfDevices is null (not specified), downStreamRatePerDevice is correctly set to 50 Mbps, upStreamRatePerDevice is null (not specified), and downStreamDelayBudget is correctly set to 1 Milliseconds. The user said 'packet delay budget' which is ambiguous about direction, but mapping it to downStreamDelayBudget is a reasonable interpretation. The only minor consideration is whether the 1 ms delay should also apply to upStreamDelayBudget since 'packet delay budget' could imply both directions for remote crane operation, but the agent followed the rule of not fabricating values and only populated what was explicitly stated. The tool selection and parameter population were appropriate and correct.
	The agent called `create_session` with well-structured arguments that closely match the tool's expected schema. Specifically: (1) `serviceTime` and `serviceArea` are correctly set to `null` since the user did not specify them (rules 5 and 8). (2) `maxNumOfDevices` is correctly `null` since the user did not specify a number of devices (rule 3). (3) `downStreamRatePerDevice` is correctly set to `{""value"": 50, ""unit"": ""Mbps""}`, matching the user's request of '50 Mbps downstream per device' with the unit 'Mbps' from the valid enum. (4) `upStreamRatePerDevice` is correctly `null` since the user did not specify upstream rate. (5) `upStreamDelayBudget` is correctly `null` since the user did not specify upstream delay. (6) `downStreamDelayBudget` is set to `{""value"": 1, ""unit"": ""Milliseconds""}`. The user said '1 ms packet delay budget' without specifying downstream vs upstream explicitly. Mapping this to `downStreamDelayBudget` is a reasonable interpretation, though the user said 'packet delay budget' generically which could arguably apply to both directions. This is a minor interpretation issue — one could argue both `downStreamDelayBudget` and `upStreamDelayBudget` should be set to 1 ms, since 'packet delay budget' in the context of remote crane operation typically refers to overall latency. The unit 'Milliseconds' is correct per rule 6 (ms was provided, and Milliseconds is the matching enum value). All types and structures are correct and match the schema. The slight deduction is for only setting downstream delay budget when the user's 'packet delay budget' could reasonably apply to both directions.
]
"
True,0.85,"[
	The agent correctly selected the 'create_session' tool, which is the appropriate tool for creating a network slice reservation. The parameters were well-constructed: maxNumOfDevices=120, downStreamDelayBudget with value=4 and unit='Milliseconds' (correctly interpreting 'ms' as Milliseconds per rule 6), serviceTime=null, serviceArea=null (per rules 5 and 8), and throughput fields set to null (not specified by user, per rule 8). However, the user said 'latency not exceeding 4 ms' which is a general latency constraint — the agent only set downStreamDelayBudget but left upStreamDelayBudget as null. For railway signaling systems, both upstream and downstream latency would typically matter, and the user's phrasing 'latency' without specifying direction could reasonably be interpreted as applying to both directions. This is a minor issue in parameter population rather than tool selection itself. The tool choice was correct and no unnecessary tools were called.
	The agent called `create_session` with well-structured arguments that largely match the user's request and the tool's expected schema. Specifically: (1) `maxNumOfDevices` is correctly set to 120 as requested. (2) `downStreamDelayBudget` is correctly set to {value: 4, unit: 'Milliseconds'}, matching the user's '4 ms' with the rule that 'ms' maps to 'Milliseconds'. (3) `serviceTime` and `serviceArea` are correctly null since the user didn't specify them. (4) `downStreamRatePerDevice` and `upStreamRatePerDevice` are correctly null since no throughput was mentioned. (5) `upStreamDelayBudget` is null. However, the user said 'latency not exceeding 4 ms' which is a general latency constraint — it could reasonably apply to both downstream and upstream delay budgets. The agent only set `downStreamDelayBudget` and left `upStreamDelayBudget` as null. This is a debatable interpretation; setting both would arguably better match the user's intent of a general latency cap. The argument types, formats, and structure are all correct and well-formed for the tool's schema.
]
"
True,0.75,"[
	The agent correctly selected the 'create_session' tool, which is the appropriate tool for provisioning a network slice reservation. The parameters were mostly well-constructed: upStreamRatePerDevice was correctly set to 40 Mbps, serviceTime and serviceArea were correctly null, maxNumOfDevices was null, and downStreamRatePerDevice was null — all following the rules about not fabricating values. The latency of 5 ms was correctly interpreted with 'Milliseconds' unit per rule 6. However, the user said 'latency under 5 ms' which is a general latency requirement — the agent placed it only in upStreamDelayBudget while leaving downStreamDelayBudget null. A reasonable interpretation could be that 'latency' refers to both directions or at least the general delay budget. Placing it only on upstream is a defensible choice given the uplink focus, but it's debatable. The tool selection itself (create_session) was exactly correct for the task.
	The agent called `create_session` with well-structured arguments that mostly align with the user's request and the tool's schema. Specifically: (1) `serviceTime` and `serviceArea` are correctly null since the user didn't specify them. (2) `maxNumOfDevices` is correctly null. (3) `upStreamRatePerDevice` is correctly set to {value: 40, unit: 'Mbps'} matching the user's '40 Mbps' uplink rate. (4) `downStreamRatePerDevice` is correctly null since the user didn't specify it. (5) `downStreamDelayBudget` is null, which is acceptable. However, there is a notable issue: the user said 'latency under 5 ms' without specifying uplink vs downlink direction. The agent placed the latency budget only in `upStreamDelayBudget`. While this is a reasonable interpretation given the uplink context of the request, the user's 'latency' mention was general and could arguably apply to both directions or at least be ambiguous. The agent correctly used 'Milliseconds' as the unit per rule 6 (since 'ms' maps to milliseconds). The value 5 and unit 'Milliseconds' are correct. All types and formats match the schema expectations. The slight deduction is for the potentially incomplete interpretation of the latency requirement (only upstream, not also downstream or a general latency field).
]
"
True,0.95,"[
	The agent correctly selected the 'create_session' tool, which is the appropriate tool for establishing a network slice reservation. The arguments were well-formed: downstream rate was set to 60 Mbps (matching the user's '60 Mbps' specification with correct unit), the packet delay budget was correctly placed in 'downStreamDelayBudget' with value 3 and unit 'Milliseconds' (the user said 'ms', which maps to Milliseconds correctly per rule 6), and all unspecified fields (serviceTime, serviceArea, maxNumOfDevices, upStreamRatePerDevice, upStreamDelayBudget) were correctly set to null following the rules. The only minor consideration is that 'packet delay budget' could arguably apply to both downstream and upstream, but placing it in downStreamDelayBudget is a reasonable interpretation. No unnecessary tools were called, and no better tool was available.
	The agent correctly called `create_session` with well-formed arguments that match the tool's expected schema. Specifically: (1) `serviceTime` is null as the user didn't specify it — correct per rules. (2) `serviceArea` is null as the user didn't specify it — correct per rules. (3) `downStreamRatePerDevice` has value 60 and unit 'Mbps', matching the user's '60 Mbps' — correct, and the unit was provided so no need to ask. (4) `downStreamDelayBudget` has value 3 and unit 'Milliseconds', matching the user's '3 ms' — correct, and 'ms' maps to 'Milliseconds' appropriately. (5) `maxNumOfDevices` is null since the user didn't specify a count — correct per rules. (6) `upStreamRatePerDevice` and `upStreamDelayBudget` are null since the user didn't specify them — correct per rules. The only minor consideration is that the user said 'packet delay budget' without specifying downstream vs upstream explicitly. The agent interpreted it as `downStreamDelayBudget`, which is a reasonable interpretation given the context of 'downstream rates' being the primary specification. All types, formats, and structures are valid and aligned with the schema.
]
"
True,0.85,"[
	The agent correctly selected the 'create_session' tool, which is the appropriate tool for deploying a network slice reservation. The parameters were well-constructed: maxNumOfDevices=300, downStreamDelayBudget with value=4 and unit='Milliseconds' (correctly interpreting 'ms' as Milliseconds per rule 6), serviceTime=null, serviceArea=null (per rules 5 and 8), and throughput fields set to null since the user didn't specify them. The only minor issue is that the user said 'latency capped at 4 ms' which could reasonably apply to both downstream and upstream delay budgets, but the agent only set downStreamDelayBudget and left upStreamDelayBudget as null. A more complete interpretation might have set both delay budgets to 4ms since 'latency' is a general term. However, the conservative approach of only setting downstream is also defensible. Overall, the tool selection was correct and the parameterization was mostly appropriate.
	The agent called `create_session` with well-structured arguments that largely match the user's request and the tool's expected schema. Specifically: (1) `serviceTime` is null — correct, since the user didn't specify a time period. (2) `serviceArea` is null — correct, since the user didn't specify an area. (3) `maxNumOfDevices` is 300 — correct, matching the user's '300 devices'. (4) `downStreamRatePerDevice` and `upStreamRatePerDevice` are null — correct, since no throughput was mentioned. (5) `downStreamDelayBudget` has value 4 and unit 'Milliseconds' — correct, the user said '4 ms' and the unit 'ms' maps to 'Milliseconds'. (6) `upStreamDelayBudget` is null — this is debatable. The user said 'latency capped at 4 ms' without specifying downstream vs upstream, which could reasonably be interpreted as applying to both directions. Setting only the downstream delay budget and leaving upstream null is a partial interpretation. A more complete interpretation would set both downstream and upstream delay budgets to 4 ms. This is the main shortcoming, resulting in a slight deduction.
]
"
True,0.55,"[
	The agent correctly chose the 'create_session' tool, which is the appropriate tool for creating a network slice reservation. The parameters were mostly correct: maxNumOfDevices=80, upStreamRatePerDevice with value=30 and unit='Mbps', serviceTime=null, serviceArea=null. However, there is a significant error in the latency placement. The user said 'latency below 5 ms' without specifying upstream or downstream specifically, but the agent placed it only in 'downStreamDelayBudget' while leaving 'upStreamDelayBudget' as null. For an autonomous bus control system, latency is a general requirement and arguably should apply to both directions, or at minimum the agent should have clarified. More critically, the user specified 'latency below 5 ms' as a general requirement - placing it only on downstream is a debatable interpretation. The unit 'Milliseconds' was correctly assumed per rule 6 since 'ms' was provided. The tool selection itself (create_session) was correct and no unnecessary tools were called.
	The agent called create_session with mostly correct arguments, but there is a significant error in how the latency was mapped. The user said 'latency below 5 ms' without specifying upstream vs downstream specifically — this is a general latency requirement. The agent placed the 5ms delay budget only in 'downStreamDelayBudget' and left 'upStreamDelayBudget' as null. For an autonomous bus control system where the user specified uplink rates, it would be more appropriate to apply the latency constraint to upStreamDelayBudget (or both). Placing it only on downstream is a misalignment with the user's intent. Other aspects are correct: maxNumOfDevices=80 matches '80 devices', upStreamRatePerDevice with value=30 and unit='Mbps' correctly matches '30 Mbps uplink', serviceTime and serviceArea are correctly null (not specified by user), and downStreamRatePerDevice is correctly null. The types and structure of all arguments are valid and well-formed.
]
"
True,0.6,"[
	The agent correctly selected the 'create_session' tool, which is the appropriate tool for provisioning a network slice. The parameters were mostly correct: upStreamRatePerDevice was set to 10 Mbps as requested, serviceTime and serviceArea were null as per the rules, maxNumOfDevices and downStreamRatePerDevice were null since the user didn't specify them, and the unit for the delay budget was correctly set to 'Milliseconds'. However, the agent placed the packet delay budget only in 'upStreamDelayBudget'. The user said 'packet delay budget of 6 ms' without specifying upstream or downstream specifically - this is ambiguous, but for real-time traffic light coordination, a general packet delay budget would typically apply to both directions. The agent's interpretation of placing it only on upstream is a reasonable but debatable choice. The tool selection itself (create_session) was correct and no unnecessary tools were called.
	The agent correctly called create_session with proper structure: serviceTime=null, serviceArea=null (user didn't specify these), maxNumOfDevices=null (not specified), downStreamRatePerDevice=null (not specified), upStreamRatePerDevice with value=10 and unit='Mbps' (matching '10 Mbps uplink'). However, there is a significant issue with the delay budget placement. The user said 'packet delay budget of 6 ms' without specifying uplink-only or downlink-only — this is a general packet delay budget. The agent placed it only in upStreamDelayBudget and left downStreamDelayBudget as null. While one could argue the context of 'uplink per device' might suggest uplink focus, the 'packet delay budget' is stated separately and generically, so it should arguably apply to both directions (or at minimum the ambiguity should have been clarified with the user). The unit 'Milliseconds' for the delay budget is correct per rule 6 (ms maps to Milliseconds). The value 6 is correct. All types and formats are valid. The main deduction is for placing the delay budget only on upStream rather than both directions or asking for clarification.
]
"
True,0.85,"[
	The agent correctly selected the 'create_session' tool, which is the appropriate tool for establishing a network slice reservation. The arguments were well-constructed: serviceTime and serviceArea are null (as the user didn't specify them), maxNumOfDevices is null (not specified), downStreamRatePerDevice is set to 25 Mbps (matching the user's request with the provided unit), downStreamDelayBudget is set to 5 Milliseconds (correctly applying the 'ms' unit as Milliseconds), and upStreamRatePerDevice and upStreamDelayBudget are null (not specified by the user). The agent followed all the rules: it didn't fabricate values, correctly interpreted the units provided, and only populated fields the user requested. The only minor consideration is that the user said 'latency of 5 ms' which could arguably apply to both downstream and upstream delay budgets, but the agent only set the downstream delay budget. However, since the user specifically mentioned 'downstream rates' alongside latency, mapping latency to downstream delay budget is a reasonable interpretation. No unnecessary tools were called.
	The agent called `create_session` with well-structured arguments that closely match the tool's expected schema. The `serviceTime` and `serviceArea` are correctly set to null (user didn't specify them). The `downStreamRatePerDevice` is correctly set to {value: 25, unit: 'Mbps'} matching the user's '25 Mbps'. The `downStreamDelayBudget` is correctly set to {value: 5, unit: 'Milliseconds'} matching the user's '5 ms' (with the rule that latency given in ms maps to Milliseconds). The `maxNumOfDevices`, `upStreamRatePerDevice`, and `upStreamDelayBudget` are correctly null since the user didn't specify them. One minor issue: the user said 'latency of 5 ms' without specifying downstream vs upstream specifically - this could reasonably be interpreted as applying to both downstream and upstream delay budgets, or at minimum the downstream. The agent chose to apply it only to downstream, which is a reasonable but potentially incomplete interpretation. Overall, the arguments are well-formed, correctly typed, and aligned with the user's request.
]
"
True,0.85,"[
	The agent correctly selected the 'create_session' tool, which is the appropriate tool for deploying a network slice reservation. The arguments were well-constructed: maxNumOfDevices=50, downStreamDelayBudget with value=2 and unit='Milliseconds' (correctly interpreting 'ms' as Milliseconds per rule 6), serviceTime=null, serviceArea=null (per rules 5 and 8), and throughput fields set to null (not specified by user, per rule 8). However, the user said 'latency capped at 2 ms' which could reasonably apply to both downstream and upstream delay budgets, yet the agent only set downStreamDelayBudget and left upStreamDelayBudget as null. This is a minor judgment call - one could argue 'latency' generically means both directions for industrial robots. The tool selection itself was perfect; the slight deduction is for the argument interpretation rather than tool choice.
	The agent called `create_session` with well-structured arguments that mostly align with the user's request and the tool's schema. Specifically: (1) `serviceTime` is correctly null since the user didn't specify it. (2) `serviceArea` is correctly null since the user didn't specify it. (3) `maxNumOfDevices` is correctly set to 50 as requested. (4) `downStreamRatePerDevice` and `upStreamRatePerDevice` are correctly null since no throughput was mentioned. (5) `downStreamDelayBudget` has value 2 with unit 'Milliseconds', which correctly interprets '2 ms'. (6) `upStreamDelayBudget` is null. The one concern is that the user said 'latency capped at 2 ms' generically without specifying downstream vs upstream, which could reasonably be interpreted as applying to both downstream and upstream delay budgets. Setting only `downStreamDelayBudget` and leaving `upStreamDelayBudget` null is a debatable interpretation — for collaborative industrial robots, bidirectional low latency is typically important. However, the rules say 'All fields stay null unless the user specifies them,' and the user didn't explicitly distinguish directions, so there's ambiguity. A more complete interpretation would set both delay budgets to 2ms. All types, formats, and structures are correct and match the schema expectations.
]
"
True,0.85,"[
	The agent correctly selected the 'create_session' tool, which is the appropriate tool for creating a network slice reservation. The parameters were mostly well-constructed: serviceTime and serviceArea are null (as per rules since user didn't specify them), maxNumOfDevices is null, downStreamRatePerDevice is null, and upStreamRatePerDevice is correctly set to {value: 20, unit: 'Mbps'}. However, there's a subtle issue with the delay budget placement. The user said 'packet delay budget of 7 ms' without specifying upstream or downstream specifically. The agent placed it in 'upStreamDelayBudget', which is a reasonable interpretation given the context of 'uplink rates' being the primary focus, but the user said 'packet delay budget' generically which could arguably apply to both directions. That said, given the uplink-focused context of machinery control, placing it in upStreamDelayBudget is a defensible choice. The unit 'Milliseconds' is correctly applied per rule 6 (ms implies milliseconds). The tool selection itself is perfect - create_session is the only appropriate tool for this task.
	The agent called `create_session` with well-structured arguments that mostly align with the user's request and the tool's schema. Specifically: (1) `serviceTime` and `serviceArea` are correctly set to null since the user didn't specify them. (2) `maxNumOfDevices` is null since the user didn't specify it. (3) `upStreamRatePerDevice` is correctly set to {value: 20, unit: 'Mbps'}, matching the user's '20 Mbps' uplink rate. (4) `downStreamRatePerDevice` is null since the user didn't request it. (5) `downStreamDelayBudget` is null since the user didn't request it. However, there is one issue: the user said 'packet delay budget of 7 ms' which is ambiguous about direction. The agent placed it in `upStreamDelayBudget`, which is a reasonable interpretation given the context of uplink-focused precision agriculture machinery control, but the user said 'packet delay budget' generically without specifying upstream or downstream. This is a minor interpretation issue. The unit 'Milliseconds' is correct per rule 6 (the user said 'ms' which is milliseconds). All types and formats are correct. The structure matches the expected schema.
]
"
True,0.75,"[
	The agent correctly selected the 'create_session' tool, which is the appropriate tool for provisioning a network slice reservation. The parameters were well-constructed: maxNumOfDevices=150, downStreamDelayBudget with value=5 and unit='Milliseconds' (correctly using ms as specified by the user with 'ms'), and null values for serviceTime, serviceArea, downStreamRatePerDevice, upStreamRatePerDevice, and upStreamDelayBudget — all consistent with the rules about not fabricating values. However, the user said 'latency under 5 ms' which is a general latency requirement, not specifically downstream-only. A more complete interpretation could have set both downStreamDelayBudget and upStreamDelayBudget to 5ms, since the user didn't distinguish between upstream and downstream latency. This is a minor interpretation issue that slightly reduces the score.
	The agent called `create_session` with well-structured arguments that mostly align with the user's request and the tool's schema. Specifically: (1) `serviceTime` is correctly null since the user didn't specify it. (2) `serviceArea` is correctly null since the user didn't specify it. (3) `maxNumOfDevices` is correctly set to 150. (4) `downStreamRatePerDevice` and `upStreamRatePerDevice` are correctly null since no throughput was specified. (5) The latency value of 5 with unit 'Milliseconds' is correct per the user's '5 ms' specification and rule 6. However, the user said 'latency under 5 ms' without specifying downstream vs upstream specifically — this is a general latency requirement. The agent only populated `downStreamDelayBudget` and left `upStreamDelayBudget` as null. A reasonable interpretation could be that 'latency' refers to both directions, so `upStreamDelayBudget` should also have been set to 5 Milliseconds. This is a partial misalignment with the user's intent, though it's debatable. The argument types, formats, and structure are all correct and match the tool's expected schema.
]
"
True,0.85,"[
	The agent correctly selected the 'create_session' tool, which is the appropriate tool for establishing a network slice reservation. The arguments were well-constructed: maxNumOfDevices set to 400, downStreamDelayBudget set to 6 Milliseconds (correctly interpreting 'ms' as Milliseconds per rule 6), and all unspecified fields (serviceTime, serviceArea, upStreamRatePerDevice, downStreamRatePerDevice, upStreamDelayBudget) correctly set to null. The only minor consideration is that the user said 'latency capped at 6 ms' which could arguably apply to both downstream and upstream delay budgets, but setting only downstream is a reasonable interpretation since the user didn't explicitly specify both directions. No unnecessary tools were called.
	The agent called `create_session` with well-structured arguments that mostly align with the user's request and the tool's schema. Specifically: (1) `serviceTime` is correctly null since the user didn't specify it. (2) `serviceArea` is correctly null since the user didn't specify it. (3) `maxNumOfDevices` is correctly set to 400 as requested. (4) `downStreamRatePerDevice` and `upStreamRatePerDevice` are correctly null since no throughput was mentioned. (5) `downStreamDelayBudget` is set to {value: 6, unit: 'Milliseconds'}, which correctly interprets '6 ms' — the user said 'ms' which is milliseconds, and per rule 6, even without a unit, milliseconds would be assumed. (6) `upStreamDelayBudget` is null. The one concern is that the user said 'latency capped at 6 ms' which is a general latency constraint — it could reasonably apply to both downstream and upstream delay budgets, not just downstream. Setting only `downStreamDelayBudget` and leaving `upStreamDelayBudget` null is a debatable interpretation. However, since the rules say 'All fields stay null unless the user specifies them' and the user didn't explicitly distinguish upstream vs downstream, one could argue both should be set or that the agent should have asked for clarification. This is a minor semantic mismatch that slightly reduces the score.
]
"
True,0.85,"[
	The agent correctly selected the 'create_session' tool, which is the appropriate tool for deploying a network slice reservation. The arguments were well-constructed: downstream rate set to 80 Mbps (matching user's '80 Mbps'), downStreamDelayBudget set to 5 Milliseconds (correctly interpreting '5 ms'), and all unspecified fields (serviceTime, serviceArea, maxNumOfDevices, upStreamRatePerDevice, upStreamDelayBudget) were correctly set to null per the rules. The only minor consideration is that the user said 'latency of 5 ms' which could arguably apply to both downstream and upstream delay budgets, but the agent only set the downstream delay budget. However, since the user mentioned 'downstream' explicitly for the rate and the latency was stated generically, this is a reasonable interpretation. The tool selection was perfect - create_session is the only appropriate tool for this task.
	The agent called `create_session` with well-structured arguments that closely match the tool's expected schema. Specifically: (1) `serviceTime` and `serviceArea` are correctly set to `null` since the user didn't specify them (rules 5 and 8). (2) `maxNumOfDevices` is correctly `null` since the user said 'per device' but didn't specify a device count (rule 3). (3) `downStreamRatePerDevice` is correctly set to `{""value"":80,""unit"":""Mbps""}`, matching the user's '80 Mbps downstream per device' with the correct enum value. (4) `upStreamRatePerDevice` is correctly `null` since the user didn't specify upstream. (5) `downStreamDelayBudget` is set to `{""value"":5,""unit"":""Milliseconds""}`, which correctly interprets '5 ms' as 5 Milliseconds. (6) `upStreamDelayBudget` is `null` since the user didn't specify it. The only minor concern is that the user said 'latency of 5 ms' without specifying downstream vs upstream — this is ambiguous and could reasonably apply to both directions or just downstream. The agent chose to apply it only to downstream delay budget, which is a reasonable interpretation but not the only valid one. Some might argue it should also be applied to upstream delay budget. All types, formats, and structures are correct and match the schema.
]
"
True,0.85,"[
	The agent correctly selected the 'create_session' tool, which is the appropriate tool for creating a network slice reservation. The parameters were well-constructed: maxNumOfDevices=70, downStreamDelayBudget with value=4 and unit='Milliseconds' (correctly interpreting 'ms' as Milliseconds per rule 6). serviceTime and serviceArea are correctly null (rule 5). downStreamRatePerDevice, upStreamRatePerDevice, and upStreamDelayBudget are correctly null since the user didn't specify them. However, there's a minor issue: the user said 'packet delay budget of 4 ms' which is ambiguous about whether it applies to downstream only, upstream only, or both. The agent only set downStreamDelayBudget but left upStreamDelayBudget as null. A reasonable interpretation could be that 'packet delay budget' applies to both directions. This is a judgment call, but the conservative approach of only setting downstream is defensible given rule 8 (don't fabricate values). Overall, the tool selection was correct and the parameterization was mostly appropriate.
	The agent called `create_session` with well-structured arguments that mostly align with the user's request and the tool's schema. Specifically: (1) `serviceTime` and `serviceArea` are correctly set to null since the user didn't specify them. (2) `maxNumOfDevices` is correctly set to 70. (3) `downStreamDelayBudget` has value 4 with unit 'Milliseconds', which correctly interprets '4 ms'. (4) `downStreamRatePerDevice`, `upStreamRatePerDevice`, and `upStreamDelayBudget` are correctly null since the user didn't specify them. However, the user said 'packet delay budget of 4 ms' which is ambiguous — it could reasonably apply to both downstream and upstream delay budgets, not just downstream. The agent only populated `downStreamDelayBudget` and left `upStreamDelayBudget` as null. This is a reasonable but debatable interpretation. Per rule 8 ('All fields stay null unless the user specifies them'), one could argue the user specified a general 'packet delay budget' which should apply to both directions. This is a minor issue. All types, formats, and structures are correct and match the tool's expected schema.
]
"
True,0.6,"[
	The agent correctly selected the 'create_session' tool, which is the appropriate tool for provisioning a network slice. The parameters were mostly correct: serviceTime and serviceArea are null (as they should be since the user didn't specify them), maxNumOfDevices is null, downStreamRatePerDevice is null, and upStreamRatePerDevice is correctly set to 15 Mbps. However, there is an issue with the latency mapping. The user said 'latency not exceeding 2 ms' without specifying whether it's upstream or downstream latency. The agent placed it only in upStreamDelayBudget, but for industrial motion control, the latency requirement likely applies to both directions (or at minimum the interpretation is ambiguous). A more careful approach might have been to ask the user for clarification or to apply it to both upstream and downstream delay budgets. The unit 'Milliseconds' was correctly inferred from 'ms'. The downStreamDelayBudget was left null, which could be a reasonable interpretation but is debatable for a general latency requirement.
	The agent called `create_session` with mostly correct arguments: serviceTime=null, serviceArea=null (correct per rules), maxNumOfDevices=null, downStreamRatePerDevice=null (correct, not specified by user), upStreamRatePerDevice={value:15, unit:'Mbps'} (correct). However, the latency handling is problematic. The user said 'latency not exceeding 2 ms' without specifying upstream vs downstream specifically — this is a general latency requirement. The agent placed the 2ms delay budget only in upStreamDelayBudget and left downStreamDelayBudget as null. A general 'latency not exceeding 2 ms' statement should arguably apply to both upstream and downstream delay budgets, or at minimum the agent should have clarified. Setting only upStreamDelayBudget partially addresses the user's request but misses the downstream direction. The unit 'Milliseconds' is correct per rule 6 (user said 'ms'). The types and structure of all arguments are well-formed and match the schema. The main issue is the incomplete mapping of the latency requirement to only one direction.
]
"
True,0.85,"[
	The agent correctly selected the 'create_session' tool, which is the appropriate tool for establishing a network slice reservation. The parameters were well-constructed: maxNumOfDevices=200, downStreamDelayBudget with value=5 and unit='Milliseconds' (correctly interpreting 'ms' as Milliseconds per rule 6), serviceTime=null, serviceArea=null (per rules 5 and 8), and throughput fields set to null (not specified by user, per rule 8). However, the user said 'latency capped at 5 ms' which could reasonably apply to both downstream and upstream delay budgets, yet the agent only set downStreamDelayBudget and left upStreamDelayBudget as null. This is a minor judgment call - one could argue 'latency' generically means both directions, but the agent's conservative interpretation of only setting downstream is defensible. The tool selection itself was perfect - create_session is the only appropriate tool for this task.
	The agent called `create_session` with well-structured arguments that largely match the user's request and the tool's expected schema. Specifically: (1) `serviceTime` is correctly null since the user didn't specify it. (2) `serviceArea` is correctly null since the user didn't specify it. (3) `maxNumOfDevices` is correctly set to 200 as requested. (4) `downStreamRatePerDevice` and `upStreamRatePerDevice` are correctly null since no throughput was mentioned. (5) `downStreamDelayBudget` has value 5 with unit 'Milliseconds', which correctly interprets '5 ms'. (6) `upStreamDelayBudget` is null. The one concern is that the user said 'latency capped at 5 ms' without specifying downstream vs upstream — this could reasonably be interpreted as applying to both downstream and upstream delay budgets, not just downstream. Setting only `downStreamDelayBudget` and leaving `upStreamDelayBudget` null is a reasonable but potentially incomplete interpretation. All types, formats, and structures are correct and match the tool's schema expectations.
]
"
True,0.85,"[
	The agent correctly selected the 'create_session' tool, which is the appropriate tool for deploying a network slice reservation. The arguments were well-constructed: downstream rate set to 1 Gbps (matching user's '1 Gbps'), downStreamDelayBudget set to 1 Milliseconds (user said '1 ms', and the rules say to assume Milliseconds for latency without explicit unit, though 'ms' clearly maps to Milliseconds anyway). Fields not specified by the user (serviceTime, serviceArea, maxNumOfDevices, upStreamRatePerDevice, upStreamDelayBudget) were correctly set to null, following the rules about not fabricating values. The only minor consideration is that 'packet delay budget' could arguably apply to both downstream and upstream, but the agent mapped it to downStreamDelayBudget which is a reasonable interpretation. No unnecessary tools were called.
	The agent called `create_session` with well-structured arguments that closely match the tool's expected schema. Specifically: (1) `serviceTime` and `serviceArea` are correctly set to null since the user didn't specify them. (2) `maxNumOfDevices` is null since the user didn't specify a count. (3) `downStreamRatePerDevice` has value=1 and unit='Gbps', correctly matching the user's '1 Gbps' specification. (4) `upStreamRatePerDevice` is null since not specified by the user. (5) `upStreamDelayBudget` is null since not specified. (6) `downStreamDelayBudget` has value=1 and unit='Milliseconds'. The user said 'packet delay budget of 1 ms' which included a unit ('ms'), so 'Milliseconds' is the correct interpretation per rule 6. However, there is a minor semantic concern: the user said 'packet delay budget' generically, which could arguably apply to both downstream and upstream. The agent only populated `downStreamDelayBudget`, leaving `upStreamDelayBudget` null. This is a reasonable interpretation but could be debated. All types, formats, and structures are correct and match the schema expectations.
]
"
True,0.95,"[
	The agent correctly selected the 'create_session' tool, which is the only appropriate tool for creating a network slice reservation. The arguments were properly constructed: maxNumOfDevices set to 3000, upStreamRatePerDevice set to {value: 1, unit: 'Mbps'}, and all unspecified fields (serviceTime, serviceArea, downStreamRatePerDevice, downStreamDelayBudget, upStreamDelayBudget) correctly set to null. The user provided 'Mbps' as the unit so no clarification was needed. No unnecessary tools were called, and the tool parameters faithfully reflect the user's request without fabricating any values.
	The agent called `create_session` with well-formed arguments that closely match the user's request. Specifically: (1) `serviceTime` is null — correct, since the user didn't specify a time period. (2) `serviceArea` is null — correct, since the user didn't specify a precise service area (mentioning 'city district' is descriptive context, not a defined area). (3) `maxNumOfDevices` is 3000 — matches 'up to 3000 devices'. (4) `upStreamRatePerDevice` has value 1 and unit 'Mbps' — matches 'uplink rates of 1 Mbps per device'. (5) `downStreamRatePerDevice` is null — correct, user only mentioned uplink. (6) `downStreamDelayBudget` and `upStreamDelayBudget` are null — correct, no latency was mentioned. All types are correct (integers for numeric values, strings for enums, nulls for unspecified fields). The structure matches the expected `CreateSession` schema. The only minor consideration is whether the 'city district' mention should have prompted a serviceArea, but per the rules, service area stays null unless the user specifies it with concrete parameters, so null is appropriate.
]
"
True,0.85,"[
	The agent correctly selected the 'create_session' tool, which is the appropriate tool for provisioning a network slice. The parameters were well-constructed: maxNumOfDevices=2500, downStreamDelayBudget with value=100 and unit='Milliseconds' (correctly interpreting 'ms' as Milliseconds per rule 6). serviceTime and serviceArea are correctly null. downStreamRatePerDevice, upStreamRatePerDevice, and upStreamDelayBudget are correctly null since the user didn't specify them. The only minor issue is that the user said 'packet delay budget of 100 ms' which is ambiguous about direction - it could reasonably apply to both downstream and upstream delay budgets, not just downstream. The agent only set downStreamDelayBudget but left upStreamDelayBudget as null. However, per rule 8 ('All fields stay null unless the user specifies them'), this is a judgment call. Overall, the tool selection was correct and the parameterization was reasonable.
	The agent called `create_session` with well-structured arguments that mostly align with the user's request and the tool's schema. Specifically: (1) `serviceTime` is correctly null since the user didn't specify it. (2) `serviceArea` is correctly null since the user didn't specify it. (3) `maxNumOfDevices` is correctly set to 2500. (4) `downStreamRatePerDevice` and `upStreamRatePerDevice` are correctly null since the user didn't specify throughput. (5) `upStreamDelayBudget` is correctly null since the user didn't specify it. (6) The `downStreamDelayBudget` has value 100 and unit 'Milliseconds', which correctly interprets '100 ms'. However, the user said 'packet delay budget of 100 ms' without specifying downstream vs upstream — this is ambiguous and could reasonably apply to both downstream and upstream delay budgets. The agent only populated `downStreamDelayBudget` and left `upStreamDelayBudget` null, which is a reasonable but potentially incomplete interpretation. A more thorough approach might have set both delay budgets to 100ms, or asked for clarification. The types, formats, and structure of all arguments are correct and match the tool's expected schema.
]
"
True,0.95,"[
	The agent correctly selected the 'create_session' tool, which is the only appropriate tool for establishing a new network slice reservation. The arguments were properly constructed: maxNumOfDevices set to 4000, upStreamRatePerDevice set to {value: 500, unit: 'kbps'} matching the user's specification, and all unspecified fields (serviceTime, serviceArea, downStreamRatePerDevice, downStreamDelayBudget, upStreamDelayBudget) were correctly set to null following the rules about not fabricating values. The unit 'kbps' was correctly reused from the user's input without asking for clarification, adhering to rule 4. No unnecessary tool calls were made.
	The agent correctly called `create_session` with well-formed arguments that match the tool's expected schema. Specifically: (1) `serviceTime` is null as the user didn't specify it — correct per rules. (2) `serviceArea` is null as the user didn't specify it — correct per rules. (3) `maxNumOfDevices` is 4000, matching the user's request for 4000 devices. (4) `upStreamRatePerDevice` has value 500 and unit 'kbps', correctly reflecting the user's '500 kbps' specification. (5) `downStreamRatePerDevice` is null since the user only mentioned uplink rates — correct per the rule to not fabricate values. (6) `downStreamDelayBudget` and `upStreamDelayBudget` are both null since no latency was mentioned — correct. All types are correct (integers for numeric values, strings for units, nulls where appropriate). The only minor note is that the unit 'kbps' was provided with the value by the user, and the agent correctly reused it without asking, following rule 4. The arguments are fully aligned with the user's request and the tool's schema.
]
"
True,0.85,"[
	The agent correctly selected the 'create_session' tool, which is the appropriate tool for deploying a network slice reservation. The arguments were well-constructed: maxNumOfDevices set to 1800, downStreamDelayBudget set to 150 Milliseconds (correctly interpreting 'ms' as Milliseconds per rule 6), and all unspecified fields (serviceTime, serviceArea, upStreamRatePerDevice, downStreamRatePerDevice, upStreamDelayBudget) correctly set to null. The only minor consideration is that the user said 'latency tolerance of 150 ms' which could arguably apply to both downstream and upstream delay budgets, but setting only downstream is a reasonable interpretation since the user didn't explicitly specify both directions. No unnecessary tools were called.
	The agent called `create_session` with well-structured arguments that mostly align with the user's request and the tool's schema. Specifically: (1) `serviceTime` is correctly null since the user didn't specify it. (2) `serviceArea` is correctly null since the user didn't specify it. (3) `maxNumOfDevices` is correctly set to 1800 as requested. (4) `downStreamRatePerDevice` and `upStreamRatePerDevice` are correctly null since no throughput was mentioned. (5) `downStreamDelayBudget` has value 150 and unit 'Milliseconds', which correctly interprets '150 ms'. (6) `upStreamDelayBudget` is null. The one concern is that the user said 'latency tolerance of 150 ms' without specifying downstream vs upstream specifically — this could reasonably be interpreted as applying to both downstream and upstream delay budgets. The agent only set the downstream delay budget, leaving upstream null. This is a debatable interpretation; the user's generic 'latency tolerance' could mean both directions should be constrained. However, per rule 8 ('all fields stay null unless the user specifies them'), one could argue the user didn't explicitly mention upstream. This is a minor issue. All types, formats, and structures are correct and match the schema expectations.
]
"
True,0.95,"[
	The agent correctly selected the 'create_session' tool, which is the only appropriate tool for creating a network slice reservation. The arguments were properly constructed: maxNumOfDevices set to 1200, upStreamRatePerDevice set to {value: 800, unit: 'kbps'}, and all unspecified fields (serviceTime, serviceArea, downStreamRatePerDevice, downStreamDelayBudget, upStreamDelayBudget) correctly set to null. The user provided 'kbps' as the unit, so the agent correctly reused it without asking. No unnecessary tool calls were made, and no better tool was available for this task.
	The agent called create_session with well-formed arguments that closely match the user's request. Specifically: (1) serviceTime is null — correct, as the user did not specify a time period. (2) serviceArea is null — correct, as the user did not specify a service area. (3) maxNumOfDevices is 1200 — matches the user's request for 1200 devices. (4) upStreamRatePerDevice has value 800 and unit 'kbps' — correctly reflects '800 kbps' from the user's request, and 'kbps' is a valid enum value. (5) downStreamRatePerDevice is null — correct, as the user only mentioned uplink rates. (6) downStreamDelayBudget and upStreamDelayBudget are both null — correct, as no latency was mentioned. All required fields are present, types are correct, and no fabricated values were introduced. The arguments perfectly align with the tool's expected schema and the user's intent.
]
"
True,0.75,"[
	The agent correctly selected the 'create_session' tool, which is the appropriate tool for provisioning a network slice. The parameters were well-constructed: maxNumOfDevices=2200, downStreamDelayBudget with value=200 and unit='Milliseconds' (correctly using ms as the user specified 'ms'). serviceTime and serviceArea are correctly null. downStreamRatePerDevice, upStreamRatePerDevice, and upStreamDelayBudget are correctly null since the user didn't specify them. The slight deduction is because the user said 'packet delay budget' generically (not specifically downstream), so arguably both downStreamDelayBudget and upStreamDelayBudget could have been set to 200ms. However, mapping a generic 'packet delay budget' to downstream delay budget is a reasonable interpretation. Overall, the tool selection was correct and the parameterization was largely appropriate.
	The agent called create_session with mostly correct arguments. The body structure matches the CreateSession schema: serviceTime=null, serviceArea=null (correct per rules since user didn't specify them), maxNumOfDevices=2200 (correct), downStreamRatePerDevice=null, upStreamRatePerDevice=null (correct since not specified). The downStreamDelayBudget has value=200 and unit='Milliseconds', which correctly interprets the user's '200 ms'. However, the user said 'packet delay budget of 200 ms' without specifying downstream vs upstream specifically - this is ambiguous. The agent only set downStreamDelayBudget and left upStreamDelayBudget=null. A 'packet delay budget' could reasonably apply to both directions, so setting only downstream is a partial interpretation. The argument types, formats, and structure are all correct and well-formed for the tool's expected schema.
]
"
True,0.95,"[
	The agent correctly selected the 'create_session' tool, which is the only appropriate tool for establishing a new network slice reservation. The arguments were properly constructed: maxNumOfDevices set to 3500, upStreamRatePerDevice set to {value: 300, unit: 'kbps'}, and all unspecified fields (serviceTime, serviceArea, downStreamRatePerDevice, downStreamDelayBudget, upStreamDelayBudget) correctly set to null, following the rules that fields stay null unless specified by the user. The unit 'kbps' was correctly reused from the user's input without asking again, per rule 4. No unnecessary tool calls were made.
	The agent correctly called create_session with well-formed arguments matching the tool's expected schema. Specifically: (1) serviceTime is null as the user didn't specify it - correct per rules. (2) serviceArea is null as the user didn't specify it - correct per rules. (3) maxNumOfDevices is 3500, matching the user's request for 3500 devices. (4) upStreamRatePerDevice has value 300 and unit 'kbps', correctly matching the user's '300 kbps' uplink rate specification. (5) downStreamRatePerDevice is null since the user only mentioned uplink - correct per rules. (6) downStreamDelayBudget and upStreamDelayBudget are both null since no latency was mentioned - correct per rules. All argument types, structures, and values align with both the tool's schema and the user's request. The only minor note is that the arguments JSON structure matches the expected CreateSession schema perfectly with all required fields present.
]
"
True,0.6,"[
	The agent correctly chose the 'create_session' tool, which is the appropriate tool for deploying a network slice reservation. The parameters were mostly correct: maxNumOfDevices=900, downStreamDelayBudget with value=250 and unit='Milliseconds' (correctly using ms as the user specified 'ms'). The serviceTime was correctly null. However, there are two issues: (1) The serviceArea was set to {""areaType"":""POLYGON""} instead of null. The user mentioned 'rural areas' as context/description, not as a specific service area definition. Per the rules, service area should stay null unless the user specifies it with actual geographic coordinates. The agent fabricated a POLYGON area type without any actual polygon data. (2) The user said 'latency tolerance of 250 ms' which is a general latency requirement - the agent only populated downStreamDelayBudget but not upStreamDelayBudget. A general 'latency tolerance' could reasonably apply to both directions, though mapping it only to downstream is a defensible interpretation. The tool selection itself (create_session) was correct and appropriate.
	The agent called create_session with mostly correct arguments: maxNumOfDevices=900 (correct), downStreamDelayBudget with value=250 and unit='Milliseconds' (correct per rule 6, and the user said 'ms' which maps to Milliseconds), serviceTime=null (correct, not specified), downStreamRatePerDevice=null and upStreamRatePerDevice=null (correct, not specified), upStreamDelayBudget=null (acceptable - the user said 'latency tolerance of 250 ms' which is ambiguous about direction, but setting only downstream is a reasonable interpretation though setting both would also be defensible). However, there are two issues: (1) serviceArea was set to {""areaType"":""POLYGON""} instead of null. The user mentioned 'rural areas' but did not specify any actual geographic coordinates or area definition. Per rule 5 ('Service time and area stay null unless the user specifies them') and rule 8 ('All fields stay null unless the user specifies them, never fabricate values'), serviceArea should have been null since no concrete area was defined. Setting areaType to POLYGON without any polygon coordinates is both a fabrication and structurally incomplete. (2) The latency was only applied to downstream; a general 'latency tolerance' could reasonably apply to both upstream and downstream delay budgets, so upStreamDelayBudget arguably should also be set to 250 Milliseconds.
]
"
True,0.95,"[
	The agent correctly selected the 'create_session' tool, which is the only appropriate tool for creating a network slice reservation. The arguments were properly constructed: maxNumOfDevices set to 1600, upStreamRatePerDevice set to {value: 1, unit: 'Mbps'}, and all unspecified fields (serviceTime, serviceArea, downStreamRatePerDevice, downStreamDelayBudget, upStreamDelayBudget) correctly set to null. The agent followed all the rules: it didn't fabricate values, correctly reused the user-provided unit 'Mbps', and only populated fields explicitly mentioned by the user.
	The agent called `create_session` with well-formed arguments that closely match the user's request and the tool's expected schema. Specifically: (1) `serviceTime` is null — correct, since the user didn't specify a time period. (2) `serviceArea` is null — correct, since the user didn't specify an area. (3) `maxNumOfDevices` is 1600 — matches the user's request for 1600 devices. (4) `upStreamRatePerDevice` has value 1 and unit 'Mbps' — correctly reflects '1 Mbps' uplink rate as specified by the user. (5) `downStreamRatePerDevice` is null — correct, since the user only mentioned uplink rates. (6) `downStreamDelayBudget` and `upStreamDelayBudget` are null — correct, since no latency was mentioned. All argument types (integers, strings, nulls) match the schema expectations. The only minor note is that the arguments JSON structure matches the tool's strict schema with all required fields present and properly typed. The score is slightly below 1.0 only because the tool schema technically expects the `body` wrapper which was correctly provided.
]
"
True,0.7,"[
	The agent correctly selected the 'create_session' tool, which is the appropriate tool for provisioning a network slice. The parameters were well-constructed: maxNumOfDevices=2800, downStreamDelayBudget with value=120 and unit='Milliseconds' (correctly interpreting 'ms' as Milliseconds), serviceTime=null, serviceArea=null, and unspecified fields set to null. However, there's a minor issue: the user said 'packet delay budget of 120 ms' which is a general delay budget, not specifically downstream-only. The agent mapped it only to downStreamDelayBudget while leaving upStreamDelayBudget as null. A more accurate interpretation might have been to apply the delay budget to both downstream and upstream, since 'packet delay budget' is a general term. Despite this ambiguity, the tool selection itself (create_session) was correct and no unnecessary tools were called.
	The agent called create_session with mostly correct arguments: serviceTime=null, serviceArea=null (correct per rules), maxNumOfDevices=2800 (correct), downStreamRatePerDevice=null, upStreamRatePerDevice=null (correct, not specified by user), and upStreamDelayBudget=null (correct). However, the user said 'packet delay budget of 120 ms' which is a general delay budget, not specifically a downstream-only delay budget. The agent mapped it only to downStreamDelayBudget with value=120 and unit='Milliseconds', but arguably it should also apply to upStreamDelayBudget since the user didn't distinguish between upstream and downstream. The unit 'Milliseconds' is correct since the user specified 'ms'. The value 120 is correct. The structure and types of all arguments match the expected schema. The main issue is the interpretation of 'packet delay budget' as only downstream rather than both downstream and upstream.
]
"
True,0.95,"[
	The agent correctly selected the 'create_session' tool, which is the appropriate tool for establishing a network slice reservation. The arguments were properly constructed: maxNumOfDevices set to 1400, upStreamRatePerDevice set to {value: 600, unit: 'kbps'}, and all unspecified fields (serviceTime, serviceArea, downStreamRatePerDevice, downStreamDelayBudget, upStreamDelayBudget) correctly set to null. The user provided the uplink rate with a unit ('kbps'), so the agent correctly reused it without asking. No unnecessary tools were called, and no better tool was available for this task.
	The agent correctly called `create_session` with well-formed arguments that match the tool's expected schema. Specifically: (1) `serviceTime` is null as the user didn't specify it — correct per rules. (2) `serviceArea` is null as the user didn't specify it — correct per rules. (3) `maxNumOfDevices` is 1400, matching the user's request for 1400 devices. (4) `upStreamRatePerDevice` has value 600 and unit 'kbps', correctly reflecting the user's '600 kbps' uplink rate specification. (5) `downStreamRatePerDevice` is null since the user only mentioned uplink — correct per rules. (6) `downStreamDelayBudget` and `upStreamDelayBudget` are null since no latency was mentioned — correct. All types are correct (integers for numeric values, strings for enums, nulls where appropriate). The only minor note is that the Rate value of 600 is within the schema's maximum of 1024, so it's valid. The arguments are fully aligned with the user's request and the tool's expected input schema.
]
"
True,0.85,"[
	The agent correctly selected the 'create_session' tool, which is the appropriate tool for deploying a network slice reservation. The parameters were mostly well-constructed: maxNumOfDevices=2000, serviceTime=null, serviceArea=null, downStreamRatePerDevice=null, upStreamRatePerDevice=null, and delay budgets set to 180 Milliseconds. The unit 'ms' was correctly interpreted as 'Milliseconds'. However, the user said 'latency tolerance of 180 ms' without specifying upstream vs downstream separately. The agent applied 180ms to both downStreamDelayBudget and upStreamDelayBudget, which is a reasonable interpretation but could be debated — applying it to both directions is a sensible default when the user doesn't distinguish. No unnecessary tools were called, and no better tool was available. The slight deduction is because the user's generic 'latency tolerance' being applied to both directions is an assumption, though a reasonable one.
	The agent called `create_session` with well-structured arguments that mostly align with the user's request and the tool's schema. Specifically: (1) `serviceTime` is correctly null since the user didn't specify it. (2) `serviceArea` is correctly null since the user didn't specify it. (3) `maxNumOfDevices` is correctly set to 2000 as requested. (4) `downStreamRatePerDevice` and `upStreamRatePerDevice` are correctly null since no throughput was specified. (5) The latency value of 180 with unit 'Milliseconds' is correct — the user said '180 ms', and the unit was provided so 'Milliseconds' is the right mapping. (6) The delay budget was applied to both `downStreamDelayBudget` and `upStreamDelayBudget`, which is a reasonable interpretation of a general 'latency tolerance' statement, though one could argue the user's intent was ambiguous about direction. This is a minor concern but acceptable. The only slight issue is that the user said 'latency tolerance of 180 ms' without specifying upstream vs downstream separately, and the agent applied it to both directions — this is a defensible interpretation but could be seen as fabricating a value for one direction if the user only meant one. Overall, the arguments are well-formed, correctly typed, and closely aligned with the user's request.
]
"
True,0.95,"[
	The agent correctly selected the 'create_session' tool, which is the only appropriate tool for creating a network slice reservation. The arguments were properly constructed: maxNumOfDevices set to 1100, upStreamRatePerDevice set to {value: 700, unit: 'kbps'}, and all unspecified fields (serviceTime, serviceArea, downStreamRatePerDevice, downStreamDelayBudget, upStreamDelayBudget) correctly set to null. The agent followed all the rules: it used the user-provided unit 'kbps' without asking, didn't fabricate any values, and only populated fields explicitly mentioned by the user. No unnecessary tool calls were made.
	The agent correctly called 'create_session' with well-formed arguments matching the tool's expected schema. Specifically: (1) 'serviceTime' is null as the user didn't specify it — correct per rules. (2) 'serviceArea' is null as the user didn't specify it — correct per rules. (3) 'maxNumOfDevices' is 1100, matching the user's request for 1100 devices. (4) 'upStreamRatePerDevice' has value 700 and unit 'kbps', correctly reflecting the user's '700 kbps' uplink rate — the unit was provided by the user so no need to ask. (5) 'downStreamRatePerDevice' is null since the user only mentioned uplink — correct per the rule to not fabricate values. (6) Both delay budgets are null since the user didn't mention latency — correct. All argument types, structures, and values are appropriate and aligned with the user's request and the tool's schema. The only minor note is that the schema technically allows nullable fields, and the agent correctly used null for all unspecified fields.
]
"
True,0.85,"[
	The agent correctly selected the 'create_session' tool, which is the appropriate tool for provisioning a network slice. The parameters were well-constructed: maxNumOfDevices=3200, downStreamDelayBudget with value=100 and unit='Milliseconds' (correctly interpreting 'ms' as Milliseconds per rule 6), and all unspecified fields (serviceTime, serviceArea, rates, upStreamDelayBudget) were set to null as required by the rules. However, there is a minor issue: the user said 'packet delay budget of 100 ms' which is ambiguous about direction - it could reasonably apply to both downstream and upstream delay budgets, yet the agent only set downStreamDelayBudget and left upStreamDelayBudget as null. A more complete interpretation might have set both delay budgets to 100ms. Despite this, the tool selection itself was correct and the overall parameter population followed the rules well.
	The agent called `create_session` with well-structured arguments that largely match the user's request and the tool's expected schema. Specifically: (1) `serviceTime` is correctly null since the user didn't specify it. (2) `serviceArea` is correctly null since the user didn't specify it. (3) `maxNumOfDevices` is correctly set to 3200. (4) `downStreamRatePerDevice` and `upStreamRatePerDevice` are correctly null since no throughput was specified. (5) `upStreamDelayBudget` is correctly null since the user only mentioned a general 'packet delay budget'. (6) The delay budget value of 100 with unit 'Milliseconds' is correct — the user said '100 ms' which maps to Milliseconds. The one debatable point is that the user said 'packet delay budget of 100 ms' without specifying downstream vs upstream, and the agent mapped it only to `downStreamDelayBudget`. A reasonable interpretation could be that it should apply to both downstream and upstream delay budgets, since 'packet delay budget' is a general term. However, mapping it to downstream only is a defensible interpretation. The argument types, structure, and formats all conform to the tool's schema.
]
"
True,0.95,"[
	The agent correctly selected the 'create_session' tool, which is the only appropriate tool for establishing a new network slice reservation. The arguments were properly constructed: maxNumOfDevices set to 1700, upStreamRatePerDevice set to {value: 900, unit: 'kbps'}, and all unspecified fields (serviceTime, serviceArea, downStreamRatePerDevice, downStreamDelayBudget, upStreamDelayBudget) correctly set to null, following the rules that fields should stay null unless specified by the user. The unit 'kbps' was correctly reused from the user's input without asking for clarification, per rule 4. No unnecessary tool calls were made.
	The agent called `create_session` with well-formed arguments that closely match the user's request and the tool's expected schema. Specifically: (1) `serviceTime` is null — correct, since the user didn't specify a time period. (2) `serviceArea` is null — correct, since the user didn't specify an area. (3) `maxNumOfDevices` is 1700 — matches the user's request for 1700 devices. (4) `upStreamRatePerDevice` has value 900 and unit 'kbps' — correctly reflects '900 kbps' from the user. (5) `downStreamRatePerDevice` is null — correct, user only mentioned uplink. (6) `downStreamDelayBudget` and `upStreamDelayBudget` are null — correct, no latency was mentioned. All types are correct (integers for numeric values, strings for enums, nulls for unspecified fields). The only minor note is that the Rate schema's maximum is 1024 and the value 900 is within range. The arguments are fully aligned with the user's intent and the tool's expected input format.
]
"
True,0.85,"[
	The agent correctly selected the 'create_session' tool, which is the appropriate tool for deploying a network slice reservation. The parameters were well-constructed: maxNumOfDevices=2600, downStreamDelayBudget with value=200 and unit='Milliseconds' (correctly interpreting 'ms' as Milliseconds). serviceTime and serviceArea are correctly null since the user didn't specify them. downStreamRatePerDevice, upStreamRatePerDevice, and upStreamDelayBudget are correctly null. The only minor issue is that the user said 'latency tolerance of 200 ms' which is a general latency requirement - the agent mapped it only to downStreamDelayBudget but left upStreamDelayBudget as null. A reasonable interpretation could be that 'latency tolerance' applies to both downstream and upstream delay budgets. However, per the rules (all fields stay null unless the user specifies them), mapping a general 'latency' mention to just downstream is a defensible choice, though mapping to both would also be reasonable. The tool selection itself (create_session) was perfect - no unnecessary tools were called.
	The agent called `create_session` with well-structured arguments that mostly align with the user's request and the tool's schema. Specifically: (1) `serviceTime` is correctly null since the user didn't specify it. (2) `serviceArea` is correctly null since the user didn't specify it. (3) `maxNumOfDevices` is correctly set to 2600 as requested. (4) `downStreamRatePerDevice` and `upStreamRatePerDevice` are correctly null since no throughput was specified. (5) `downStreamDelayBudget` has value 200 and unit 'Milliseconds', which correctly reflects the user's '200 ms' specification. (6) `upStreamDelayBudget` is null. The minor issue is that the user said 'latency tolerance of 200 ms' without specifying downstream vs upstream specifically — this could reasonably be interpreted as applying to both downstream and upstream delay budgets. The agent only set the downstream delay budget, leaving upstream null. A more complete interpretation might have set both. However, since the user's phrasing is ambiguous and the rules say 'All fields stay null unless the user specifies them', this is a defensible choice. All types, formats, and structures match the expected schema perfectly.
]
"
True,0.95,"[
	The agent correctly selected the 'create_session' tool, which is the only appropriate tool for creating a network slice reservation. The arguments were properly constructed: maxNumOfDevices set to 1500, upStreamRatePerDevice set to {value: 500, unit: 'kbps'}, and all unspecified fields (serviceTime, serviceArea, downStreamRatePerDevice, downStreamDelayBudget, upStreamDelayBudget) correctly set to null. The agent followed all the rules: it recognized 'kbps' as a valid unit and didn't ask for clarification, it didn't fabricate any values, and it correctly left unspecified fields as null. No unnecessary tool calls were made.
	The agent correctly called `create_session` with well-formed arguments that match the tool's expected schema. Specifically: (1) `serviceTime` is null as the user didn't specify it — correct per rules. (2) `serviceArea` is null as the user didn't specify it — correct per rules. (3) `maxNumOfDevices` is 1500, matching the user's request for 1500 devices. (4) `upStreamRatePerDevice` has value 500 and unit 'kbps', correctly reflecting the user's '500 kbps' uplink rate specification. (5) `downStreamRatePerDevice` is null since the user only mentioned uplink — correct per the rule to not fabricate values. (6) `downStreamDelayBudget` and `upStreamDelayBudget` are both null since no latency was mentioned — correct. All argument types, structures, and values align with the tool's schema and the user's request. The only minor note is that the unit 'kbps' was correctly reused from the user's input without asking again, following rule 4. All required fields are present and no extraneous values were fabricated.
]
"
True,0.75,"[
	The agent correctly selected the 'create_session' tool, which is the appropriate tool for provisioning a network slice. The parameters were well-constructed: maxNumOfDevices=800, downStreamDelayBudget with value=150 and unit='Milliseconds' (correctly using ms as specified by the user), serviceTime=null, serviceArea=null, and rate fields set to null since the user didn't specify them. However, there's a minor issue: the user said 'packet delay budget of 150 ms' which is ambiguous about direction. The agent mapped it only to downStreamDelayBudget while leaving upStreamDelayBudget null. For structural health monitoring sensors, the upstream delay budget might be more relevant (sensors sending data upstream). A reasonable interpretation could have been to set both downstream and upstream delay budgets to 150ms, or at least the upstream one. Despite this ambiguity, the tool selection itself was correct - create_session is the right tool for this task, and no unnecessary tools were called.
	The agent called `create_session` with mostly correct arguments. The `body` structure matches the expected schema: `serviceTime` is null, `serviceArea` is null, `maxNumOfDevices` is 800, `downStreamRatePerDevice` is null, `upStreamRatePerDevice` is null, and `upStreamDelayBudget` is null — all appropriate since the user didn't specify those. The `downStreamDelayBudget` has value 150 with unit 'Milliseconds', which correctly follows rule 6 (the user said '150 ms', and 'ms' maps to Milliseconds). However, the user said 'packet delay budget of 150 ms' which is ambiguous — it could reasonably apply to both downstream and upstream delay budgets, not just downstream. The agent only set `downStreamDelayBudget` and left `upStreamDelayBudget` as null. This is a reasonable interpretation but arguably incomplete since 'packet delay budget' is a general term that typically encompasses both directions. The types, formats, and structure of all arguments are correct and well-formed.
]
"
True,0.95,"[
	The agent correctly selected the 'create_session' tool, which is the appropriate tool for establishing a network slice reservation. The arguments were properly constructed: maxNumOfDevices set to 4200, upStreamRatePerDevice set to {value: 400, unit: 'kbps'}, and all unspecified fields (serviceTime, serviceArea, downStreamRatePerDevice, downStreamDelayBudget, upStreamDelayBudget) correctly set to null. The user provided 'kbps' as the unit, so the agent correctly reused it without asking. No unnecessary tools were called, and no better tool was available for this task.
	The agent called `create_session` with well-formed arguments that closely match the user's request. Specifically: (1) `serviceTime` is null — correct, since the user didn't specify a time period. (2) `serviceArea` is null — correct, since the user didn't specify a service area. (3) `maxNumOfDevices` is 4200 — matches the user's request for 4200 devices. (4) `upStreamRatePerDevice` has value 400 and unit 'kbps' — correctly reflects '400 kbps' from the user. (5) `downStreamRatePerDevice` is null — correct, since the user only mentioned uplink rates. (6) `downStreamDelayBudget` and `upStreamDelayBudget` are null — correct, since no latency was mentioned. All argument types, structures, and values are appropriate and aligned with the tool's expected schema and the user's intent. The only minor note is that the schema technically allows null for these fields, and the agent correctly used null rather than fabricating values. A very slight deduction because the agent's strict-mode schema includes `additionalProperties: false` and `required` fields for all nested objects, and the arguments appear fully compliant.
]
"
True,0.85,"[
	The agent correctly selected the 'create_session' tool, which is the appropriate tool for deploying a network slice reservation. The parameters were well-constructed: maxNumOfDevices=2300, downStreamDelayBudget with value=180 and unit='Milliseconds' (correctly interpreting 'ms' as Milliseconds), serviceTime=null, serviceArea=null, and unspecified fields set to null. However, the user said 'latency tolerance of 180 ms' which is a general latency specification - the agent only applied it to downStreamDelayBudget and left upStreamDelayBudget as null. A reasonable interpretation could be that 'latency tolerance' applies to both downstream and upstream delay budgets, though applying it only to downstream is also defensible since the user didn't explicitly specify both directions. The tool selection itself was perfect - create_session is the only appropriate tool for this task. No unnecessary tools were called.
	The agent called `create_session` with well-structured arguments that largely match the user's request and the tool's expected schema. Specifically: (1) `serviceTime` is correctly null since the user didn't specify it. (2) `serviceArea` is correctly null since the user didn't specify it. (3) `maxNumOfDevices` is correctly set to 2300 as requested. (4) `downStreamRatePerDevice` and `upStreamRatePerDevice` are correctly null since no throughput was specified. (5) `downStreamDelayBudget` has value 180 and unit 'Milliseconds', which correctly reflects the user's '180 ms' specification. (6) `upStreamDelayBudget` is null. The one concern is that the user said 'latency tolerance of 180 ms' without specifying downstream vs upstream specifically — this could reasonably be interpreted as applying to both downstream and upstream delay budgets. The agent only set the downstream delay budget, leaving upstream null. This is a debatable interpretation but slightly incomplete since a general 'latency tolerance' could apply bidirectionally. All types, formats, and structures are correct and match the tool's expected input schema.
]
"
True,0.85,"[
	The agent correctly selected the 'create_session' tool, which is the appropriate tool for creating a network slice reservation. The arguments were well-constructed: downstream rate set to 250 Mbps (matching user's '250 Mbps'), downStreamDelayBudget set to 12 Milliseconds (correctly interpreting 'ms' as Milliseconds per rule 6), and all unspecified fields (serviceTime, serviceArea, maxNumOfDevices, upStreamRatePerDevice, upStreamDelayBudget) correctly set to null following the rules. The only minor note is that the user said 'packet delay budget of 12 ms' which could arguably apply to both downstream and upstream, but the agent conservatively applied it only to downstream delay budget, which is reasonable given rule 8 (don't fabricate values). The tool selection was perfect - no unnecessary tools were called and the correct tool was used.
	The agent called `create_session` with well-structured arguments that largely match the user's request and the tool's expected schema. Specifically: (1) `serviceTime` and `serviceArea` are correctly set to null since the user didn't specify them. (2) `maxNumOfDevices` is null since the user didn't specify a number of devices. (3) `downStreamRatePerDevice` has value 250 and unit 'Mbps', correctly matching the user's '250 Mbps'. (4) `upStreamRatePerDevice` is null since the user didn't mention upstream. (5) `downStreamDelayBudget` has value 12 and unit 'Milliseconds', correctly interpreting '12 ms'. (6) `upStreamDelayBudget` is null since the user didn't mention upstream delay. The only issue is that the user said 'packet delay budget of 12 ms' which is ambiguous — it could reasonably apply to both downstream and upstream delay budgets, not just downstream. The agent chose to map it only to `downStreamDelayBudget`, which is a reasonable but potentially incomplete interpretation. All types, formats, and structures are correct and conform to the schema.
]
"
True,0.95,"[
	The agent correctly selected the 'create_session' tool, which is the appropriate tool for provisioning a network slice reservation. The arguments were properly constructed: maxNumOfDevices set to 60, downStreamRatePerDevice set to {value: 400, unit: 'Mbps'}, and all unspecified fields (serviceTime, serviceArea, upStreamRatePerDevice, downStreamDelayBudget, upStreamDelayBudget) correctly set to null. The user provided the downstream value with a unit ('Mbps'), so the agent correctly did not ask for clarification. No unnecessary tools were called, and no better tool was available for this task.
	The agent called create_session with well-formed arguments that closely match the user's request. Specifically: (1) serviceTime is null — correct, since the user didn't specify a time period. (2) serviceArea is null — correct, since the user didn't specify a geographic area. (3) maxNumOfDevices is 60 — matches the user's request for 60 devices. (4) downStreamRatePerDevice has value 400 and unit 'Mbps' — correctly reflects '400 Mbps downstream per device'. (5) upStreamRatePerDevice is null — correct, as the user didn't specify upstream. (6) downStreamDelayBudget and upStreamDelayBudget are null — correct, as no latency was mentioned. All argument types, structures, and values align with the tool's expected schema and the user's intent. The only minor note is that the arguments JSON structure matches the strict schema requirements perfectly with all required fields present.
]
"
True,0.85,"[
	The agent correctly selected the 'create_session' tool, which is the appropriate tool for establishing a network slice reservation. The parameters were well-constructed: downstream rate set to 200 Mbps (matching user's request with unit provided), downstream delay budget set to 20 Milliseconds (correctly assuming ms unit per rule 6), and all unspecified fields (maxNumOfDevices, upStreamRatePerDevice, upStreamDelayBudget, serviceTime, serviceArea) were correctly set to null following the rules. The only minor note is that the latency was placed only in downStreamDelayBudget — the user said 'latency under 20 ms' which could arguably apply to both directions, but placing it in downstream is a reasonable interpretation given the context of 'reviewing HD feeds' (a downstream-heavy use case). Tool selection and usage were appropriate and correct.
	The agent called `create_session` with well-structured arguments that largely match the user's request and the tool's expected schema. Specifically: (1) `downStreamRatePerDevice` is correctly set to {value: 200, unit: 'Mbps'}, matching the user's '200 Mbps downstream'. (2) `downStreamDelayBudget` is set to {value: 20, unit: 'Milliseconds'}, correctly interpreting 'latency under 20 ms' and applying the rule that 'ms' maps to 'Milliseconds'. (3) `maxNumOfDevices`, `upStreamRatePerDevice`, and `upStreamDelayBudget` are correctly null since the user didn't specify them. (4) `serviceTime` and `serviceArea` are correctly structured with null sub-fields since the user didn't specify them. However, there is a minor issue: the `serviceArea` was passed as `{areaType: null}` rather than simply `null`. While the schema allows `areaType` to be null, passing the entire serviceArea as null would have been more aligned with the rule 'Service time and area stay null unless the user specifies them.' Similarly, `serviceTime` was passed as `{startDate: null, endDate: null}` rather than null. These are minor structural differences that may or may not cause issues depending on the API's handling, but they don't strictly violate the schema. The user's request about 'latency under 20 ms' is somewhat ambiguous — it could apply to both downstream and upstream, but the agent only set downstream delay budget, which is a reasonable interpretation given the context of 'reviewing HD feeds' (primarily a downstream activity). Overall, the arguments are well-formed and semantically appropriate.
]
"
True,0.9,"[
	The agent correctly selected the 'create_session' tool, which is the appropriate tool for deploying a network slice reservation. The arguments were properly constructed: maxNumOfDevices set to 100, downStreamRatePerDevice set to {value: 150, unit: 'Mbps'}, and all unspecified fields (serviceTime, serviceArea, upStreamRatePerDevice, downStreamDelayBudget, upStreamDelayBudget) correctly set to null. The user provided the downstream rate with a unit ('Mbps'), so the agent correctly reused it without asking. No unnecessary tools were called, and no better tool was available for this task.
	The agent called `create_session` with well-formed arguments that closely match the user's request. Specifically: (1) `serviceTime` is null — correct, since the user didn't specify a time period. (2) `serviceArea` is null — correct, since the user didn't specify an area. (3) `maxNumOfDevices` is 100 — matches the user's '100 devices'. (4) `downStreamRatePerDevice` has value 150 and unit 'Mbps' — matches the user's '150 Mbps' downstream rate, and the unit was correctly reused without asking. (5) `upStreamRatePerDevice` is null — correct, user didn't specify upstream. (6) `downStreamDelayBudget` is null — correct, user didn't specify latency. (7) `upStreamDelayBudget` is null — correct, user didn't specify latency. All argument types, structures, and values are appropriate and aligned with the tool's expected schema and the user's request. The only minor note is that the arguments structure is valid JSON matching the CreateSession schema. All rules from the system prompt were followed correctly.
]
"
True,0.9,"[
	The agent correctly selected the 'create_session' tool, which is the appropriate tool for creating a network slice reservation. The arguments were well-formed: serviceTime and serviceArea are null (as the user didn't specify them), maxNumOfDevices is null (not specified by user), downStreamRatePerDevice is correctly set to {value: 90, unit: 'Mbps'} matching the user's request, and all other unspecified fields (upStreamRatePerDevice, downStreamDelayBudget, upStreamDelayBudget) are null. The agent followed the rules by not fabricating values and correctly reusing the 'Mbps' unit provided by the user. The only minor consideration is that the user mentioned 'prioritizing user experience' which could imply latency requirements, but since no specific latency value was given, leaving those fields null is the correct behavior per the instructions.
	The agent correctly called `create_session` with well-formed arguments matching the tool's expected schema. The `serviceTime` and `serviceArea` are correctly set to null since the user did not specify them (rule 5/8). The `downStreamRatePerDevice` is correctly set to {value: 90, unit: 'Mbps'} matching the user's '90 Mbps downstream' request, and the unit 'Mbps' is a valid enum value. The `maxNumOfDevices`, `upStreamRatePerDevice`, `downStreamDelayBudget`, and `upStreamDelayBudget` are all correctly null since the user did not specify them (rule 8). The only minor consideration is that the user mentioned 'prioritizing user experience' which could imply latency requirements, but per rule 8 ('All fields stay null unless the user specifies them, never fabricate values'), leaving delay budgets as null is the correct behavior since no specific latency value was given. All argument types, structures, and values are correct and well-aligned with the user's request.
]
"
True,0.85,"[
	The agent correctly selected the 'create_session' tool, which is the appropriate tool for provisioning a network slice. The parameters were well-constructed: maxNumOfDevices=500, downStreamDelayBudget with value=4 and unit='Milliseconds' (correctly interpreting 'ms' as Milliseconds per rule 6), serviceTime=null, serviceArea=null (per rules 5 and 8), and throughput fields set to null since the user didn't specify them. The only minor issue is that the user said 'latency capped at 4 ms' which could reasonably apply to both downstream and upstream delay budgets, but the agent only set downStreamDelayBudget and left upStreamDelayBudget as null. A more complete interpretation might have set both delay budgets to 4ms since 'latency' is a general term. However, following rule 8 strictly (don't fabricate values), one could argue the agent was being conservative. Overall, the tool selection was correct and the parameterization was mostly appropriate.
	The agent called `create_session` with well-structured arguments that mostly align with the user's request and the tool's schema. Specifically: (1) `serviceTime` is correctly null since the user didn't specify it. (2) `serviceArea` is correctly null since the user didn't specify it. (3) `maxNumOfDevices` is correctly set to 500 as requested. (4) `downStreamRatePerDevice` and `upStreamRatePerDevice` are correctly null since no throughput was mentioned. (5) `downStreamDelayBudget` is set to {value: 4, unit: 'Milliseconds'}, which correctly interprets '4 ms' from the user's request. (6) `upStreamDelayBudget` is null. The one concern is that the user said 'latency capped at 4 ms' without specifying downstream vs upstream — this could reasonably be interpreted as applying to both downstream and upstream delay budgets. Setting only `downStreamDelayBudget` and leaving `upStreamDelayBudget` null is a debatable interpretation. For a train door control system, bidirectional low latency would typically be expected. However, the argument types, formats, and structure are all correct and well-formed.
]
"
True,0.75,"[
	The agent correctly selected the 'create_session' tool, which is the appropriate tool for establishing a network slice reservation. The parameters were mostly well-constructed: serviceTime and serviceArea are null (as per rules since user didn't specify them), maxNumOfDevices is null, downStreamRatePerDevice is null, upStreamRatePerDevice is correctly set to 35 Mbps, and the delay budget unit is correctly set to Milliseconds with value 3. However, there is a subtle issue: the user said 'packet delay budget of 3 ms' without specifying upstream vs downstream. The agent placed it only in upStreamDelayBudget, which is a reasonable interpretation given the context of uplink rates being specified, but the user's phrasing 'packet delay budget' is ambiguous and could apply to both directions or generically. This is a minor interpretation issue rather than a tool selection issue. The tool choice itself (create_session) was exactly correct and no other tools were needed.
	The agent called create_session with mostly correct arguments. The upStreamRatePerDevice was correctly set to {value: 35, unit: 'Mbps'} matching the user's '35 Mbps' uplink rate. The serviceTime, serviceArea, maxNumOfDevices, and downStreamRatePerDevice were correctly set to null since the user didn't specify them. However, there is an issue with the packet delay budget placement. The user said 'packet delay budget of 3 ms' without specifying uplink or downlink direction. The agent placed it only in upStreamDelayBudget and left downStreamDelayBudget as null. While the context of 'robotic firefighting units' and the mention of uplink rates might suggest uplink focus, a generic 'packet delay budget' is ambiguous and could reasonably apply to both directions or at least should have prompted clarification. The unit 'Milliseconds' for the delay budget is correct per rule 6 (the user said 'ms' which is milliseconds). The value 3 and unit 'Milliseconds' are correctly formatted. All types and structures match the expected schema. The slight issue is the directional assumption for the delay budget.
]
"
True,0.75,"[
	The agent correctly selected the 'create_session' tool, which is the appropriate tool for deploying a network slice reservation. The parameters were well-constructed: maxNumOfDevices=600, downStreamDelayBudget with value=5 and unit='Milliseconds' (correctly interpreting 'ms' as Milliseconds per rule 6), serviceTime=null, serviceArea=null (per rules 5 and 8), and throughput fields set to null since the user didn't specify them. The only minor concern is that the user said 'latency under 5 ms' which could reasonably apply to both downstream and upstream delay budgets (especially for collision avoidance systems which are bidirectional), but the agent only set downStreamDelayBudget. However, since the user didn't explicitly distinguish between upstream and downstream, and rule 8 says fields stay null unless specified, this is a judgment call. Setting only downstream is a reasonable but slightly conservative interpretation. Overall, the tool selection was correct and the parameterization was largely appropriate.
	The agent called `create_session` with well-structured arguments that mostly align with the user's request and the tool's schema. Specifically: (1) `maxNumOfDevices: 600` correctly matches the user's '600 devices'. (2) `downStreamDelayBudget: {value: 5, unit: 'Milliseconds'}` correctly captures 'latency under 5 ms' with the right unit per rule 6 (ms was explicitly stated). (3) `serviceTime: null` and `serviceArea: null` are correct since the user didn't specify them (rule 5). (4) `downStreamRatePerDevice: null` and `upStreamRatePerDevice: null` are correct since no throughput was mentioned. However, the user said 'latency under 5 ms' which is a general latency requirement — it's debatable whether this should apply to both downstream and upstream delay budgets rather than just downstream. The agent only set `downStreamDelayBudget` and left `upStreamDelayBudget: null`. For collision avoidance systems, both directions of latency are typically critical, so setting only the downstream delay budget is a partial interpretation. The argument types, formats, and structure are all correct and match the schema expectations.
]
"
True,0.85,"[
	The agent correctly selected the 'create_session' tool, which is the only appropriate tool for creating a network slice reservation. The arguments were properly constructed: downstream rate set to 70 Mbps, downstream delay budget set to 6 Milliseconds (correctly assuming ms unit per rule 6), and all unspecified fields (serviceTime, serviceArea, maxNumOfDevices, upStreamRatePerDevice, upStreamDelayBudget) were correctly set to null following the rules about not fabricating values. No unnecessary tool calls were made.
	The agent called `create_session` with well-structured arguments that closely match the tool's expected schema. The `body` object correctly includes `serviceTime: null`, `serviceArea: null`, and a `sliceQosProfile` with appropriate values. The downstream rate is correctly set to {value: 70, unit: 'Mbps'} matching the user's '70 Mbps'. The latency is correctly mapped to `downStreamDelayBudget` with {value: 6, unit: 'Milliseconds'}, following the rule that 'ms' should be interpreted as Milliseconds. Fields not specified by the user (`maxNumOfDevices`, `upStreamRatePerDevice`, `upStreamDelayBudget`) are correctly set to null. However, there is a minor concern: the user said 'latency of 6 ms' without specifying whether it applies to downstream only or both directions. The agent applied it only to `downStreamDelayBudget`, which is a reasonable interpretation but could arguably also apply to `upStreamDelayBudget`. This is a judgment call rather than a clear error. All argument types, formats, and structures are correct and conform to the schema.
]
"
True,0.7,"[
	The agent correctly selected the 'create_session' tool, which is the appropriate tool for provisioning a network slice reservation. The parameters were mostly well-constructed: maxNumOfDevices=250, downStreamDelayBudget with value=4 and unit='Milliseconds' (correctly interpreting 'ms' as Milliseconds per rule 6), serviceTime=null, serviceArea=null, and rate fields set to null since the user didn't specify them. However, the user said 'packet delay budget of 4 ms' which is a general delay budget — the agent only populated downStreamDelayBudget but left upStreamDelayBudget as null. A 'packet delay budget' could reasonably apply to both downstream and upstream. This is a minor interpretation issue in the arguments rather than a tool selection problem. The tool choice itself (create_session) was exactly correct for the user's request to 'provision a slice'.
	All argument types, structures, and formats are correct and match the tool's schema. serviceTime, serviceArea, and rate fields are correctly null since the user didn't specify them. maxNumOfDevices=250 is correct. The delay budget value (4) and unit ('Milliseconds') are correct. However, the user said 'packet delay budget of 4 ms' which is a general term (not direction-specific), yet only downStreamDelayBudget was populated while upStreamDelayBudget was left null. In 3GPP terminology, 'packet delay budget' typically applies to the overall slice/bearer, suggesting both directions should have been set to 4 ms. This is a semantic content mismatch that partially misrepresents the user's intent.
]
"
True,0.95,"[
	The agent correctly selected the 'create_session' tool, which is the only appropriate tool for establishing a new network slice reservation. The arguments were properly constructed: maxNumOfDevices set to 3100, upStreamRatePerDevice set to {value: 300, unit: 'kbps'}, and all unspecified fields (serviceTime, serviceArea, downStreamRatePerDevice, downStreamDelayBudget, upStreamDelayBudget) correctly set to null. The agent followed all the rules: it recognized 'kbps' as a valid unit and didn't ask for clarification, it didn't fabricate any values, and it only populated fields explicitly mentioned by the user. No unnecessary tool calls were made.
	The agent called create_session with well-formed arguments that closely match the user's request. Specifically: (1) serviceTime is null — correct, as the user didn't specify a time period. (2) serviceArea is null — correct, as the user didn't specify an area. (3) maxNumOfDevices is 3100 — matches the user's '3100 devices'. (4) upStreamRatePerDevice has value 300 and unit 'kbps' — correctly matches '300 kbps' uplink rate from the user. (5) downStreamRatePerDevice is null — correct, as the user only mentioned uplink. (6) downStreamDelayBudget and upStreamDelayBudget are null — correct, as no latency was mentioned. All argument types, structures, and values are correct and aligned with the tool's expected schema and the user's request. The only minor note is that the tool schema shows 'additionalProperties: False' in the strict mode version, and all required fields are present. The arguments are fully appropriate.
]
"
True,0.75,"[
	The agent correctly selected the 'create_session' tool, which is the appropriate tool for deploying a network slice reservation. The parameters were mostly well-constructed: maxNumOfDevices=1900, downStreamDelayBudget and upStreamDelayBudget both set to 200 Milliseconds (the user said 'latency tolerance of 200 ms' which reasonably applies to both directions), serviceTime and serviceArea set to null as the user didn't specify them, and downStreamRatePerDevice/upStreamRatePerDevice set to null since no throughput was mentioned. The unit 'Milliseconds' was correctly assumed per rule 6 since the user provided 'ms' which is already a unit. One minor concern is that the user said 'latency tolerance' generically - setting both upstream and downstream delay budgets to 200ms is a reasonable interpretation, though one could argue it should only be set once or clarified. The tool selection itself is perfect - create_session is the only appropriate tool for this task.
	The agent called `create_session` with mostly correct arguments. The `maxNumOfDevices` was correctly set to 1900, the latency unit 'ms' was correctly interpreted as 'Milliseconds' per rule 6, and the value 200 was correctly used. The `serviceTime` and `serviceArea` were correctly set to null (with null sub-fields) since the user didn't specify them, following rule 5. The `downStreamRatePerDevice` and `upStreamRatePerDevice` were correctly set to null since no throughput was mentioned. However, the user said 'latency tolerance of 200 ms' which is a single general latency specification. The agent applied it to both `downStreamDelayBudget` and `upStreamDelayBudget`, which is a reasonable interpretation but could be debated — the user didn't explicitly distinguish between upstream and downstream latency. This is a minor issue. The argument structure and types all match the expected schema. The slight deduction is for applying the latency to both directions when the user only mentioned a single 'latency tolerance' — though this is arguably a reasonable default behavior rather than a clear error.
]
"
True,0.95,"[
	The agent correctly selected the 'create_session' tool, which is the only appropriate tool for creating a network slice reservation. The arguments were properly constructed: maxNumOfDevices set to 2700, upStreamRatePerDevice set to {value: 800, unit: 'kbps'}, and all unspecified fields (serviceTime, serviceArea, downStreamRatePerDevice, downStreamDelayBudget, upStreamDelayBudget) correctly set to null. The agent followed all the rules: it didn't fabricate values, correctly reused the 'kbps' unit provided by the user without asking, and left optional fields as null. No unnecessary tool calls were made.
	The agent called create_session with well-formed arguments that closely match the user's request. Specifically: (1) serviceTime is null — correct, as the user did not specify a time period. (2) serviceArea is null — correct, as the user did not specify a service area. (3) maxNumOfDevices is 2700 — matches the user's request for 2700 devices. (4) upStreamRatePerDevice has value 800 and unit 'kbps' — correctly reflects the user's '800 kbps' uplink rate, and the unit is a valid enum value. (5) downStreamRatePerDevice is null — correct, as the user only mentioned uplink. (6) downStreamDelayBudget and upStreamDelayBudget are both null — correct, as no latency was mentioned. All argument types, structures, and values are appropriate and aligned with the tool's expected schema and the user's request. The only minor note is that the arguments were passed in strict mode format with explicit null values for all unspecified fields, which is perfectly valid.
]
"
True,0.65,"[
	The agent correctly selected the 'create_session' tool, which is the appropriate tool for provisioning a network slice. The parameters were mostly correct: maxNumOfDevices=2100, serviceTime=null, serviceArea=null, downStreamRatePerDevice=null, upStreamRatePerDevice=null, and the delay budget value of 150 with unit 'Milliseconds' (correctly using ms as the unit since the user said 'ms'). However, the agent set both downStreamDelayBudget and upStreamDelayBudget to 150ms, when the user only mentioned a generic 'packet delay budget' of 150ms. While applying the delay budget to both directions is a reasonable interpretation of a generic 'packet delay budget', it could be seen as slightly over-specifying since the user didn't explicitly distinguish between upstream and downstream. This is a minor issue. The tool selection itself was perfect - create_session is the only appropriate tool for this task.
	The agent called `create_session` with mostly correct arguments: `serviceTime` and `serviceArea` are correctly null, `maxNumOfDevices` is correctly 2100, and `downStreamRatePerDevice`/`upStreamRatePerDevice` are correctly null. The delay budget value of 150 with unit 'Milliseconds' is correct (the user said '150 ms'). However, the user said 'packet delay budget of 150 ms' as a single specification. The agent applied this to both `downStreamDelayBudget` and `upStreamDelayBudget`, which is a reasonable interpretation but could be seen as fabricating a value for one direction if the user only intended one. More importantly, per rule 8 ('All fields stay null unless the user specifies them, never fabricate values'), the user said 'packet delay budget' generically without specifying upstream vs downstream separately. Applying it to both directions is a defensible interpretation, but strictly speaking the user didn't explicitly specify both. This is a minor issue. The argument types, structure, and formats all match the tool's expected schema correctly.
]
"
True,0.95,"[
	The agent correctly selected the 'create_session' tool, which is the appropriate tool for establishing a network slice reservation. The arguments were properly constructed: maxNumOfDevices set to 1200, upStreamRatePerDevice set to {value: 600, unit: 'kbps'}, and all unspecified fields (serviceTime, serviceArea, downStreamRatePerDevice, downStreamDelayBudget, upStreamDelayBudget) correctly set to null. The user provided the uplink rate with a unit ('kbps'), so the agent correctly reused it without asking. No unnecessary tools were called, and no better tool was available for this task.
	The agent correctly called `create_session` with well-formed arguments that match the tool's expected schema. Specifically: (1) `serviceTime` is null as the user didn't specify it — correct per rules. (2) `serviceArea` is null as the user didn't specify it — correct per rules. (3) `maxNumOfDevices` is 1200, matching the user's request for 1200 devices. (4) `upStreamRatePerDevice` has value 600 and unit 'kbps', correctly reflecting the user's '600 kbps' uplink rate specification. (5) `downStreamRatePerDevice` is null since the user only mentioned uplink — correct per the rule to not fabricate values. (6) `downStreamDelayBudget` and `upStreamDelayBudget` are both null since no latency was mentioned — correct. All types are correct (integers for numeric values, strings for enums, nulls where appropriate). The only minor note is that the unit 'kbps' was already provided by the user so no clarification was needed, and the agent correctly proceeded without asking — fully aligned with rule 4. The arguments are structurally valid and semantically aligned with the user's request.
]
"
True,0.85,"[
	The agent correctly selected the 'create_session' tool, which is the only appropriate tool for creating a network slice reservation. The arguments were well-constructed: downstream rate set to 180 Mbps (matching user's '180 Mbps downstream'), downStreamDelayBudget set to 15 Milliseconds (user said '15 ms', and per rules, 'ms' maps to Milliseconds), and all unspecified fields (serviceTime, serviceArea, maxNumOfDevices, upStreamRatePerDevice, upStreamDelayBudget) correctly set to null following the rules about not fabricating values. The only minor consideration is whether latency of '15 ms' should apply to both downstream and upstream delay budgets or just downstream - the agent chose only downstream which is a reasonable interpretation since the user didn't explicitly specify direction for latency. Overall, the tool selection and parameter population were appropriate and correct.
	The agent called `create_session` with well-structured arguments that closely match the tool's expected schema. Specifically: (1) `serviceTime` and `serviceArea` are correctly set to null since the user didn't specify them. (2) `downStreamRatePerDevice` is correctly set to {value: 180, unit: 'Mbps'}, matching the user's '180 Mbps downstream'. (3) `downStreamDelayBudget` is correctly set to {value: 15, unit: 'Milliseconds'}, matching the user's '15 ms' latency. (4) `maxNumOfDevices`, `upStreamRatePerDevice`, and `upStreamDelayBudget` are correctly null since the user didn't specify them. The only minor issue is that the user said 'latency of 15 ms' without specifying downstream vs upstream, so it could be argued that both `downStreamDelayBudget` and `upStreamDelayBudget` should be set to 15ms. However, mapping a general latency requirement to downstream delay budget is a reasonable interpretation. All types, formats, and structures are correct and match the schema expectations.
]
"
True,0.9,"[
	The agent correctly selected the 'create_session' tool, which is the appropriate tool for provisioning a network slice reservation. The arguments were well-formed: maxNumOfDevices set to 90, downStreamRatePerDevice set to {value: 300, unit: 'Mbps'}, and all unspecified fields (serviceTime, serviceArea, upStreamRatePerDevice, downStreamDelayBudget, upStreamDelayBudget) correctly set to null. The user provided 'Mbps' as the unit, so the agent correctly reused it without asking. No unnecessary tool calls were made, and no better tool was available for this task.
	The agent called `create_session` with well-formed arguments that closely match the user's request. Specifically: (1) `serviceTime` is null — correct, since the user didn't specify a time period. (2) `serviceArea` is null — correct, since the user didn't specify an area. (3) `maxNumOfDevices` is 90 — matches the user's '90 devices'. (4) `downStreamRatePerDevice` has value 300 and unit 'Mbps' — matches '300 Mbps' downstream. (5) `upStreamRatePerDevice` is null — correct, user didn't specify upstream. (6) `downStreamDelayBudget` and `upStreamDelayBudget` are null — correct, no latency was mentioned. All types are correct (integers for numeric values, strings for enums, nulls for unspecified fields). The structure matches the expected `CreateSession` schema. The only minor note is that the arguments JSON is well-structured and all required fields are present. This is a near-perfect argument construction.
]
"
True,0.95,"[
	The agent correctly selected the 'create_session' tool, which is the only appropriate tool for establishing a new network slice reservation. The arguments were properly constructed: maxNumOfDevices set to 400, upStreamRatePerDevice set to {value: 45, unit: 'Mbps'}, and all unspecified fields (serviceTime, serviceArea, downStreamRatePerDevice, downStreamDelayBudget, upStreamDelayBudget) correctly set to null. The agent followed all the rules: it didn't fabricate values, correctly reused the user-provided unit 'Mbps', and only populated fields explicitly mentioned by the user. No unnecessary tool calls were made.
	The agent correctly called create_session with well-formed arguments matching the tool's expected schema. Specifically: (1) serviceTime is null as the user didn't specify it - correct per rules. (2) serviceArea is null as the user didn't specify it - correct per rules. (3) maxNumOfDevices is 400, matching the user's request for 400 devices. (4) upStreamRatePerDevice has value 45 and unit 'Mbps', correctly reflecting the user's '45 Mbps' uplink rate specification. (5) downStreamRatePerDevice is null since the user only mentioned uplink - correct per rule 8. (6) downStreamDelayBudget and upStreamDelayBudget are null since no latency was mentioned - correct. All argument types, structures, and values align with both the tool's schema and the user's request. The only minor note is that the body structure uses explicit null values for all unspecified fields, which is valid and appropriate for the schema's nullable types.
]
"
True,0.5,"[
	The agent correctly chose the 'create_session' tool, which is the appropriate tool for deploying a network slice reservation. The parameters were mostly correct: upStreamRatePerDevice was set to 250 Mbps as requested, serviceTime and serviceArea were null as expected, maxNumOfDevices was null (not specified by user), and downStreamRatePerDevice was null (not specified). However, there is a notable error in the field mapping: the user specified a 'packet delay budget of 18 ms' which is a general latency requirement. The agent placed this value in 'downStreamDelayBudget' only, but given the context of live election coverage (which is primarily about uplink/upload of live video), it would be more reasonable to place it in 'upStreamDelayBudget' or both. The user said 'packet delay budget' generically without specifying upstream or downstream, so the placement is ambiguous but arguably incorrect since the emphasis was on uplink. The tool selection itself (create_session) was correct and appropriate.
	The agent correctly set upStreamRatePerDevice to {value: 250, unit: 'Mbps'} matching the user's '250 Mbps uplink per device'. The serviceTime, serviceArea, maxNumOfDevices, downStreamRatePerDevice, and upStreamDelayBudget are correctly null since the user didn't specify them. However, the 'packet delay budget of 18 ms' was placed in downStreamDelayBudget only. The user said 'packet delay budget' generically without specifying downstream or upstream, which is ambiguous. A reasonable interpretation could be to apply it to both downstream and upstream delay budgets, or at minimum the agent should have clarified. More critically, the unit 'ms' was correctly interpreted as 'Milliseconds' per rule 6. The structure and types of all arguments are correct and match the tool's expected schema. The main issue is the semantic placement of the packet delay budget in only the downstream field when the user's request was generic - this is a partial misalignment with user intent.
]
"
True,0.9,"[
	The agent correctly selected the 'create_session' tool, which is the only appropriate tool for creating a network slice reservation. The arguments were properly constructed: maxNumOfDevices set to 700, downStreamRatePerDevice set to {value: 85, unit: 'Mbps'}, and all unspecified fields (serviceTime, serviceArea, upStreamRatePerDevice, downStreamDelayBudget, upStreamDelayBudget) correctly set to null. The user provided the downstream rate with a unit ('Mbps'), so the agent correctly did not ask for clarification. No unnecessary tool calls were made, and no better tool was available for this task.
	The agent correctly called create_session with well-formed arguments. The body includes: serviceTime=null (correct, user didn't specify), serviceArea=null (correct, user didn't specify), sliceQosProfile with maxNumOfDevices=700 (matches user's '700 devices'), downStreamRatePerDevice with value=85 and unit='Mbps' (matches user's '85 Mbps'), upStreamRatePerDevice=null (correct, not specified), downStreamDelayBudget=null (correct, not specified), upStreamDelayBudget=null (correct, not specified). All argument types match the expected schema. All fields not mentioned by the user are correctly set to null. The only minor note is that the value 85 is within the allowed range (0-1024) and the unit 'Mbps' is a valid enum value. The arguments are fully aligned with the user's request and the tool's expected input schema.
]
"
True,0.75,"[
	The agent correctly selected the 'create_session' tool, which is the appropriate tool for provisioning a network slice reservation. The parameters were mostly well-constructed: maxNumOfDevices=350, downStreamDelayBudget with value=6 and unit='Milliseconds' (correctly interpreting 'ms' as Milliseconds per rule 6). serviceTime and serviceArea were correctly set to null since the user didn't specify them. downStreamRatePerDevice and upStreamRatePerDevice were correctly set to null. However, the user said 'latency under 6 ms' which is a general latency requirement, not specifically downstream-only. A more complete interpretation would have set both downStreamDelayBudget and upStreamDelayBudget to 6 Milliseconds, since the user didn't distinguish between upstream and downstream latency. The agent only set downStreamDelayBudget, leaving upStreamDelayBudget as null. This is a reasonable but slightly incomplete interpretation. The tool choice itself was perfect - create_session is the only appropriate tool for this task.
	The agent called `create_session` with mostly correct arguments. Positives: maxNumOfDevices=350 matches the user's request, downStreamDelayBudget has value=6 and unit='Milliseconds' which correctly interprets 'latency under 6 ms' (rule 6: ms → Milliseconds), serviceTime and serviceArea are null as the user didn't specify them (rule 5), downStreamRatePerDevice and upStreamRatePerDevice are null since no throughput was mentioned (rule 8), and all required fields are present with correct types. However, there is a notable issue: the user said 'latency under 6 ms' which is a general latency requirement, not specifically downstream-only. The agent only populated downStreamDelayBudget and left upStreamDelayBudget as null. For synchronized traffic camera control, both upstream and downstream latency would reasonably be expected to be constrained. A more faithful interpretation would set both downStreamDelayBudget and upStreamDelayBudget to 6 Milliseconds. Additionally, the serviceArea areaType was passed as null inside an object rather than passing serviceArea as null directly, though this is a minor structural difference that likely still works.
]
"
False,0.4,"[
	The agent correctly chose the 'create_session' tool, which is the appropriate tool for establishing a network slice reservation. However, there are issues with the parameter mapping. The user specified a 'packet delay budget of 5 ms' which is a general delay budget - it should ideally apply to both downstream and upstream delay budgets, or at minimum be clarified. The agent only populated 'upStreamDelayBudget' with the value {value: 5, unit: 'Milliseconds'} while leaving 'downStreamDelayBudget' as null, which is an incomplete interpretation of 'packet delay budget'. A packet delay budget typically applies bidirectionally. The correct unit 'Milliseconds' was properly used (the user said 'ms'), maxNumOfDevices was correctly set to 900, and other unspecified fields were correctly left as null. The tool selection itself was correct, but the parameter population was partially incorrect.
	The agent called create_session with mostly correct structure, but there are significant issues with how the packet delay budget was mapped. The user said 'packet delay budget of 5 ms' without specifying upstream vs downstream specifically — this is a general delay budget that should reasonably apply to both downStreamDelayBudget and upStreamDelayBudget (or at minimum be clarified with the user). Instead, the agent placed it only in upStreamDelayBudget and left downStreamDelayBudget as null, which is an arbitrary and potentially incorrect assignment. The 'ms' unit was correctly interpreted as 'Milliseconds' per rule 6. The maxNumOfDevices=900 is correct. serviceTime=null and serviceArea=null are correct per the rules (not specified by user). downStreamRatePerDevice=null and upStreamRatePerDevice=null are correct (not specified). The main deficiency is the asymmetric and unjustified placement of the delay budget in only the upstream field rather than both or asking the user for clarification.
]
"
True,0.85,"[
	The agent correctly selected the 'create_session' tool, which is the appropriate tool for deploying a network slice reservation. The arguments were well-constructed: upStreamRatePerDevice was set to 25 Mbps as requested, serviceTime and serviceArea were correctly left as null (not specified by user), maxNumOfDevices and downStreamRatePerDevice were null (not specified), and downStreamDelayBudget was null. The upStreamDelayBudget was set to 7 Milliseconds following rule 6 (ms assumed as Milliseconds). However, the user said 'latency of 7 ms' without specifying uplink vs downlink - this is ambiguous. The agent placed it only in upStreamDelayBudget, which is a reasonable interpretation given the context of 'remote vehicle diagnostics' emphasizing uplink, but arguably the latency could apply to both directions or generically. This is a minor interpretation issue rather than a tool selection issue. The tool choice itself was perfect - create_session is the only appropriate tool for this request.
	The agent called `create_session` with well-structured arguments that mostly align with the user's request and the tool's schema. Specifically: (1) `serviceTime` and `serviceArea` are correctly set to null since the user didn't specify them. (2) `maxNumOfDevices` is null since the user didn't specify it. (3) `upStreamRatePerDevice` is correctly set to {value: 25, unit: 'Mbps'} matching the user's '25 Mbps' uplink rate. (4) `downStreamRatePerDevice` is correctly null since the user only mentioned uplink. (5) `downStreamDelayBudget` is null, which is reasonable. However, the latency of '7 ms' was placed in `upStreamDelayBudget` only. The user said 'latency of 7 ms' without specifying uplink vs downlink — this is ambiguous. For remote vehicle diagnostics with uplink focus, placing it in upStreamDelayBudget is a reasonable interpretation, though one could argue it should apply to both directions or be clarified with the user. The unit 'Milliseconds' is correct per rule 6 (the user said 'ms'). All types and formats are correct. The minor deduction is for the potentially ambiguous placement of the latency budget in only the upstream direction without asking the user for clarification.
]
"
True,0.85,"[
	The agent correctly selected the 'create_session' tool, which is the appropriate tool for creating a network slice reservation. The parameters were well-constructed: maxNumOfDevices=450, downStreamDelayBudget with value=6 and unit='Milliseconds' (correctly interpreting 'ms' as Milliseconds per rule 6), and null values for serviceTime, serviceArea, upStreamRatePerDevice, downStreamRatePerDevice, and upStreamDelayBudget (following rule 8 about not fabricating values). However, the user said 'latency capped at 6 ms' which could reasonably apply to both downstream and upstream delay budgets, not just downstream. The agent only set downStreamDelayBudget and left upStreamDelayBudget as null, which is a debatable interpretation. Some might argue that a general 'latency' cap should apply to both directions. This is a minor issue in parameter population rather than tool selection itself. The tool choice was perfect - create_session is the only appropriate tool for this request.
	The agent called `create_session` with well-structured arguments that largely match the user's request and the tool's expected schema. Specifically: (1) `serviceTime` is correctly null since the user didn't specify it. (2) `serviceArea` is correctly null since the user didn't specify it. (3) `maxNumOfDevices` is correctly set to 450 as requested. (4) `downStreamRatePerDevice` and `upStreamRatePerDevice` are correctly null since no throughput was mentioned. (5) `downStreamDelayBudget` has value 6 with unit 'Milliseconds', which correctly interprets '6 ms'. (6) `upStreamDelayBudget` is null. The one debatable point is that the user said 'latency capped at 6 ms' without specifying downstream vs upstream — this could reasonably be interpreted as applying to both downstream and upstream delay budgets, not just downstream. Setting only `downStreamDelayBudget` and leaving `upStreamDelayBudget` null is a reasonable but potentially incomplete interpretation. All types, formats, and structures conform to the tool's schema.
]
"
True,0.85,"[
	The agent correctly selected the 'create_session' tool, which is the appropriate tool for provisioning a network slice reservation. The parameters were mostly well-constructed: maxNumOfDevices=500, downStreamDelayBudget with value=5 and unit='Milliseconds' (correctly interpreting 'ms' as Milliseconds per rule 6). serviceTime and serviceArea are correctly null since the user didn't specify them. downStreamRatePerDevice, upStreamRatePerDevice, and upStreamDelayBudget are correctly null. However, the user said 'packet delay budget of 5 ms' which is a general term that could reasonably apply to both downstream and upstream delay budgets, not just downstream. The agent only set downStreamDelayBudget but left upStreamDelayBudget as null. This is a minor interpretation issue - one could argue either way, but setting only downstream is a reasonable conservative interpretation following rule 8 (don't fabricate values). The tool selection itself was perfect - create_session is the only appropriate tool for this task.
	The agent called `create_session` with well-structured arguments that largely match the user's request and the tool's expected schema. Specifically: (1) `maxNumOfDevices` is correctly set to 500 as requested. (2) `downStreamDelayBudget` has value 5 with unit 'Milliseconds', which correctly interprets '5 ms'. (3) `serviceTime` and `serviceArea` are properly set to null sub-fields since the user didn't specify them. (4) `downStreamRatePerDevice`, `upStreamRatePerDevice`, and `upStreamDelayBudget` are correctly null since the user didn't specify them. The one issue is that the user said 'packet delay budget of 5 ms' without specifying downstream vs upstream — this is ambiguous and could reasonably apply to both directions. The agent only populated `downStreamDelayBudget` and left `upStreamDelayBudget` as null. A more complete interpretation might set both delay budgets to 5ms, since 'packet delay budget' is a general term. However, per the rules ('All fields stay null unless the user specifies them'), this conservative approach is defensible. The argument types, structure, and formats all match the expected schema correctly.
]
"
True,0.95,"[
	The agent correctly selected the 'create_session' tool, which is the appropriate tool for establishing a network slice reservation. The arguments were properly constructed: maxNumOfDevices set to 1000, upStreamRatePerDevice set to {value: 700, unit: 'kbps'} matching the user's specification, and all unspecified fields (serviceTime, serviceArea, downStreamRatePerDevice, downStreamDelayBudget, upStreamDelayBudget) were correctly set to null following the rules. The unit 'kbps' was provided by the user so no clarification was needed. No unnecessary tools were called.
	The agent correctly called `create_session` with well-formed arguments that match the tool's expected schema. Specifically: (1) `serviceTime` is null as the user didn't specify it — correct per rules. (2) `serviceArea` is null as the user didn't specify it — correct per rules. (3) `maxNumOfDevices` is 1000, matching the user's request for 1000 devices. (4) `upStreamRatePerDevice` has value 700 and unit 'kbps', correctly reflecting the user's '700 kbps' specification. (5) `downStreamRatePerDevice` is null since the user only mentioned uplink rates — correct per rules. (6) `downStreamDelayBudget` and `upStreamDelayBudget` are both null since no latency was mentioned — correct. All types are correct (integers for numeric values, strings for enums, nulls where appropriate). The only minor note is that the unit 'kbps' is a valid enum value per the RateUnitEnum definition. The arguments are fully aligned with the user's request and the tool's schema.
]
"
True,0.85,"[
	The agent correctly selected the 'create_session' tool, which is the appropriate tool for deploying a network slice reservation. The arguments were well-constructed: maxNumOfDevices=1800, downStreamDelayBudget with value=150 and unit='Milliseconds' (correctly using ms as the unit since the user specified 'ms'), serviceTime=null, serviceArea=null, and unspecified fields (rates, upStreamDelayBudget) set to null. However, the user said 'latency tolerance of 150 ms' which is a general latency requirement — it could reasonably apply to both downstream and upstream delay budgets. The agent only set downStreamDelayBudget and left upStreamDelayBudget as null. This is a debatable interpretation; some might argue both should be set. But per the rules ('All fields stay null unless the user specifies them'), the agent's conservative approach of mapping a general 'latency' to just downstream is a reasonable interpretation, though setting both would also be defensible. The tool selection itself was perfect — create_session is the only appropriate tool for this task.
	The agent called `create_session` with well-structured arguments that largely match the user's request and the tool's expected schema. Specifically: (1) `serviceTime` is correctly null since the user didn't specify it. (2) `serviceArea` is correctly null since the user didn't specify it. (3) `maxNumOfDevices` is correctly set to 1800 as requested. (4) `downStreamRatePerDevice` and `upStreamRatePerDevice` are correctly null since no throughput was mentioned. (5) `downStreamDelayBudget` has value 150 and unit 'Milliseconds', which correctly reflects the user's '150 ms' latency tolerance. (6) `upStreamDelayBudget` is null. The minor issue is that the user said 'latency tolerance of 150 ms' without specifying downstream vs upstream — this is ambiguous and could reasonably be interpreted as applying to both downstream and upstream delay budgets. The agent only set the downstream delay budget, leaving upstream null. This is a reasonable but potentially incomplete interpretation. All types, formats, and structures are correct and match the tool's schema expectations.
]
"
True,0.95,"[
	The agent correctly selected the 'create_session' tool, which is the only appropriate tool for creating a network slice reservation. The arguments were properly constructed: maxNumOfDevices set to 900, upStreamRatePerDevice set to {value: 400, unit: 'kbps'}, and all unspecified fields (serviceTime, serviceArea, downStreamRatePerDevice, downStreamDelayBudget, upStreamDelayBudget) correctly set to null, following the rules that fields stay null unless specified by the user. The unit 'kbps' was correctly reused from the user's input without asking again, per rule 4. No unnecessary tools were called.
	The agent called create_session with well-formed arguments that closely match the user's request. The body includes: serviceTime=null (correct, user didn't specify), serviceArea=null (correct, user didn't specify), and a sliceQosProfile with maxNumOfDevices=900 (matches '900 devices'), upStreamRatePerDevice={value:400, unit:'kbps'} (matches '400 kbps uplink'), downStreamRatePerDevice=null (correct, not specified), downStreamDelayBudget=null (correct, not specified), upStreamDelayBudget=null (correct, not specified). All required fields are present, types are correct (integer for value, valid enum for unit), and no fabricated values were introduced. The only minor note is that the arguments structure matches the tool's expected schema perfectly. A very slight deduction because the tool's strict schema version used by the agent includes 'unit' as required in Rate while the MCP schema has it with a default of None, but the agent correctly provided it, so this is not an issue.
]
"
True,0.75,"[
	The agent correctly selected the 'create_session' tool, which is the appropriate tool for provisioning a network slice reservation. The parameters were well-constructed: maxNumOfDevices=1300, downStreamDelayBudget with value=200 and unit='Milliseconds' (correctly using ms as the unit since the user specified 'ms'). serviceTime and serviceArea are correctly null. downStreamRatePerDevice, upStreamRatePerDevice, and upStreamDelayBudget are correctly null since the user didn't specify them. The only minor issue is that the user said 'packet delay budget of 200 ms' which is ambiguous about direction - it could reasonably apply to both downstream and upstream delay budgets, but the agent only set downStreamDelayBudget. A more complete interpretation might have set both downStreamDelayBudget and upStreamDelayBudget to 200ms, since 'packet delay budget' is a general term. However, the conservative approach of only setting downstream is also defensible. Overall, the correct tool was chosen with mostly appropriate parameters.
	The agent called create_session with mostly correct arguments. The body structure matches the CreateSession schema: serviceTime=null, serviceArea=null (correct per rules since user didn't specify them), maxNumOfDevices=1300 (correct), downStreamRatePerDevice=null, upStreamRatePerDevice=null (correct since not specified). The downStreamDelayBudget has value=200 and unit='Milliseconds', which correctly interprets the user's '200 ms'. However, the user said 'packet delay budget of 200 ms' which is ambiguous about direction - it could reasonably apply to both downstream and upstream delay budgets, yet the agent only set downStreamDelayBudget and left upStreamDelayBudget=null. Per rule 8 ('All fields stay null unless the user specifies them'), this is a judgment call - the user didn't explicitly distinguish between upstream and downstream, so mapping it to only downstream is a reasonable but debatable interpretation. A more faithful interpretation might have set both delay budgets to 200ms, or the agent could have asked for clarification. The types, formats, and structure of all arguments are correct and well-formed.
]
"
True,0.95,"[
	The agent correctly selected the 'create_session' tool, which is the only appropriate tool for establishing a new network slice reservation. The arguments were properly constructed: maxNumOfDevices set to 2400, upStreamRatePerDevice set to {value: 500, unit: 'kbps'}, and all unspecified fields (serviceTime, serviceArea, downStreamRatePerDevice, downStreamDelayBudget, upStreamDelayBudget) correctly set to null. The user provided 'kbps' as the unit, so the agent correctly reused it without asking. No unnecessary tool calls were made.
	The agent called `create_session` with well-formed arguments that closely match the user's request. Specifically: (1) `serviceTime` is null — correct, since the user didn't specify a time period. (2) `serviceArea` is null — correct, since the user didn't specify an area. (3) `maxNumOfDevices` is 2400 — matches the user's '2400 devices'. (4) `upStreamRatePerDevice` has value 500 and unit 'kbps' — correctly reflects '500 kbps' uplink rate, and 'kbps' is a valid enum value. (5) `downStreamRatePerDevice` is null — correct, user only mentioned uplink. (6) `downStreamDelayBudget` and `upStreamDelayBudget` are null — correct, no latency was mentioned. All argument types, structures, and values are valid and aligned with the tool's schema and the user's request. The only minor note is that the tool's strict schema required all fields in SliceQosProfile, and the agent correctly provided them all (as null where not specified). This is a near-perfect argument construction.
]
"
True,0.95,"[
	The agent correctly selected the 'create_session' tool, which is the only appropriate tool for creating a network slice reservation. The arguments were properly constructed: downstream rate set to 220 Mbps, downstream delay budget set to 15 Milliseconds (correctly interpreting 'ms' as Milliseconds per rule 6), and all unspecified fields (serviceTime, serviceArea, maxNumOfDevices, upStreamRatePerDevice, upStreamDelayBudget) were correctly set to null following the rules about not fabricating values. The unit 'Mbps' was correctly reused from the user's input without asking again (rule 4). No unnecessary tool calls were made.
	The agent called create_session with well-formed arguments that closely match the user's request. Specifically: (1) serviceTime is null — correct, as the user didn't specify a time period. (2) serviceArea is null — correct, as the user didn't specify a geographic area. (3) maxNumOfDevices is null — correct, not specified by user. (4) downStreamRatePerDevice has value 220 and unit 'Mbps' — matches the user's '220 Mbps' exactly. (5) upStreamRatePerDevice is null — correct, user didn't specify upstream. (6) downStreamDelayBudget has value 15 and unit 'Milliseconds' — the user said 'latency under 15 ms', and per the rules, 'ms' maps to 'Milliseconds', which is correct. (7) upStreamDelayBudget is null — correct, user only mentioned latency generically but it's reasonable to map it to downstream delay budget for a video inspection use case (downstream-focused). All types are correct (integers for values, proper enum strings for units), all required fields are present, and no fabricated values were introduced. The only minor consideration is that the user said 'latency under 15 ms' which could arguably apply to both upstream and downstream, but mapping it to downstream only is a reasonable interpretation given the downstream-focused request context. Overall, the arguments are appropriate and well-aligned with the user's request.
]
"
True,0.9,"[
	The agent correctly selected the 'create_session' tool, which is the only appropriate tool for provisioning a new network slice reservation. The arguments were properly constructed: maxNumOfDevices set to 300 as specified, downStreamRatePerDevice set to 140 Mbps matching the user's request with the correct unit, and all unspecified fields (serviceTime, serviceArea, upStreamRatePerDevice, downStreamDelayBudget, upStreamDelayBudget) were correctly set to null following the rules. No unnecessary tools were called, and no better tool was available.
	The agent called `create_session` with well-formed arguments that closely match the user's request. Specifically: (1) `serviceTime` is null — correct, since the user didn't specify a time period. (2) `serviceArea` is null — correct, since the user didn't specify an area. (3) `maxNumOfDevices` is 300 — matches the user's '300 devices'. (4) `downStreamRatePerDevice` has value 140 and unit 'Mbps' — matches '140 Mbps' from the user. (5) `upStreamRatePerDevice` is null — correct, user didn't specify upstream. (6) `downStreamDelayBudget` and `upStreamDelayBudget` are null — correct, user didn't specify latency. All types are correct (integers for numeric values, strings for units, nulls for unspecified fields). The structure matches the expected `CreateSession` schema. The only minor note is that the argument structure is valid JSON and all required fields are present. This is a near-perfect argument construction for the given user request.
]
"
True,0.75,"[
	The agent correctly selected the 'create_session' tool, which is the appropriate tool for establishing a network slice reservation. The parameters were well-constructed: maxNumOfDevices=500, downStreamDelayBudget with value=25 and unit='Milliseconds' (correctly interpreting 'ms' as Milliseconds per rule 6). serviceTime and serviceArea are correctly null since the user didn't specify them. downStreamRatePerDevice, upStreamRatePerDevice, and upStreamDelayBudget are correctly null. However, there's a minor issue: the user said 'packet delay budget of 25 ms' which is a general term that could apply to both downstream and upstream delay budgets, not just downstream. The agent only set downStreamDelayBudget but left upStreamDelayBudget as null. This is a reasonable interpretation but could be debated. The tool selection itself (create_session) was perfectly appropriate for the task.
	The agent called create_session with mostly correct arguments. The 500 devices (maxNumOfDevices: 500) and packet delay budget of 25 ms (downStreamDelayBudget: {value: 25, unit: 'Milliseconds'}) are correctly mapped. serviceTime and serviceArea are correctly null per the rules. downStreamRatePerDevice, upStreamRatePerDevice, and upStreamDelayBudget are correctly null since the user didn't specify them. However, the user said 'packet delay budget of 25 ms' which is ambiguous — it could apply to both downstream and upstream delay budgets, not just downstream. The agent only populated downStreamDelayBudget and left upStreamDelayBudget null. This is a reasonable interpretation but could be seen as incomplete since 'packet delay budget' is a general term that typically encompasses both directions. The argument types, formats, and structure all match the tool's expected schema correctly.
]
"
True,0.85,"[
	The agent correctly selected the 'create_session' tool, which is the appropriate tool for deploying a network slice reservation. The arguments were well-constructed: maxNumOfDevices set to 700 as specified, downStreamDelayBudget set to 4 Milliseconds (correctly interpreting 'ms' as Milliseconds per rule 6), serviceTime and serviceArea correctly set to null (not specified by user), and throughput fields correctly set to null (not mentioned by user). The only minor consideration is whether the latency cap of 4 ms should also apply to upStreamDelayBudget since the user said 'latency capped at 4 ms' generically (which could imply both directions), but setting only downstream is a reasonable interpretation. Overall, the tool selection and parameter population were appropriate and followed the stated rules.
	The agent called `create_session` with well-structured arguments that mostly align with the user's request and the tool's schema. Specifically: (1) `serviceTime` is correctly null since the user didn't specify it. (2) `serviceArea` is correctly null since the user didn't specify it. (3) `maxNumOfDevices` is correctly set to 700 as requested. (4) `downStreamRatePerDevice` and `upStreamRatePerDevice` are correctly null since no throughput was mentioned. (5) `downStreamDelayBudget` is set to {value: 4, unit: 'Milliseconds'}, which correctly interprets '4 ms' from the user's request. (6) `upStreamDelayBudget` is null. The one concern is that the user said 'latency capped at 4 ms' which is a general latency constraint — it could reasonably apply to both downstream and upstream delay budgets, not just downstream. Setting only `downStreamDelayBudget` and leaving `upStreamDelayBudget` null is a debatable interpretation. However, the argument types, formats, and structure are all correct and well-formed for the tool's expected schema.
]
"
True,0.75,"[
	The agent correctly selected the 'create_session' tool, which is the appropriate tool for creating a network slice reservation. The parameters were mostly well-populated: upStreamRatePerDevice was correctly set to 30 Mbps, and the delay budget was set to 2 ms with 'Milliseconds' unit. Unspecified fields (serviceTime, serviceArea, maxNumOfDevices, downStreamRatePerDevice, downStreamDelayBudget) were correctly set to null. However, there's a subtle issue: the user said 'packet delay budget of 2 ms' without specifying upstream vs downstream. The agent placed it only in upStreamDelayBudget, which is a reasonable interpretation given the context of uplink-focused robotic welding, but the user's phrasing 'packet delay budget' could arguably apply to both directions or be ambiguous. This is a minor interpretation issue rather than a tool selection problem. The tool choice itself was perfect - create_session was the only appropriate tool for this task.
	The agent correctly called create_session with well-formed arguments. The upStreamRatePerDevice (30 Mbps) and the delay budget unit (Milliseconds) are correct per the user's request. The serviceTime and serviceArea are properly set to null since the user didn't specify them. maxNumOfDevices, downStreamRatePerDevice, and downStreamDelayBudget are correctly null. However, there is an issue with the placement of the delay budget: the user said 'packet delay budget of 2 ms' without specifying upstream or downstream direction. The agent placed it in upStreamDelayBudget, which is a reasonable interpretation given the context of uplink-focused robotic welding, but the user's request was ambiguous - 'packet delay budget' could reasonably apply to both directions or just one. A more conservative interpretation might have been to ask for clarification or apply it to both. Additionally, the serviceArea object has 'areaType: null' which is fine since the schema allows null. Overall the arguments are structurally valid and mostly aligned with the user's intent, with a minor ambiguity in delay budget direction assignment.
]
"
True,0.75,"[
	The agent correctly selected the 'create_session' tool, which is the appropriate tool for provisioning a network slice. The parameters were well-constructed: maxNumOfDevices=1600, downStreamDelayBudget with value=180 and unit='Milliseconds' (correctly interpreting 'ms' as Milliseconds per rule 6), and all unspecified fields (serviceTime, serviceArea, upStreamRatePerDevice, downStreamRatePerDevice, upStreamDelayBudget) were correctly set to null. However, the user said 'latency tolerance of 180 ms' which is a general latency specification - the agent only populated downStreamDelayBudget but left upStreamDelayBudget as null. A reasonable interpretation of 'latency tolerance' could apply to both downstream and upstream delay budgets. This is a minor judgment call, but setting only downstream is a defensible interpretation since the rules say to only populate fields the user specifies. Overall, the tool selection was correct and the parameterization was largely appropriate.
	The agent called `create_session` with mostly correct arguments: `serviceTime` and `serviceArea` are correctly null (user didn't specify them), `maxNumOfDevices` is correctly 1600, `downStreamRatePerDevice` and `upStreamRatePerDevice` are correctly null, and the `downStreamDelayBudget` has value 180 with unit 'Milliseconds' which aligns with the user's '180 ms' and the rule about assuming Milliseconds. However, the user said 'latency tolerance of 180 ms' without specifying downstream vs upstream specifically — this is ambiguous but could reasonably apply to both directions. The agent only set `downStreamDelayBudget` and left `upStreamDelayBudget` as null. For smart greenhouse climate sensors, upstream latency (sensor data upload) is arguably more relevant than downstream. Setting only downstream delay budget is a reasonable but potentially incomplete interpretation. The `upStreamDelayBudget` being null rather than also set to 180ms is a debatable choice. All types, formats, and structures are correct and match the tool's expected schema.
]
"
True,0.9,"[
	The agent correctly selected the 'create_session' tool, which is the only appropriate tool for establishing a new network slice reservation. The arguments were properly constructed: maxNumOfDevices set to 1100, upStreamRatePerDevice set to {value: 600, unit: 'kbps'}, and all unspecified fields (serviceTime, serviceArea, downStreamRatePerDevice, downStreamDelayBudget, upStreamDelayBudget) correctly set to null. The agent followed all the rules: it used the user-provided unit 'kbps' without asking, didn't fabricate any values, and kept unspecified fields as null. No unnecessary tool calls were made.
	The agent correctly called create_session with well-formed arguments matching the tool's expected schema. Specifically: (1) serviceTime is null as the user didn't specify it - correct per rules. (2) serviceArea is null as the user didn't specify it - correct per rules. (3) maxNumOfDevices is 1100, matching the user's request for 1100 devices. (4) upStreamRatePerDevice has value 600 and unit 'kbps', correctly matching the user's '600 kbps' uplink rate specification. (5) downStreamRatePerDevice is null since the user only mentioned uplink - correct per rules. (6) downStreamDelayBudget and upStreamDelayBudget are both null since no latency was mentioned - correct per rules. All argument types, structures, and values are properly aligned with both the tool schema and the user's request. The only minor note is that the tool was invoked as a function_call in the response rather than through MCP primitives directly, but the arguments themselves are fully correct and well-formed.
]
"
True,0.65,"[
	The agent correctly selected the 'create_session' tool, which is the appropriate tool for deploying a network slice reservation. The parameters were mostly correct: upStreamRatePerDevice was set to 350 Mbps as requested, serviceTime and serviceArea were correctly null, maxNumOfDevices was null (not specified by user), and downStreamRatePerDevice was null. However, there is an issue with the latency handling. The user said 'latency of 20 ms' without specifying upstream or downstream direction. The agent placed it only in upStreamDelayBudget while leaving downStreamDelayBudget null. A more reasonable interpretation of a general 'latency' requirement would be to apply it to both upstream and downstream delay budgets, or at minimum the agent could have asked for clarification. The unit 'Milliseconds' was correctly inferred from 'ms'. The tool selection itself was correct - create_session is the right tool for this task.
	The agent called create_session with mostly correct arguments. The upStreamRatePerDevice was correctly set to {value: 350, unit: 'Mbps'} matching the user's '350 Mbps uplink'. The serviceTime, serviceArea, maxNumOfDevices, and downStreamRatePerDevice were correctly set to null since the user didn't specify them. However, there is a notable issue: the user said 'latency of 20 ms' without specifying uplink vs downlink, yet the agent placed it only in upStreamDelayBudget and left downStreamDelayBudget as null. A general 'latency' mention arguably should apply to both upstream and downstream delay budgets, or at minimum the agent should have clarified. The unit 'Milliseconds' for the delay budget is correct per rule 6 (the user said 'ms' which is milliseconds). The value 20 is correct. The structure and types of all arguments match the expected schema. The partial score reflects the ambiguity in placing the latency only in the upstream delay budget when the user's request was for general latency.
]
"
True,0.65,"[
	The agent correctly selected the 'create_session' tool, which is the appropriate tool for creating a network slice reservation. The parameters were mostly well-populated: maxNumOfDevices=90, downStreamDelayBudget with value=3 and unit='Milliseconds' (correctly interpreting 'ms' as Milliseconds per rule 6). serviceTime and serviceArea were correctly set to null since the user didn't specify them. downStreamRatePerDevice, upStreamRatePerDevice, and upStreamDelayBudget were correctly set to null. However, the user said 'packet delay budget of 3 ms' which is a general delay budget - it could be argued this should apply to both downstream and upstream delay budgets, not just downstream. The agent only set downStreamDelayBudget, leaving upStreamDelayBudget as null. This is a reasonable interpretation but slightly debatable. The tool selection itself was perfect - create_session is the only appropriate tool for this task.
	The agent called create_session with mostly correct arguments. The maxNumOfDevices was correctly set to 90, and the downStreamDelayBudget was correctly set to {value: 3, unit: 'Milliseconds'} matching the user's '3 ms' specification (rule 6 says assume Milliseconds if no unit, but 'ms' clearly maps to Milliseconds anyway). serviceTime and serviceArea are correctly null-like (with null sub-fields) since the user didn't specify them. downStreamRatePerDevice, upStreamRatePerDevice, and upStreamDelayBudget are correctly null since the user didn't specify them. However, the user said 'packet delay budget of 3 ms' without specifying downstream vs upstream — this is ambiguous and could reasonably apply to both downstream and upstream delay budgets. The agent only set downStreamDelayBudget and left upStreamDelayBudget as null, which is a partial interpretation. A more complete interpretation would set both delay budgets to 3 ms since 'packet delay budget' is a general term. The argument types and structure are all well-formed and match the expected schema.
]
"
True,0.95,"[
	The agent correctly selected the 'create_session' tool, which is the only appropriate tool for provisioning a new network slice. The arguments were properly constructed: maxNumOfDevices set to 2000, upStreamRatePerDevice set to {value: 500, unit: 'kbps'}, and all unspecified fields (serviceTime, serviceArea, downStreamRatePerDevice, downStreamDelayBudget, upStreamDelayBudget) correctly set to null. The user provided 'kbps' as the unit, so the agent correctly reused it without asking. No unnecessary tool calls were made.
	The agent correctly called `create_session` with well-formed arguments that match the tool's expected schema. Specifically: (1) `serviceTime` is null as the user didn't specify it — correct per rules. (2) `serviceArea` is null as the user didn't specify it — correct per rules. (3) `maxNumOfDevices` is 2000, matching the user's request for 2000 devices. (4) `upStreamRatePerDevice` has value 500 and unit 'kbps', correctly reflecting the user's '500 kbps' uplink rate specification. (5) `downStreamRatePerDevice` is null since the user only mentioned uplink — correct per the rule to not fabricate values. (6) `downStreamDelayBudget` and `upStreamDelayBudget` are both null since no latency was mentioned — correct. All types are correct (integers for numeric values, strings for units, nulls where appropriate). The only minor note is that the unit 'kbps' is a valid enum value in `RateUnitEnum`. The arguments are fully aligned with the user's request and the tool's schema.
]
"