success,score,reason
True,0.85,"[
	The agent correctly selected the 'create_session' tool, which is the only appropriate tool for creating a network slice reservation. The parameters were well-mapped: maxNumOfDevices=40, downStreamRatePerDevice with value=120 and unit='Mbps', downStreamDelayBudget with value=15 and unit='Milliseconds' (correctly interpreting 'ms' as Milliseconds). Fields not specified by the user (serviceTime, serviceArea, upStreamRatePerDevice, upStreamDelayBudget) were correctly set to null. The only minor consideration is that the user mentioned 'transmitting live footage' which could imply upstream rates are more relevant than downstream, but the user explicitly said 'downstream rates of 120 Mbps', so the agent correctly followed the user's explicit specification. The tool selection and parameter population were appropriate and accurate.
	The agent correctly structured the `create_session` call with proper types and formats. The `maxNumOfDevices` (40), `downStreamRatePerDevice` ({value: 120, unit: 'Mbps'}), and `downStreamDelayBudget` ({value: 15, unit: 'Milliseconds'}) all match the user's request. The `serviceTime` and `serviceArea` are correctly null since the user didn't specify them. The `upStreamRatePerDevice` and `upStreamDelayBudget` are correctly null. However, there is a notable concern: the user described video journalists 'transmitting live footage,' which strongly implies upstream/uplink usage (uploading video streams). The 120 Mbps rate was described as 'downstream rates,' so the agent correctly placed it in `downStreamRatePerDevice`. Similarly, the 'packet delay budget' was placed in `downStreamDelayBudget`, which is reasonable given the user said 'downstream.' Following the rules about not fabricating values, the agent correctly did not populate upstream fields. The unit 'Milliseconds' for the delay budget is correct per rule 6 (the user said 'ms' which maps to Milliseconds). All argument types, structures, and values are well-formed and match the schema. The slight deduction is because the user's use case semantically suggests upstream is more critical for live footage transmission, but the user explicitly said 'downstream rates,' so the agent followed the literal request correctly. Overall, the arguments are appropriate and well-aligned with both the tool schema and user specifications.
]
"
True,0.85,"[
	The agent correctly selected the 'create_session' tool, which is the only appropriate tool for provisioning a network slice reservation. The parameters were well-mapped: uplink rate of 50 Mbps, downstream rate of 100 Mbps, and latency of 20ms (correctly assumed as Milliseconds per rule 6, applied to both upstream and downstream delay budgets). The unit 'Mbps' was correctly reused from the user's input without asking again (rule 4). Fields not specified by the user (serviceTime, serviceArea, maxNumOfDevices) were correctly left as null (rules 1, 5, 8). The only minor consideration is whether applying the 20ms latency cap to both upstream and downstream delay budgets is the most faithful interpretation of 'latency capped at 20 ms' — it's a reasonable interpretation since the user didn't specify direction for latency, and capping both is a safe approach. Overall, the tool selection and parameter population were appropriate and correct.
	The agent correctly called `create_session` with well-structured arguments that match the tool's expected schema. The `serviceTime` and `serviceArea` are correctly set to null (user didn't specify them). The `maxNumOfDevices` is correctly null (user said 'per device' but didn't specify a count). The `downStreamRatePerDevice` (100 Mbps) and `upStreamRatePerDevice` (50 Mbps) correctly match the user's request with proper units. The latency of 20 ms is correctly applied with 'Milliseconds' unit. However, the user said 'latency capped at 20 ms' without distinguishing between upstream and downstream latency — the agent applied it to both `downStreamDelayBudget` and `upStreamDelayBudget`, which is a reasonable interpretation but could be debated. The unit for delay budget uses 'Milliseconds' which matches the TimeUnitEnum. The user provided 'ms' which the agent correctly interpreted as Milliseconds per rule 6. All types and structures conform to the schema. Minor deduction because the user's latency specification was general ('latency capped at 20 ms') and applying it to both directions is a reasonable but slightly interpretive choice.
]
"
True,0.95,"[
	The agent correctly selected the 'create_session' tool, which is the only appropriate tool for creating a network slice reservation. The parameters were accurately populated: maxNumOfDevices=300, downStreamRatePerDevice with value=80 and unit='Mbps', downStreamDelayBudget with value=25 and unit='Milliseconds' (correctly interpreting 'ms' as Milliseconds). Fields not specified by the user (serviceTime, serviceArea, upStreamRatePerDevice, upStreamDelayBudget) were correctly set to null, following the rules about not fabricating values. The tool selection and parameter mapping are entirely correct.
	The agent correctly constructed the `create_session` tool call with well-formed arguments that match the schema and the user's request. Specifically: (1) `maxNumOfDevices` is set to 300 as requested. (2) `downStreamRatePerDevice` is set to `{value: 80, unit: 'Mbps'}`, correctly matching '80 Mbps'. (3) `downStreamDelayBudget` is set to `{value: 25, unit: 'Milliseconds'}`, correctly interpreting '25 ms' as milliseconds. (4) `serviceTime` and `serviceArea` are correctly set to null since the user didn't specify them. (5) `upStreamRatePerDevice` and `upStreamDelayBudget` are set to null since the user didn't specify them. All types match the expected schema (integers for values, correct enum strings for units). The only minor note is that `downStreamDelayBudget` uses a `Duration` type where the `unit` field expects a `TimeUnitEnum` value — 'Milliseconds' is a valid enum value. Everything aligns with the user's request and the tool's expected input schema.
]
"
True,0.95,"[
	The agent correctly selected the 'create_session' tool, which is the only appropriate tool for deploying a network slice reservation. The parameters were well-mapped: downstream throughput of 300 Mbps was correctly set with value 300 and unit 'Mbps', latency of 10 ms was correctly interpreted as a downStreamDelayBudget with value 10 and unit 'Milliseconds' (following rule 6 since 'ms' was provided). Fields not specified by the user (serviceTime, serviceArea, maxNumOfDevices, upStreamRatePerDevice, upStreamDelayBudget) were correctly left as null, adhering to rule 8. The only minor consideration is whether the latency should also apply to upStreamDelayBudget since the user said 'latency not exceeding 10 ms' without specifying direction, but the agent's interpretation of applying it only to downstream is a reasonable default given the user specifically mentioned 'downstream throughput'. Overall, excellent tool selection and parameter mapping.
	The agent correctly constructed the `create_session` tool call with well-formed arguments that align with both the user's request and the tool's expected schema. Specifically: (1) `downStreamRatePerDevice` was set to `{value: 300, unit: 'Mbps'}`, matching the user's '300 Mbps per device' downstream throughput requirement. (2) `downStreamDelayBudget` was set to `{value: 10, unit: 'Milliseconds'}`, correctly interpreting '10 ms' as 10 Milliseconds per rule 6. (3) `serviceTime`, `serviceArea`, `maxNumOfDevices`, `upStreamRatePerDevice`, and `upStreamDelayBudget` were all set to `null`, which is correct since the user did not specify these values (rules 1, 5, 8). All argument types match the schema expectations: Rate objects have `value` (integer) and `unit` (RateUnitEnum), Duration objects have `value` (integer) and `unit` (TimeUnitEnum). The only minor consideration is that the user mentioned 'latency not exceeding 10 ms' which could arguably apply to both downstream and upstream delay budgets, but since the user didn't explicitly mention upstream, leaving `upStreamDelayBudget` as null follows rule 8 about not fabricating values. The arguments are well-structured and appropriate.
]
"
True,0.95,"[
	The agent correctly selected the 'create_session' tool, which is the only appropriate tool for establishing a new network slice reservation. The parameters were populated accurately: maxNumOfDevices set to 500 as specified, downStreamRatePerDevice set to 60 Mbps matching the user's request with the correct unit, and all unspecified fields (serviceTime, serviceArea, upStreamRatePerDevice, downStreamDelayBudget, upStreamDelayBudget) were correctly left as null following the rules about not fabricating values. The agent properly recognized 'Mbps' as a valid unit and did not ask for clarification. No unnecessary or incorrect tool calls were made.
	The agent correctly called `create_session` with well-formed arguments that match the tool's expected schema. Specifically: (1) `serviceTime` is null as the user didn't specify any time period — correct per rules. (2) `serviceArea` is null as the user didn't specify a geographic area — correct per rules. (3) `maxNumOfDevices` is set to 500, matching the user's request for 500 devices. (4) `downStreamRatePerDevice` has value 60 and unit 'Mbps', correctly reflecting the user's '60 Mbps' specification. The unit 'Mbps' is a valid enum value in `RateUnitEnum`. (5) `upStreamRatePerDevice`, `downStreamDelayBudget`, and `upStreamDelayBudget` are all null since the user didn't specify them — correct per the rule to not fabricate values. All required fields in the schema are present and properly typed. The only minor observation is that the value 60 is within the allowed range (0-1024) for the Rate value field. Everything aligns with the user's request and the tool's expected input schema.
]
"
True,0.95,"[
	The agent correctly selected the 'create_session' tool, which is the only appropriate tool for creating a network slice reservation. The parameters were filled accurately: downstream rate set to 150 Mbps as specified, packet delay budget set to 15 ms with 'Milliseconds' unit (correctly interpreting 'ms'), and all unspecified fields (serviceTime, serviceArea, maxNumOfDevices, upStreamRatePerDevice, upStreamDelayBudget) were left as null per the rules. The agent properly reused the user-provided unit 'Mbps' without asking again, and correctly mapped 'packet delay budget' to 'downStreamDelayBudget'. The only minor consideration is whether the delay budget should also apply to upstream, but since the user said 'packet delay budget' without specifying direction, mapping it to downstream only is a reasonable conservative interpretation. Overall, excellent tool selection and parameter population.
	The agent correctly constructed the `create_session` tool call with well-formed arguments that match the schema expectations. Specifically: (1) `serviceTime` and `serviceArea` are correctly set to `null` since the user didn't specify them, following the rules. (2) `maxNumOfDevices` is correctly `null` since the user didn't specify a number of devices. (3) `downStreamRatePerDevice` is correctly set to `{value: 150, unit: 'Mbps'}`, matching the user's '150 Mbps downstream per device'. (4) `upStreamRatePerDevice` is correctly `null` since the user didn't specify upstream. (5) `downStreamDelayBudget` is correctly set to `{value: 15, unit: 'Milliseconds'}`, matching the user's '15 ms' packet delay budget. The user said 'packet delay budget of 15 ms' without specifying upstream vs downstream explicitly, but mapping it to `downStreamDelayBudget` is a reasonable interpretation given the context of prioritizing user experience (which is typically downstream-focused). (6) `upStreamDelayBudget` is correctly `null`. All types match the schema (integers for values, correct enum strings for units). The only minor consideration is whether 'packet delay budget' should have been applied to both downstream and upstream delay budgets, but the agent's interpretation is reasonable. All required fields in the schema are present.
]
"
True,0.95,"[
	The agent correctly selected the 'create_session' tool, which is the only appropriate tool for provisioning a new network slice reservation. The tool was called with the correct parameters: maxNumOfDevices set to 800, upStreamRatePerDevice set to {value: 40, unit: 'Mbps'}, and all other fields (serviceTime, serviceArea, downStreamRatePerDevice, downStreamDelayBudget, upStreamDelayBudget) correctly left as null since the user did not specify them. The agent properly followed all the rules: it didn't fabricate values, correctly reused the 'Mbps' unit provided by the user without asking again, and kept unspecified fields as null.
	The agent correctly called `create_session` with well-formed arguments that match the tool's expected schema. Specifically: (1) `serviceTime` is null as the user didn't specify any time period — correct per rules. (2) `serviceArea` is null as the user didn't specify a geographic area — correct per rules. (3) `maxNumOfDevices` is set to 800, matching the user's request for 'up to 800 devices'. (4) `upStreamRatePerDevice` is set to `{value: 40, unit: 'Mbps'}`, correctly reflecting the user's '40 Mbps' uplink rate with the unit already provided. (5) `downStreamRatePerDevice` is null since the user only mentioned uplink rates — correct per the rule to not fabricate values. (6) Both delay budgets are null since no latency was mentioned — correct. All argument types match the schema expectations (integers for values, strings for units, nulls where appropriate). The only minor consideration is that 'Mbps' is a valid enum value in `RateUnitEnum`, so that's correct. The arguments are fully aligned with the user's request and the tool's input schema.
]
"
True,0.95,"[
	The agent correctly selected the 'create_session' tool, which is the only appropriate tool for creating a network slice reservation. The parameters were well-mapped: downstream rate set to 100 Mbps as specified, latency (downStreamDelayBudget) set to 20 Milliseconds (correctly assuming ms unit per rule 6), and all unspecified fields (serviceTime, serviceArea, maxNumOfDevices, upStreamRatePerDevice, upStreamDelayBudget) were correctly left as null per the rules. The agent did not fabricate any values and correctly interpreted the user's 'latency around 20 ms' as a downstream delay budget. The only minor consideration is whether latency should also apply to upstream, but since the user said 'latency' generically and the agent chose downstream (which aligns with the downstream throughput context of cloud-based applications), this is a reasonable interpretation.
	The agent correctly called `create_session` with well-formed arguments that match the tool's expected schema. The `body` object includes `serviceTime: null`, `serviceArea: null`, and a `sliceQosProfile` with appropriate fields. The downstream rate is correctly set to `{value: 100, unit: 'Mbps'}` matching the user's '100 Mbps downstream per device'. The downstream delay budget is `{value: 20, unit: 'Milliseconds'}` which correctly interprets '20 ms' as milliseconds. Fields not specified by the user (`maxNumOfDevices`, `upStreamRatePerDevice`, `upStreamDelayBudget`) are correctly set to null, following the rule that all fields stay null unless specified. The only minor consideration is that the user said 'latency around 20 ms' without specifying downstream vs upstream explicitly — the agent chose to apply it only to `downStreamDelayBudget`, which is a reasonable interpretation for cloud-based applications (where downstream latency matters most for user experience), though one could argue it might apply to both directions. This is a minor interpretive choice rather than an argument error. All types, formats, and structures match the expected schema perfectly.
]
"
True,0.95,"[
	The agent correctly selected the 'create_session' tool, which is the only appropriate tool for creating a network slice reservation. The parameters were accurately populated: maxNumOfDevices=200, downStreamRatePerDevice with value=200 and unit='Mbps', downStreamDelayBudget with value=10 and unit='Milliseconds' (correctly interpreting 'ms' as Milliseconds). Fields not specified by the user (serviceTime, serviceArea, upStreamRatePerDevice, upStreamDelayBudget) were correctly set to null, following the rules about not fabricating values. The tool selection and parameter mapping are fully appropriate for the user's request.
	The agent correctly called `create_session` with well-formed arguments that match the tool's expected schema. Specifically: (1) `serviceTime` and `serviceArea` are correctly set to `null` since the user did not specify them. (2) `maxNumOfDevices` is correctly set to 200 as requested. (3) `downStreamRatePerDevice` is correctly set to `{value: 200, unit: 'Mbps'}`, matching the user's '200 Mbps downstream rates'. (4) `upStreamRatePerDevice` is correctly `null` since the user didn't specify upstream. (5) `downStreamDelayBudget` is set to `{value: 10, unit: 'Milliseconds'}`, correctly interpreting '10 ms' as 10 Milliseconds. (6) `upStreamDelayBudget` is correctly `null`. The only minor consideration is whether 'packet delay budget of 10 ms' should apply to both downstream and upstream or just downstream. The user said 'packet delay budget' generically without specifying direction, so one could argue it should apply to both. However, mapping it to only downstream is a reasonable conservative interpretation to avoid fabricating values. All types, formats, and structures match the schema perfectly.
]
"
True,0.95,"[
	The agent correctly selected the 'create_session' tool, which is the only appropriate tool for creating a network slice reservation. The parameters were well-mapped: downstream rate set to 90 Mbps (matching the user's specification with unit included), latency/delay budget set to 30 Milliseconds (correctly interpreting 'ms' as Milliseconds per rule 6), and all unspecified fields (serviceTime, serviceArea, maxNumOfDevices, upStreamRatePerDevice, upStreamDelayBudget) were correctly left as null following the rules about not fabricating values. The only minor consideration is that the user said 'latency below 30 ms' which could arguably apply to both downstream and upstream delay budgets, but mapping it to downStreamDelayBudget alone is a reasonable interpretation given the context of 'downstream speeds' being the primary focus. Overall, the tool selection and parameter population were appropriate and correct.
	The agent correctly constructed the `create_session` tool call with well-formed arguments that match the schema expectations. Specifically: (1) `serviceTime` and `serviceArea` are correctly set to `null` since the user did not specify them, following the rules. (2) `maxNumOfDevices` is correctly `null` since the user said 'per device' but did not specify a number of devices. (3) `downStreamRatePerDevice` is correctly set with value 90 and unit 'Mbps', matching the user's '90 Mbps' specification and the `RateUnitEnum` enum. (4) `downStreamDelayBudget` is correctly set with value 30 and unit 'Milliseconds' — the user said 'below 30 ms', and per rule 6, latency without explicit unit assumes Milliseconds (and 'ms' clearly maps to Milliseconds). (5) `upStreamRatePerDevice` and `upStreamDelayBudget` are correctly `null` since the user only mentioned downstream speeds and a general latency requirement. The only minor consideration is whether 'latency below 30 ms' should apply to both downstream and upstream delay budgets, since the user said 'latency' generically without specifying direction. However, mapping it to only `downStreamDelayBudget` is a reasonable interpretation for an eMBB use case, and the rules state fields should stay null unless specified. All types, formats, and structures match the tool's input schema perfectly.
]
"
True,0.95,"[
	The agent correctly selected the 'create_session' tool, which is the only appropriate tool for provisioning a new network slice reservation. The tool was called with the correct parameters: maxNumOfDevices set to 600, upStreamRatePerDevice set to {value: 35, unit: 'Mbps'}, and all unspecified fields (serviceTime, serviceArea, downStreamRatePerDevice, downStreamDelayBudget, upStreamDelayBudget) correctly set to null. The agent properly followed the rules by not fabricating values for unspecified fields, correctly reusing the user-provided unit 'Mbps' without asking again, and keeping service time and area as null since the user didn't specify them. No unnecessary or incorrect tool calls were made.
	The agent correctly called `create_session` with well-formed arguments that match the tool's expected schema. Specifically: (1) `serviceTime` is null as the user didn't specify a time period — correct per rules. (2) `serviceArea` is null as the user mentioned 'public square' but didn't provide specific geographic coordinates — correct per rules (service area stays null unless the user specifies it in a structured way). (3) `maxNumOfDevices` is 600, matching the user's request for 600 devices. (4) `upStreamRatePerDevice` has value 35 and unit 'Mbps', correctly matching the user's '35 Mbps' specification. (5) `downStreamRatePerDevice` is null since the user only specified uplink rates — correct per rule 8 (all fields stay null unless specified). (6) Both delay budgets are null since no latency was mentioned — correct. All argument types match the schema expectations (integers for values, strings for units, null for unspecified fields). The only minor consideration is whether 'Mbps' is a valid enum value — checking the RateUnitEnum, 'Mbps' is indeed listed. Everything aligns properly with the user's request and the tool's input schema.
]
"
True,0.95,"[
	The agent correctly selected the 'create_session' tool, which is the only appropriate tool for establishing a new network slice reservation. The tool parameters were filled accurately: downstream rate set to 120 Mbps as specified, packet delay budget set to 15 ms with 'Milliseconds' unit (correctly applied since 'ms' was provided), and all unspecified fields (serviceTime, serviceArea, maxNumOfDevices, upStreamRatePerDevice, upStreamDelayBudget) were correctly left as null following the rules. The agent did not fabricate any values and correctly mapped the user's 'packet delay budget' to 'downStreamDelayBudget'. No unnecessary tool calls were made.
	The agent correctly called `create_session` with well-formed arguments that match the tool's expected schema. The `body` object includes `serviceTime: null`, `serviceArea: null`, and a `sliceQosProfile` with appropriate fields. The downstream rate is correctly set to `{value: 120, unit: 'Mbps'}` matching the user's '120 Mbps downstream per device'. The packet delay budget of '15 ms' is correctly mapped to `downStreamDelayBudget: {value: 15, unit: 'Milliseconds'}`, following the rule that latency without explicit unit assumes Milliseconds (though 'ms' was provided, Milliseconds is the correct mapping). Fields not specified by the user (`maxNumOfDevices`, `upStreamRatePerDevice`, `upStreamDelayBudget`) are correctly set to null, adhering to the rule that all fields stay null unless specified. The only minor consideration is that 'packet delay budget' could arguably apply to both downstream and upstream, but mapping it to `downStreamDelayBudget` alone is a reasonable interpretation given the context of cloud desktops where downstream is the primary concern. All types, structures, and values are correct and well-aligned with the schema and user request.
]
"
True,0.9,"[
	The agent correctly selected the 'create_session' tool, which is the only appropriate tool for creating a network slice reservation. The parameters were well-mapped: downstream rate set to 500 Mbps as specified, latency (downStreamDelayBudget) set to 8 Milliseconds (correctly assuming ms unit per rule 6), and all unspecified fields (serviceTime, serviceArea, maxNumOfDevices, upStreamRatePerDevice, upStreamDelayBudget) were correctly left as null per the rules. The only minor consideration is whether the latency should also apply to upStreamDelayBudget since VR training is interactive and the user said 'latency capped at 8 ms' generically, but the agent's interpretation of applying it only to downstream is a reasonable default. Tool selection and usage were appropriate and correct.
	The agent correctly used the `create_session` tool with well-structured arguments that align with the user's request. Specifically: (1) `downStreamRatePerDevice` was set to `{value: 500, unit: 'Mbps'}`, matching the user's '500 Mbps downstream per device'. (2) `downStreamDelayBudget` was set to `{value: 8, unit: 'Milliseconds'}`, correctly interpreting '8 ms' as 8 Milliseconds (per rule 6, ms implies Milliseconds). (3) `serviceTime`, `serviceArea`, `maxNumOfDevices`, `upStreamRatePerDevice`, and `upStreamDelayBudget` are all correctly set to `null` since the user did not specify these values (per rules 1, 5, and 8). The argument types and structure match the expected schema: `Rate` objects have `value` (integer) and `unit` (RateUnitEnum), `Duration` objects have `value` (integer) and `unit` (TimeUnitEnum). One minor consideration: the user said 'latency capped at 8 ms' which could arguably apply to both downstream and upstream delay budgets, not just downstream. However, interpreting it as downstream-only is a reasonable default given the context of downstream-focused VR streaming. This slight ambiguity prevents a perfect score.
]
"
True,0.95,"[
	The agent correctly selected the 'create_session' tool, which is the only appropriate tool for creating a network slice reservation. The input parameters were accurately populated: maxNumOfDevices set to 150, downStreamRatePerDevice set to {value: 70, unit: 'Mbps'}, and all unspecified fields (serviceTime, serviceArea, upStreamRatePerDevice, downStreamDelayBudget, upStreamDelayBudget) were correctly left as null. The agent properly followed the rules by not fabricating values and correctly reusing the user-provided unit 'Mbps' without asking for clarification.
	The agent correctly called `create_session` with well-formed arguments that match the tool's expected schema. The `body` object includes `serviceTime: null`, `serviceArea: null`, and a `sliceQosProfile` with `maxNumOfDevices: 150`, `downStreamRatePerDevice: {value: 70, unit: 'Mbps'}`, and null values for `upStreamRatePerDevice`, `downStreamDelayBudget`, and `upStreamDelayBudget`. All of these align with the user's request: 150 devices, 70 Mbps downstream, and no other parameters specified. The `serviceTime` and `serviceArea` are correctly null since the user mentioned 'harbor area' only as a description, not as a defined geographic service area with coordinates. All required fields in the schema are present, types are correct (integer for value, string for unit), and the unit 'Mbps' matches the user's specification. The only minor consideration is whether 'harbor area' should have prompted a question about defining a service area, but per the rules, service area stays null unless the user specifies it in a structured way, so this is appropriate.
]
"
True,0.85,"[
	The agent correctly selected the 'create_session' tool, which is the only appropriate tool for deploying a network slice reservation. The parameters were well-mapped: downstream rate set to 80 Mbps (matching user's '80 Mbps downstream per device'), downStreamDelayBudget set to 25 Milliseconds (correctly assuming Milliseconds for the latency value as per rule 6), and all unspecified fields (serviceTime, serviceArea, maxNumOfDevices, upStreamRatePerDevice, upStreamDelayBudget) correctly left as null per the rules. The agent did not fabricate any values and correctly interpreted the user's requirements. The only minor consideration is that the user mentioned 'historical district' which could potentially map to a serviceArea, but since no specific geographic coordinates or area definition was provided, leaving it null is the correct behavior per rule 5.
	The agent correctly constructed the `create_session` call with well-formed arguments that match the tool's expected schema. The downstream rate was correctly set to {value: 80, unit: 'Mbps'} matching the user's '80 Mbps downstream per device'. The latency was correctly mapped to downStreamDelayBudget with {value: 25, unit: 'Milliseconds'}, which aligns with the user's '25 ms latency' and rule 6 (though the user did specify 'ms', the agent correctly used 'Milliseconds' which is the valid enum value). Fields not specified by the user (serviceTime, serviceArea, maxNumOfDevices, upStreamRatePerDevice, upStreamDelayBudget) were correctly set to null, following the rules about not fabricating values. One minor consideration: the user mentioned '25 ms latency' without specifying whether it's downstream or upstream. The agent reasonably assigned it to downStreamDelayBudget given the context of media consumption (which is primarily a downstream activity), though one could argue it should apply to both directions or that the agent should have asked for clarification. This is a reasonable interpretation given the context. All argument types, structures, and formats match the expected schema perfectly.
]
"
True,0.85,"[
	The agent correctly selected the 'create_session' tool, which is the only appropriate tool for provisioning a network slice reservation. The parameters were well-constructed: upStreamRatePerDevice was set to 200 Mbps as specified, the packet delay budget of 12 ms was correctly assigned to upStreamDelayBudget with 'Milliseconds' unit (following rule 6, and contextually appropriate since the user emphasized uplink capacity for a broadcast van). serviceTime, serviceArea, maxNumOfDevices, downStreamRatePerDevice, and downStreamDelayBudget were all correctly set to null since the user didn't specify them (following rules 1, 5, and 8). The only minor consideration is whether the 'packet delay budget' should have been applied to both upstream and downstream or just upstream - the user said 'packet delay budget' generically which could arguably apply to both directions, but given the broadcast van context emphasizing uplink, applying it to upStreamDelayBudget is a reasonable interpretation.
	The agent correctly constructed the `create_session` call with appropriate structure and types. The `upStreamRatePerDevice` was correctly set to `{value: 200, unit: 'Mbps'}` matching the user's request. The `serviceTime`, `serviceArea`, `maxNumOfDevices`, and `downStreamRatePerDevice` were correctly set to `null` since the user didn't specify them, following the rules. The `upStreamDelayBudget` was set to `{value: 12, unit: 'Milliseconds'}` which correctly applies rule 6 (assume Milliseconds when no unit given) — though the user did say '12 ms', which explicitly indicates milliseconds, so the result is the same either way. The one issue is the interpretation of 'packet delay budget of 12 ms'. The user said 'packet delay budget' without specifying upstream vs downstream. Given the context of a TV broadcast van prioritizing uplink capacity, mapping the delay budget to `upStreamDelayBudget` is a reasonable interpretation, but the user's phrasing 'packet delay budget' could also mean both upstream and downstream delay budgets should be set to 12 ms, or at minimum the agent could have asked for clarification. Setting only `upStreamDelayBudget` while leaving `downStreamDelayBudget` as null is a defensible but not perfectly certain interpretation. All argument types, formats, and structures match the tool's expected schema correctly.
]
"
True,0.95,"[
	The agent correctly selected the 'create_session' tool, which is the only appropriate tool for establishing a new network slice reservation. The parameters were populated accurately: maxNumOfDevices set to 250, downStreamRatePerDevice set to 100 Mbps (matching the user's specified unit), and all unspecified fields (serviceTime, serviceArea, upStreamRatePerDevice, downStreamDelayBudget, upStreamDelayBudget) were correctly left as null, adhering to the rules about not fabricating values. The tool choice and parameter mapping are both correct and complete.
	The agent correctly constructed the `create_session` tool call with well-formed arguments matching the schema. Specifically: (1) `serviceTime` is null as the user didn't specify it — correct per rules. (2) `serviceArea` is null as the user didn't specify it — correct per rules. (3) `maxNumOfDevices` is set to 250, matching the user's request for 250 devices. (4) `downStreamRatePerDevice` has value 100 and unit 'Mbps', correctly matching the user's '100 Mbps' specification. The unit 'Mbps' is a valid enum value in `RateUnitEnum`. (5) `upStreamRatePerDevice`, `downStreamDelayBudget`, and `upStreamDelayBudget` are all null since the user didn't specify them — correct per rules. All required fields in the schema are present and properly typed. The only minor note is that the Rate value of 100 is within the schema's maximum of 1024, so that's fine. The arguments are fully aligned with the user's request and the tool's expected input schema.
]
"
True,0.5,"[
	The agent did not use any tools, instead asking the user for upstream throughput information. According to the system rules (rule 8: 'All fields stay null unless the user specifies them, never fabricate values'), the agent should have proceeded to call 'create_session' with the provided downstream rate (150 Mbps) and downstream delay budget (20 ms, with unit 'Milliseconds' per rule 6), leaving upstream throughput as null since the user didn't specify it. The agent's decision to ask for upstream throughput contradicts the instructions, as unspecified fields should remain null. The correct action would have been to call 'create_session' immediately with the known parameters and null for everything else. However, the agent correctly identified the right tool ('create_session') conceptually and correctly parsed the user's requirements, which partially justifies the score.
	The agent did not invoke any tools/primitives. Instead, it asked the user for upstream throughput information. While the agent's rules state 'All fields stay null unless the user specifies them, never fabricate values,' the agent could have proceeded by setting upStreamRatePerDevice to null and calling create_session with the information already provided (downstream: 150 Mbps, latency: 20 ms as downStreamDelayBudget in Milliseconds, and all other unspecified fields as null). The user did not mention upstream throughput, so per the rules it should remain null. Since no primitives were used, there are no arguments to evaluate as correct or incorrect, but the agent missed an opportunity to correctly call the tool with the available information.
]
"
True,0.5,"[
	The agent did not use any tools. It asked the user for upstream throughput, which is not strictly necessary since rule 8 states 'All fields stay null unless the user specifies them, never fabricate values.' The user did not specify upstream throughput, so it should remain null. The agent could have proceeded to call 'create_session' with the provided downstream rate (120 Mbps), latency (10 ms as downstream delay budget in Milliseconds), and left upstream rate, upstream delay budget, service time, service area, and max devices as null. The decision to ask for upstream throughput rather than calling the tool was incorrect per the system instructions, though the agent correctly identified the right tool (create_session) would be needed. Partial credit for not making an incorrect tool call, but it should have proceeded with the available information.
	The agent did not invoke any tools/primitives. Instead, it asked the user for upstream throughput information. While the user did not specify upstream throughput, the system rules (rule 8) state that all fields stay null unless the user specifies them. The agent could have proceeded by calling create_session with upStreamRatePerDevice set to null, downstream set to 120 Mbps, downStreamDelayBudget set to 10 Milliseconds, serviceTime and serviceArea as null (per rules 5 and 8), and maxNumOfDevices as null (per rule 3). Since no primitives were actually used, there are no arguments to evaluate as incorrect, but the agent failed to make the tool call it should have made with the information already available. The score reflects that while no incorrect arguments were passed, the agent unnecessarily delayed by asking for information that should have been left null.
]
"
True,0.5,"[
	The agent did not use any tools. It asked the user for upstream throughput, but per the system rules (rules 7 and 8), all fields should stay null unless the user specifies them. The user only specified downstream throughput and packet delay budget. The agent should have proceeded to call 'create_session' with the provided values (downstream: 90 Mbps, delay budget: 10 ms) and left upstream and other unspecified fields as null, rather than asking for additional information that wasn't required. The correct action would have been to invoke 'create_session' immediately with the known parameters.
	The agent did not invoke any tools. Instead, it asked the user for upstream throughput information. While the user only specified downstream and packet delay budget, the system rules state 'All fields stay null unless the user specifies them, never fabricate values.' This means the agent should have proceeded to call create_session with upstream set to null rather than asking for it. The user's request had enough information to make the tool call with: downstream 90 Mbps, packet delay budget 10 ms (applied to both or at least downstream delay budget), and all other fields as null. Since no primitives were used, no arguments can be evaluated as correct or incorrect, but the agent should have called the tool with the available information rather than requesting additional input that wasn't required.
]
"
True,0.5,"[
	The agent did not use any tools. It asked the user for downstream throughput, which is not required per the system rules (rule 8: 'All fields stay null unless the user specifies them, never fabricate values'). The user only specified uplink rate and packet delay budget. The agent should have proceeded to call 'create_session' with the provided values (upstream rate: 20 Mbps, packet delay budget: 3 ms) and left downstream rate as null, rather than asking for additional information that wasn't provided by the user. The correct action would have been to invoke 'create_session' immediately with the available parameters.
	The agent did not invoke any tools. Instead, it asked the user for downstream throughput information. While the rules state 'All fields stay null unless the user specifies them, never fabricate values,' the agent could have proceeded by setting downStreamRatePerDevice to null and calling create_session with the information already provided (upstream rate of 20 Mbps, packet delay budget of 3 ms, and null for unspecified fields). The user did not mention downstream throughput, so per the rules it should remain null. The agent's decision to ask rather than proceed means no tool arguments can be evaluated, but the failure to call the tool with appropriate null values for unspecified fields represents a missed opportunity to correctly use the available primitives.
]
"
True,0.5,"[
	The agent did not use any tools. According to the system rules (rule 8: 'All fields stay null unless the user specifies them, never fabricate values'), the upstream throughput was not specified by the user, so it should remain null. The agent should have proceeded to call 'create_session' with the provided values (60 devices, 5ms latency as downStreamDelayBudget, 30 Mbps downstream) and left upStreamRatePerDevice as null, rather than asking for upstream throughput. The tool schema allows null for upStreamRatePerDevice. The agent's decision to ask a follow-up question instead of calling create_session was incorrect given the rules, resulting in no tool usage when create_session should have been called.
	The agent did not invoke any tools. Instead, it asked the user for upstream throughput information. While the agent correctly identified the user's specified parameters (60 devices, 5 ms latency, 30 Mbps downstream), the tool schema allows upstream-related fields to be null. According to the system rules (rule 8: 'All fields stay null unless the user specifies them, never fabricate values'), the agent could have proceeded by calling create_session with upStreamRatePerDevice set to null and upStreamDelayBudget set to null, since the user did not specify upstream values. The agent's decision to ask for upstream throughput rather than proceeding with the available information means no tool arguments can be evaluated, but the failure to call the tool when sufficient information was available (with unspecified fields set to null) represents a missed opportunity to correctly use the tool with appropriate arguments.
]
"
True,0.5,"[
	The agent correctly did not call any tools yet, as it recognized it needed to gather more information before making the create_session call. However, the agent's decision to ask for downstream throughput is questionable. According to the system rules (rule 8: 'All fields stay null unless the user specifies them, never fabricate values'), the downstream throughput should simply remain null since the user didn't specify it. The agent should have proceeded to call create_session with the provided values (uplink throughput of 25 Mbps, latency of 2 ms as both upstream and downstream delay budget or just upstream depending on interpretation) and left unspecified fields as null. The agent's restraint in not fabricating values is good, but asking for a field the user didn't mention rather than leaving it null goes against the instructions.
	The agent did not invoke any tools/primitives. Instead, it asked the user for downstream throughput information. While the agent's rules state 'All fields stay null unless the user specifies them, never fabricate values,' the downstream throughput was not mentioned by the user and therefore should have been set to null. The agent could have proceeded to call 'create_session' with the provided uplink throughput (25 Mbps), latency (2 ms as Milliseconds for both upstream and downstream delay budgets or just upstream), and null for unspecified fields (serviceTime, serviceArea, maxNumOfDevices, downStreamRatePerDevice). Since no primitives were actually used, there are no argument correctness issues to evaluate, but the agent failed to make the tool call it should have made with the information already available.
]
"
True,0.5,"[
	The agent did not use any tools, instead choosing to ask the user for upstream throughput information. This is a reasonable decision since the user only specified downstream throughput and packet delay budget. According to the system rules (rule 8: 'All fields stay null unless the user specifies them, never fabricate values'), the agent could have proceeded by calling create_session with upStreamRatePerDevice set to null, since the user didn't specify upstream throughput. The agent's decision to ask for upstream is somewhat justified from a practical standpoint (remote crane operation likely needs upstream), but per the strict rules, it should have left unspecified fields as null and proceeded with the tool call. The agent should have called create_session with the known values (50 Mbps downstream, 1 ms delay budget as Milliseconds) and null for everything else not specified.
	The agent did not invoke any tools/primitives. Instead, it asked the user for upstream throughput information. While the user only specified downstream (50 Mbps) and packet delay budget (1 ms), the tool's SliceQosProfile schema requires 'upStreamRatePerDevice' as a required field. However, per the system rules (rule 8: 'All fields stay null unless the user specifies them, never fabricate values'), the agent could have passed null for upStreamRatePerDevice and proceeded with the tool call using the information already provided (downstream: 50 Mbps, delay budget: 1 ms with unit Milliseconds, and null for unspecified fields). The agent's decision to ask rather than call the tool with null for the unspecified upstream field means no primitives were used, so there are no arguments to evaluate as correct or incorrect. The score reflects that the agent could have reasonably proceeded with a tool call using the available information.
]
"
True,0.5,"[
	The agent did not use any tools. While it correctly identified the user's requirements (120 devices, 4 ms latency), it asked for downstream and upstream throughput values before proceeding. According to the system rules (rule 8: 'All fields stay null unless the user specifies them, never fabricate values'), the agent should have proceeded to call 'create_session' with the provided values (maxNumOfDevices=120, downStreamDelayBudget and upStreamDelayBudget set to 4 Milliseconds) and left throughput fields as null, since the user did not specify them. The agent unnecessarily asked for information that wasn't required, delaying the task instead of using the create_session tool with the available information.
	The agent did not invoke any tools/primitives. Instead, it asked the user for downstream and upstream throughput values. While the agent correctly identified the user's specified parameters (120 devices, 4 ms latency), per the system rules (rule 8: 'All fields stay null unless the user specifies them, never fabricate values'), the agent could have proceeded to call create_session with the known values (maxNumOfDevices=120, downStreamDelayBudget={value:4, unit:'Milliseconds'}, upStreamDelayBudget={value:4, unit:'Milliseconds'}) and set throughput fields to null since the user didn't specify them. The user said 'latency not exceeding 4 ms' which covers both upstream and downstream delay budgets. The agent's decision to ask for throughput instead of setting those fields to null contradicts rule 8. Since no primitives were actually used, there are no arguments to evaluate as incorrect, but the agent should have called the tool with appropriate null values for unspecified fields rather than asking unnecessary follow-up questions.
]
"
True,0.5,"[
	The agent did not use any tools, which is appropriate at this stage. The user specified uplink rate (40 Mbps) and latency (under 5 ms), but the create_session tool requires both downstream and upstream rate fields. The agent correctly identified that downstream throughput was not specified and asked the user for clarification. However, per the system rules (rule 8: 'All fields stay null unless the user specifies them, never fabricate values'), the agent could have proceeded by setting downStreamRatePerDevice to null and calling create_session directly, since the user didn't specify a downstream rate. The latency mentioned ('under 5 ms') is also ambiguous - it could apply to upstream, downstream, or both delay budgets - but the agent didn't ask about this distinction either. The agent's decision to ask for downstream throughput rather than proceeding with null is a reasonable but slightly overcautious approach that delays fulfilling the request.
	The agent did not use any tools/primitives. While it correctly identified the user's uplink rate (40 Mbps) and latency (5 ms with 'Milliseconds' unit per rule 6), it asked for downstream throughput before proceeding. According to the system rules, all fields stay null unless the user specifies them (rule 8), and downstream throughput was not mentioned by the user. The agent should have proceeded to call create_session with downStreamRatePerDevice set to null, upStreamRatePerDevice set to {value: 40, unit: 'Mbps'}, and latency fields set appropriately (e.g., upStreamDelayBudget: {value: 5, unit: 'Milliseconds'}), with serviceTime, serviceArea, maxNumOfDevices, and downStreamDelayBudget as null. Since no primitives were actually invoked, we cannot evaluate argument correctness directly, but the failure to call the tool when sufficient information was available (per the rules) represents a missed opportunity. The score reflects that no tool arguments can be evaluated.
]
"
True,0.5,"[
	The agent did not use any tools, instead asking the user for upstream throughput information. However, according to the system rules (rule 8: 'All fields stay null unless the user specifies them, never fabricate values'), the agent should have proceeded to call 'create_session' with the provided downstream rate (60 Mbps) and packet delay budget (3 ms), leaving upstream throughput as null since the user didn't specify it. The agent unnecessarily asked for additional information that wasn't required, delaying the fulfillment of the request. The correct action would have been to call 'create_session' with downStreamRatePerDevice={value:60, unit:'Mbps'}, a delay budget of {value:3, unit:'Milliseconds'}, and null for all unspecified fields.
	The agent did not use any tools/primitives. Instead, it asked the user for upstream throughput information. While the user did not specify upstream throughput, according to the rules (rule 8: 'All fields stay null unless the user specifies them, never fabricate values'), the agent should have proceeded to call the create_session tool with upStreamRatePerDevice set to null rather than asking for information the user didn't mention. The user provided downstream rate (60 Mbps) and packet delay budget (3 ms), which is sufficient to make the tool call with other unspecified fields as null. The agent's decision to ask for upstream throughput contradicts the instruction to keep unspecified fields null. However, since no tools were actually called with incorrect arguments, the score reflects the missed opportunity to correctly invoke the tool rather than an outright argument error.
]
"
True,0.5,"[
	The agent did not use any tools. It asked the user for downstream and upstream throughput values before proceeding. According to the rules, 'All fields stay null unless the user specifies them, never fabricate values.' The user did not specify throughput values, so those fields should remain null. The agent should have called 'create_session' with maxNumOfDevices=300, downStreamDelayBudget={value:4, unit:'Milliseconds'}, upStreamDelayBudget={value:4, unit:'Milliseconds'} (since the user said 'latency capped at 4 ms' which implies both directions), and null for throughput fields, serviceTime, and serviceArea. Instead, the agent unnecessarily asked for information that should have been left null, delaying the task completion.
	The agent did not use any MCP primitives/tools. Instead, it asked the user for downstream and upstream throughput values. According to the rules, all fields stay null unless the user specifies them (rule 8), and the user only specified 300 devices and 4 ms latency. The agent could have proceeded by calling 'create_session' with maxNumOfDevices=300, downStreamDelayBudget={value:4, unit:'Milliseconds'}, upStreamDelayBudget={value:4, unit:'Milliseconds'}, and null for throughput fields. Since no tools were invoked, there are no arguments to evaluate as incorrect, but the agent failed to make the appropriate tool call with the information already available. The score reflects that while no incorrect arguments were passed (since none were passed at all), the agent unnecessarily delayed the task by asking for information that should have remained null per the rules.
]
"
True,0.5,"[
	The agent correctly did not call any tools yet, as it recognized it needed to gather more information before making the create_session call. However, based on the system rules (rule 8: 'All fields stay null unless the user specifies them, never fabricate values'), the agent should have proceeded to call create_session with downstream rate set to null rather than asking the user for downstream throughput. The user only specified uplink rates, so downstream should remain null. The agent's decision to ask for downstream throughput was unnecessary and slightly violates the instructions, but the overall approach of intending to use create_session is correct.
	The agent did not invoke any tools/primitives. Instead, it asked the user for downstream throughput information before proceeding. While the agent correctly identified the user's specified parameters (80 devices, latency below 5 ms, uplink 30 Mbps), the system rules state 'All fields stay null unless the user specifies them, never fabricate values.' This means the agent could have proceeded by calling create_session with downStreamRatePerDevice set to null, since the user did not specify it. The agent's decision to ask for downstream throughput rather than leaving it null and making the tool call is a reasonable interpretation but conflicts with rule 8. Since no primitives were actually used, there are no arguments to evaluate as incorrect, but the agent should have called the tool with the available information, setting unspecified fields to null.
]
"
False,0.2,"[
	The agent did not use any tools. According to the system rules, fields stay null unless the user specifies them (rule 8), and downlink throughput, number of devices, and downlink delay budget are not required values (rules 1, 2, 3). The agent should have called 'create_session' with the provided uplink throughput (10 Mbps), packet delay budget (6 ms as upStreamDelayBudget), and null for all unspecified fields (serviceTime, serviceArea, maxNumOfDevices, downStreamRatePerDevice, downStreamDelayBudget). Instead, the agent incorrectly asked for additional information that the rules explicitly say should remain null when not provided by the user.
	The agent did not invoke any tools. Instead, it asked the user for additional information (downlink throughput, maximum number of devices, downlink delay budget). According to the system rules, all fields should stay null unless the user specifies them, and the number of devices is not required. The agent should have called 'create_session' with the provided uplink throughput (10 Mbps) and a packet delay budget of 6 ms (applied as upStreamDelayBudget with unit 'Milliseconds'), while leaving unspecified fields as null. By not calling any tool, the agent failed to pass the correct arguments to the appropriate tool, though its hesitation is partially understandable given the tool schema marks several fields as 'required'. The score reflects that no tool arguments were passed at all when they should have been.
]
"
True,0.5,"[
	The agent did not use any tools. According to the system rules, fields not specified by the user should stay null. The user specified latency (5 ms) and downstream rate (25 Mbps). The agent should have called 'create_session' with those values populated and all other fields (maxNumOfDevices, upStreamRatePerDevice, upStreamDelayBudget, serviceTime, serviceArea) set to null, rather than asking follow-up questions about upstream rate, number of devices, and uplink delay budget. The rules explicitly state: 'All fields stay null unless the user specifies them, never fabricate values' and 'The number of devices (UEs), service time, and service area are not required values.' The latency of 5 ms could reasonably be applied to downStreamDelayBudget (the user said 'latency' generically, but the agent could have asked only about whether it applies to both directions rather than asking about unrelated fields). The agent's decision to ask about upstream rate and number of devices contradicts the instructions, and it should have proceeded with create_session using the provided values.
	The agent did not invoke any tools/primitives. While the agent asked clarifying questions about upstream rate, number of devices, and uplink delay budget, the system rules clearly state that all fields stay null unless the user specifies them (rule 8), the number of devices is not required (rule 1), and service time/area stay null unless specified (rule 5). The agent could have called create_session with the user-provided values (downstream rate of 25 Mbps, downstream delay budget of 5 ms with unit 'Milliseconds' per rule 6) and set unspecified fields to null. Since no primitives were used, there are no arguments to evaluate as correct or incorrect, but the agent should have proceeded with the tool call rather than asking unnecessary questions. This represents a missed opportunity to correctly pass arguments to the appropriate tool.
]
"
True,0.5,"[
	The agent did not use any tools, which is reasonable given that the user's request was missing required throughput information (downstream and upstream rates per device). The agent correctly identified the missing parameters and asked the user for clarification before making the create_session call. However, looking at the schema, downStreamRatePerDevice and upStreamRatePerDevice accept null values, so the agent could have proceeded with the create_session tool call using null for those fields while populating maxNumOfDevices (50) and both delay budgets (2 ms). Per the system rules, 'All fields stay null unless the user specifies them, never fabricate values' — this means unspecified throughput fields should be null, not that the agent must ask for them. The agent should have called create_session with the available information rather than asking for more details.
	The agent did not invoke any tools/primitives. While it correctly identified the user's specifications (50 devices, 2 ms latency) and asked for missing throughput information, it could have proceeded by calling create_session with the known parameters set and the unknown ones (downstream/upstream rates) set to null, since according to the system rules 'All fields stay null unless the user specifies them, never fabricate values.' The agent's decision to ask for clarification rather than making the tool call with null throughput values means no tool arguments can be evaluated, but the agent missed an opportunity to use the tool with the available information. The SliceQosProfile schema allows null values for downStreamRatePerDevice and upStreamRatePerDevice, so the agent could have proceeded with the call.
]
"
False,0.4,"[
	The agent did not use any tools. According to the system rules, fields stay null unless the user specifies them (rules 1, 5, 7, 8), and the number of devices is not required (rule 1). The user provided uplink rate (20 Mbps) and packet delay budget (7 ms). The agent should have called 'create_session' with upStreamRatePerDevice={value:20, unit:'Mbps'}, upStreamDelayBudget={value:7, unit:'Milliseconds'}, and null for all other unspecified fields (serviceTime, serviceArea, maxNumOfDevices, downStreamRatePerDevice, downStreamDelayBudget). Instead, the agent asked for downstream rate, max devices, and downlink delay budget — all of which should remain null per the rules. The agent incorrectly treated optional fields as required and failed to invoke the appropriate tool.
	The agent did not invoke any tools. Instead, it asked the user for additional information (downstream rate, maximum number of devices, downlink delay budget). According to the system rules, all fields stay null unless the user specifies them (rule 8), and the number of devices is not required (rule 1). The agent should have called 'create_session' with upStreamRatePerDevice set to {value: 20, unit: 'Mbps'}, upStreamDelayBudget set to {value: 7, unit: 'Milliseconds'}, and all other QoS fields (maxNumOfDevices, downStreamRatePerDevice, downStreamDelayBudget) set to null, with serviceTime and serviceArea also null. Since no tool was called, no arguments can be evaluated as correct or incorrect, but the failure to call the tool with the appropriate null-defaulted arguments represents a missed opportunity to correctly pass arguments. Partial credit is given because the agent correctly identified the uplink rate and delay budget values and units from the user's request.
]
"
True,0.5,"[
	The agent did not use any tools, which is appropriate at this stage since it needs to gather more information (downstream and upstream throughput rates) before calling create_session. However, looking at the rules, rule 8 states 'All fields stay null unless the user specifies them, never fabricate values.' The user did not specify throughput values, so those fields should remain null. The agent could have proceeded to call create_session with maxNumOfDevices=150, downStreamDelayBudget and upStreamDelayBudget set to 5ms, and null values for the throughput fields, serviceTime, and serviceArea. By asking for throughput values that the user never mentioned, the agent is unnecessarily delaying the task when it could have used the create_session tool with the available information. The tool schema shows these fields accept null values, so the agent should have called create_session directly.
	The agent did not invoke any tools/primitives. It correctly identified that it needs throughput information (downstream and upstream rates) before it can call create_session, since those are required fields in the SliceQosProfile schema. However, the agent could have proceeded by passing null values for the throughput fields (as the schema allows nullable values) while populating the fields the user did specify (maxNumOfDevices: 150, downStreamDelayBudget: {value: 5, unit: 'Milliseconds'}, upStreamDelayBudget: {value: 5, unit: 'Milliseconds'}). Per the system rules, 'All fields stay null unless the user specifies them, never fabricate values,' the agent could have set the rate fields to null and called the tool. Since no primitives were actually used, there are no arguments to evaluate as incorrect, but the agent missed an opportunity to make the tool call with the available information.
]
"
True,0.5,"[
	The agent did not use any tools. It correctly identified the user's specifications (400 devices, 6ms latency) and asked for missing throughput values (downstream and upstream rates). However, looking at the tool schema, the 'required' fields in SliceQosProfile include downStreamRatePerDevice and upStreamRatePerDevice, but they accept null values. According to the system instructions (rule 8: 'All fields stay null unless the user specifies them, never fabricate values'), the agent could have proceeded to call create_session with null values for the throughput fields rather than asking the user for them. The agent's decision to ask for throughput values contradicts rule 8, which states fields should stay null unless specified. The agent should have called create_session with maxNumOfDevices=400, downStreamDelayBudget={value:6, unit:'Milliseconds'}, upStreamDelayBudget={value:6, unit:'Milliseconds'}, and null for the rate fields. No tools were used when create_session should have been called.
	The agent did not invoke any tools. Instead, it asked the user for additional information (downstream and upstream throughput rates). While the agent correctly identified the user's specifications (400 devices, 6 ms latency), it could have proceeded by calling create_session with the known values (maxNumOfDevices=400, downStreamDelayBudget={value:6, unit:'Milliseconds'}, upStreamDelayBudget={value:6, unit:'Milliseconds'}) and setting the unspecified fields (downStreamRatePerDevice, upStreamRatePerDevice, serviceTime, serviceArea) to null. The tool schema allows null values for these fields, so the agent could have made the call without asking for throughput values. However, the schema lists downStreamRatePerDevice and upStreamRatePerDevice as 'required' keys in SliceQosProfile (though they accept null), so asking for clarification is not entirely unreasonable. The score reflects that no tool arguments were passed at all, meaning we cannot fully evaluate argument correctness, but the agent's decision to not call the tool when it had sufficient information to do so (with nulls for unspecified fields) represents a missed opportunity.
]
"
True,0.5,"[
	The agent did not use any tools. While it correctly identified the downstream rate (80 Mbps) and latency (5 ms), it asked the user for upstream rate and maximum number of devices before proceeding. According to the system rules, fields should stay null unless the user specifies them (rules 1, 3, 7, 8), and the number of devices is not required (rule 1). The agent should have proceeded to call 'create_session' with the provided values (downstream rate: 80 Mbps, latency: 5 ms for both delay budgets) and set unspecified fields to null, rather than asking for additional information that wasn't required. The correct action would have been to use the 'create_session' tool with the available information.
	The agent did not invoke any tools. It asked the user for additional information (upstream rate and number of devices). According to the system rules, fields not specified by the user should remain null — the user did not provide upstream rate or number of devices, so those should be set to null. The agent could have proceeded to call 'create_session' with the provided downstream rate (80 Mbps), latency (5 ms applied to both delay budgets with unit 'Milliseconds'), and null for unspecified fields (serviceTime, serviceArea, maxNumOfDevices, upStreamRatePerDevice). By not calling the tool and instead asking unnecessary clarifying questions, the agent failed to pass any arguments to any tool, which is a partial failure in argument correctness evaluation — the agent should have constructed and passed appropriate arguments to create_session rather than requesting information that the rules say should default to null.
]
"
True,0.5,"[
	The agent did not use any tools. It correctly identified the user's requirements (70 devices, 4ms packet delay budget) and asked for missing throughput values. However, looking at the tool schema, the SliceQosProfile fields like downStreamRatePerDevice and upStreamRatePerDevice accept null values, and the system rules state 'All fields stay null unless the user specifies them, never fabricate values.' This means the agent could have proceeded to call create_session with null values for the throughput fields rather than asking the user for them. The agent's decision to ask for throughput was incorrect per the rules, and it should have called create_session with the available information (maxNumOfDevices=70, delay budgets=4ms, throughput fields=null, serviceTime=null, serviceArea=null).
	The agent did not invoke any tools/primitives. Instead, it asked the user for downstream and upstream throughput values. While asking clarifying questions can be reasonable, the system rules state 'All fields stay null unless the user specifies them, never fabricate values.' This means the agent could have proceeded by calling create_session with downStreamRatePerDevice and upStreamRatePerDevice set to null, along with maxNumOfDevices=70 and both delay budgets set to {value: 4, unit: 'Milliseconds'}, serviceTime=null, and serviceArea=null. The agent's decision to ask for throughput instead of passing null for unspecified fields means no tool arguments can be evaluated, but the agent failed to use the tools when it had sufficient information to do so per the stated rules. Since no primitives were used, argument correctness cannot be fully assessed, but the agent should have made the call with the available information.
]
"
False,0.4,"[
	The agent did not use any tools. While it correctly identified the uplink rate (15 Mbps) and latency (2 ms), it asked the user for downstream rate and maximum number of devices before proceeding. According to the system rules, fields should stay null unless the user specifies them (rules 1, 3, 7, 8). The downstream rate and number of devices were not mentioned by the user, so they should be set to null. The agent should have called 'create_session' directly with the provided values (uplink rate: 15 Mbps, delay budget: 2 Milliseconds) and null for unspecified fields, rather than asking unnecessary follow-up questions. The correct tool (create_session) was available but was not used.
	The agent did not invoke any tools. While it asked clarifying questions about downstream rate and number of devices, the system rules (rules 1, 3, 8) clearly state that the number of devices is not required and all fields stay null unless the user specifies them. The agent had sufficient information to call create_session with: serviceTime=null, serviceArea=null, sliceQosProfile with upStreamRatePerDevice={value:15, unit:'Mbps'}, upStreamDelayBudget={value:2, unit:'Milliseconds'}, downStreamDelayBudget={value:2, unit:'Milliseconds'} (applying latency to both is reasonable), and downStreamRatePerDevice=null, maxNumOfDevices=null. By not calling the tool at all and instead asking unnecessary questions, the agent failed to pass any arguments to any primitive. Since no tools were used, there are no arguments to evaluate as correct or incorrect, but the agent should have proceeded with the tool call using the available information.
]
"
True,0.5,"[
	The agent did not use any tools, which is appropriate at this stage since it needs to gather more information (throughput values) before calling create_session. However, looking at the system rules, rule 8 states 'All fields stay null unless the user specifies them, never fabricate values.' The downstream and upstream rate fields accept null values according to the schema (they are nullable). The agent could have proceeded to call create_session with null values for the throughput fields since the user didn't specify them, along with maxNumOfDevices=200 and delay budgets of 5ms. Asking for throughput values that the user didn't mention goes against the instructions. The agent should have called create_session with the available information and left unspecified fields as null.
	The agent did not invoke any tools/primitives. Instead, it asked the user for additional information (downstream and upstream throughput rates). While asking for missing required information can be reasonable, the agent's system instructions (rule 8) state 'All fields stay null unless the user specifies them, never fabricate values.' Since the user did not specify throughput values, the agent could have proceeded by calling create_session with null values for downStreamRatePerDevice and upStreamRatePerDevice, while setting maxNumOfDevices to 200 and both delay budgets to {value: 5, unit: 'Milliseconds'}. The agent's decision to ask rather than proceed with null values for unspecified fields means no tool arguments can be evaluated, but the failure to call the tool when it could have been called with appropriate null values represents a missed opportunity to correctly use the available primitives.
]
"
False,0.4,"[
	The agent did not use any tools. While it correctly identified the downstream rate (1 Gbps) and packet delay budget (1 ms), it asked the user for upstream rate and maximum number of devices before proceeding. According to the system rules, fields should stay null unless the user specifies them (rule 8), the number of devices is not required (rule 1), and upstream rate was not mentioned by the user. The agent should have called create_session with the provided values (downstream rate: 1 Gbps, delay budget: 1 ms for both uplink and downlink or just downlink) and left unspecified fields as null, rather than asking for additional information that the rules say should remain null. The correct action would have been to invoke create_session with the known parameters and null for the rest.
	The agent did not invoke any tools. While it asked clarifying questions about upstream rate and number of devices, the system rules clearly state: (1) the number of devices is not required and should only be considered when defined by the user, (2) all fields stay null unless the user specifies them, and (3) the agent should never fabricate values. The user specified downstream rate (1 Gbps) and packet delay budget (1 ms). The agent should have proceeded to call create_session with the provided values (downStreamRatePerDevice: {value: 1, unit: 'Gbps'}, downStreamDelayBudget: {value: 1, unit: 'Milliseconds'}, upStreamDelayBudget: {value: 1, unit: 'Milliseconds'}) and set unspecified fields to null, rather than asking for information the user didn't provide. Since no primitives were used, no arguments can be evaluated for correctness, but the failure to call the tool when sufficient information was available is a missed opportunity. The score reflects that no tool arguments were passed at all when they should have been.
]
"
True,0.5,"[
	The agent did not use any tools. While it correctly identified the user's specified parameters (3000 devices, 1 Mbps uplink), it asked for additional parameters (downstream rate, uplink delay budget, downlink delay budget) instead of proceeding with the create_session tool. According to the system rules, 'All fields stay null unless the user specifies them, never fabricate values.' This means the agent should have called create_session with maxNumOfDevices=3000, upStreamRatePerDevice={value:1, unit:'Mbps'}, and set downStreamRatePerDevice, downStreamDelayBudget, and upStreamDelayBudget to null. The schema allows null for these fields. The agent's decision to ask for unspecified parameters rather than using the available create_session tool with null values for unspecified fields was incorrect per the stated rules.
	The agent did not invoke any tools/primitives. Instead, it asked the user for additional information (downstream rate, uplink delay budget, downlink delay budget). While the tool schema marks these fields as required in the SliceQosProfile, the system prompt (rule 8) states 'All fields stay null unless the user specifies them, never fabricate values.' The user only specified uplink rate (1 Mbps) and max devices (3000). The agent could have called create_session with the known values (maxNumOfDevices=3000, upStreamRatePerDevice={value:1, unit:'Mbps'}) and set the unspecified fields to null, since the schema allows null for all those fields. Asking for clarification is a reasonable but suboptimal approach — the agent should have proceeded with the available information per the system prompt rules. Since no primitives were actually used, there are no arguments to evaluate as correct or incorrect, but the failure to call the tool when it could have been called with appropriate null arguments represents a partial shortcoming.
]
"
False,0.4,"[
	The agent did not use any tools. While it correctly identified the user's parameters (2500 devices, 100ms packet delay budget), it asked for downstream and upstream throughput rates before proceeding. However, according to the system rules, 'All fields stay null unless the user specifies them, never fabricate values.' This means the agent should have called create_session with maxNumOfDevices=2500, downStreamDelayBudget and upStreamDelayBudget set to 100 Milliseconds, and downStreamRatePerDevice/upStreamRatePerDevice set to null, along with null serviceTime and serviceArea. The tool schema allows null values for these rate fields. The agent unnecessarily asked for information that should have remained null per the instructions, and failed to invoke the create_session tool which was the appropriate tool for this task.
	The agent did not invoke any tools/primitives. Instead, it asked the user for downstream and upstream throughput values. While asking clarifying questions can be reasonable, the system rules state 'All fields stay null unless the user specifies them, never fabricate values.' This means the agent could have proceeded by calling create_session with downStreamRatePerDevice and upStreamRatePerDevice set to null, along with maxNumOfDevices=2500 and both delay budgets set to {value: 100, unit: 'Milliseconds'}, serviceTime=null, and serviceArea=null. The agent's failure to call any tool means no arguments can be evaluated for correctness, but the agent should have been able to construct a valid tool call with the information provided. The score reflects that while no incorrect arguments were passed (since no tools were called), the agent missed an opportunity to correctly invoke create_session with appropriate null values for unspecified fields.
]
"
True,0.5,"[
	The agent did not use any tools. While it correctly identified the user's specified parameters (4000 devices, 500 kbps uplink), it asked for additional parameters (downstream rate, uplink delay budget, downlink delay budget) instead of proceeding with the create_session tool. According to the rules, 'All fields stay null unless the user specifies them, never fabricate values.' The agent should have called create_session with maxNumOfDevices=4000, upStreamRatePerDevice={value:500, unit:'kbps'}, and set downStreamRatePerDevice, downStreamDelayBudget, upStreamDelayBudget, serviceTime, and serviceArea to null. The agent unnecessarily asked for information that should have defaulted to null per the instructions.
	The agent did not invoke any tools/primitives. Instead, it asked the user for additional information (downstream rate, uplink delay budget, downlink delay budget). While the schema marks these fields as 'required' in the SliceQosProfile, the system prompt (rule 8) states 'All fields stay null unless the user specifies them, never fabricate values.' The agent could have called create_session with the known values (maxNumOfDevices=4000, upStreamRatePerDevice={value:500, unit:'kbps'}) and set the unspecified fields to null. The user provided enough information for a partial call, and the tool schema allows null for those fields. By not calling any tool, the agent failed to pass any arguments at all, which is a missed opportunity but not an incorrect argument error. The score reflects that no tool arguments were passed (so none were wrong), but the agent should have proceeded with the available information.
]
"
True,0.5,"[
	The agent did not use any tools. It correctly identified the user's specifications (1800 devices, 150 ms latency) and asked for missing throughput values. However, according to rule 8 ('All fields stay null unless the user specifies them, never fabricate values'), the downstream and upstream rate per device should remain null since the user didn't specify them. The agent should have proceeded to call 'create_session' with maxNumOfDevices=1800, downStreamDelayBudget and upStreamDelayBudget set to 150 Milliseconds, and null values for the throughput rates, serviceTime, and serviceArea. Instead, it unnecessarily asked for throughput values that the rules say should stay null, and failed to invoke the appropriate create_session tool.
	The agent did not invoke any tools/primitives. Instead, it asked the user for downstream and upstream throughput values. While asking for missing required information can be reasonable, the system rules state 'All fields stay null unless the user specifies them, never fabricate values.' The downstream and upstream rate fields in SliceQosProfile accept null values, so the agent could have proceeded by calling create_session with null for those rate fields, along with maxNumOfDevices=1800, downStreamDelayBudget={value:150, unit:'Milliseconds'}, upStreamDelayBudget={value:150, unit:'Milliseconds'}, serviceTime=null, and serviceArea=null. Since no primitives were actually used, there are no arguments to evaluate as correct or incorrect, but the agent should have made the tool call with the available information rather than asking for values the user didn't provide.
]
"
True,0.5,"[
	The agent did not use any tools. While it correctly identified the uplink rate (800 kbps) and number of devices (1200), it asked the user for downstream rate, uplink delay budget, and downlink delay budget before proceeding. According to the system rules (rule 8: 'All fields stay null unless the user specifies them, never fabricate values'), the agent should have called create_session with the provided values (maxNumOfDevices=1200, upStreamRatePerDevice={value:800, unit:'kbps'}) and set the unspecified fields (downStreamRatePerDevice, downStreamDelayBudget, upStreamDelayBudget, serviceTime, serviceArea) to null. The tool schema allows null for all these fields. The agent unnecessarily asked for information the user didn't provide instead of proceeding with the create_session tool call.
	The agent did not invoke any tools/primitives. Instead, it asked the user for additional information (downstream rate, uplink delay budget, downlink delay budget). While the system rules state 'All fields stay null unless the user specifies them, never fabricate values,' the agent could have called create_session with the known values (maxNumOfDevices=1200, upStreamRatePerDevice={value:800, unit:'kbps'}) and set the unspecified fields (serviceTime, serviceArea, downStreamRatePerDevice, downStreamDelayBudget, upStreamDelayBudget) to null. The tool schema allows null for all those fields. By not calling any tool, the agent neither passed correct nor incorrect arguments — it simply failed to act when it had sufficient information to do so. This is a partial failure since the agent correctly identified the user's parameters but unnecessarily blocked on fields that could be null.
]
"
False,0.4,"[
	The agent did not use any tools. While it correctly identified the packet delay budget (200 ms) and number of devices (2200), it asked the user for downstream and upstream throughput rates before proceeding. However, according to the system rules, 'All fields stay null unless the user specifies them, never fabricate values.' Since the user did not specify throughput values, the agent should have called create_session with downstream and upstream rates set to null rather than asking the user for values they didn't mention. The SliceQosProfile schema allows null values for these fields. The agent should have proceeded with the create_session tool using the provided values (maxNumOfDevices=2200, delay budgets=200 Milliseconds) and null for the unspecified fields.
	The agent did not invoke any tools/primitives. Instead, it asked the user for downstream and upstream throughput values. While the agent correctly identified the user's specifications (2200 devices, 200 ms delay budget), it could have proceeded by calling create_session with the known values and setting the unspecified fields (downStreamRatePerDevice, upStreamRatePerDevice) to null, since per the system rules 'All fields stay null unless the user specifies them, never fabricate values.' The required schema fields for SliceQosProfile accept null values. The agent's decision to ask for clarification rather than passing null for unspecified rate fields means no tool arguments can be evaluated, but the approach of not calling the tool when it could have been called with null values for unspecified parameters represents a partial failure in argument handling strategy.
]
"
True,0.5,"[
	The agent did not use any tools. While it correctly identified the user's specified parameters (3500 devices, 300 kbps uplink), it asked for additional parameters (downstream rate, uplink delay budget, downlink delay budget) instead of proceeding with the create_session tool. According to the system rules, 'All fields stay null unless the user specifies them, never fabricate values.' This means the agent should have called create_session with maxNumOfDevices=3500, upStreamRatePerDevice={value:300, unit:'kbps'}, and set downStreamRatePerDevice, downStreamDelayBudget, upStreamDelayBudget, serviceTime, and serviceArea to null. The agent unnecessarily asked for information that should have defaulted to null, delaying the task. However, the agent's confusion is somewhat understandable since the schema marks these fields as 'required' in SliceQosProfile, though they accept null values. The correct action would have been to call create_session immediately with the provided values and nulls for the rest.
	The agent did not invoke any tools/primitives. Instead, it asked the user for additional information (downstream rate, uplink delay budget, downlink delay budget). While the schema marks these fields as 'required' in the SliceQosProfile, the system instructions state 'All fields stay null unless the user specifies them, never fabricate values.' The agent could have called create_session with the known values (maxNumOfDevices=3500, upStreamRatePerDevice={value:300, unit:'kbps'}) and set the unspecified fields to null. Since no primitives were used, there are no argument correctness issues to evaluate, but the agent failed to make the tool call it should have made with the available information.
]
"
True,0.5,"[
	The agent did not use any tools. It correctly identified that it needs downstream and upstream throughput values before creating the session, which are required fields in the SliceQosProfile schema. However, looking at the schema more carefully, these fields accept null values (they are 'anyOf' with null type), so the agent could have proceeded to call create_session with null values for downStreamRatePerDevice and upStreamRatePerDevice while setting maxNumOfDevices to 900 and both delay budgets to {value: 250, unit: 'Milliseconds'}. The rules state 'All fields stay null unless the user specifies them, never fabricate values,' which suggests the agent should have set unspecified throughput fields to null and called create_session rather than asking for more information. The agent's decision to ask for throughput values contradicts the system instructions.
	The agent did not invoke any tools/primitives. Instead, it asked the user for additional information (downstream and upstream throughput rates). While the tool schema shows that 'downStreamRatePerDevice' and 'upStreamRatePerDevice' are required fields in the SliceQosProfile, the system instructions (rule 8) state 'All fields stay null unless the user specifies them, never fabricate values.' Since these fields accept null values per the schema ('anyOf': [{'$ref': '#/$defs/Rate'}, {'type': 'null'}]), the agent could have proceeded by calling create_session with null values for the unspecified throughput fields, setting maxNumOfDevices to 900, and setting both delay budgets to {value: 250, unit: 'Milliseconds'}. The agent's decision to ask for more information rather than calling the tool with available data means no tool arguments can be evaluated, but the agent missed an opportunity to correctly invoke the tool with the information already provided.
]
"
True,0.5,"[
	The agent did not use any tools. While it correctly identified the uplink rate (1 Mbps) and number of devices (1600), it asked the user for downstream rate, uplink delay budget, and downlink delay budget before proceeding. According to the system rules (rule 8: 'All fields stay null unless the user specifies them, never fabricate values'), the agent should have called create_session with the provided values (maxNumOfDevices=1600, upStreamRatePerDevice={value:1, unit:'Mbps'}) and set the unspecified fields (downStreamRatePerDevice, downStreamDelayBudget, upStreamDelayBudget, serviceTime, serviceArea) to null. The agent unnecessarily asked for additional information instead of proceeding with the tool call, which contradicts the instructions.
	The agent did not invoke any tools. Instead, it asked the user for additional parameters (downstream rate, uplink delay budget, downlink delay budget). According to the system rules, 'All fields stay null unless the user specifies them, never fabricate values.' The user only specified uplink rate (1 Mbps) and number of devices (1600). The agent should have called create_session with the known values (maxNumOfDevices=1600, upStreamRatePerDevice={value:1, unit:'Mbps'}) and set the unspecified fields (downStreamRatePerDevice, downStreamDelayBudget, upStreamDelayBudget, serviceTime, serviceArea) to null, rather than asking for information the user did not provide. Since no primitives were actually used, there are no arguments to evaluate as correct or incorrect, but the failure to call the tool with the available information represents a missed opportunity to pass correct arguments.
]
"
True,0.5,"[
	The agent did not use any tools. It correctly identified the user's specifications (2800 devices, 120 ms packet delay budget) and asked for missing throughput values. However, looking at the tool schema, the SliceQosProfile fields like downStreamRatePerDevice and upStreamRatePerDevice accept null values, and per the system instructions (rule 8: 'All fields stay null unless the user specifies them, never fabricate values'), the agent could have proceeded to call create_session with null values for the throughput fields rather than asking the user for them. The delay budget was specified (120 ms), the device count was specified (2800), and everything else should remain null. The agent should have called create_session directly with the available information instead of asking for more details.
	The agent did not invoke any tools/primitives. Instead, it asked the user for downstream and upstream throughput values. While the agent correctly identified the user's specifications (2800 devices, 120 ms packet delay budget), it could have proceeded by calling create_session with the known values and setting the unspecified fields (downStreamRatePerDevice, upStreamRatePerDevice) to null, as per the system rules that state 'All fields stay null unless the user specifies them, never fabricate values.' The SliceQosProfile schema allows null for these rate fields. The agent's decision to ask for clarification rather than passing null for unspecified fields means no tool arguments can be evaluated, but the approach of not calling the tool when it could have been called with null values for unspecified parameters represents a missed opportunity. Since no primitives were used, there are no argument correctness issues to evaluate, but the lack of tool invocation when one was warranted reduces the score.
]
"
True,0.5,"[
	The agent did not use any tools. While it correctly identified the uplink rate (600 kbps) and number of devices (1400), it asked the user for downstream rate, uplink delay budget, and downlink delay budget before proceeding. According to the system rules (rule 8: 'All fields stay null unless the user specifies them, never fabricate values'), the agent should have called create_session with the provided values (maxNumOfDevices=1400, upStreamRatePerDevice={value:600, unit:'kbps'}) and set the unspecified fields (downStreamRatePerDevice, downStreamDelayBudget, upStreamDelayBudget, serviceTime, serviceArea) to null. The schema allows null for all these fields. The agent unnecessarily asked for information the user didn't provide, violating the instructions, and failed to use the create_session tool when it had sufficient information to do so.
	The agent did not invoke any tools. Instead, it asked the user for additional parameters (downstream rate, uplink delay budget, downlink delay budget). According to the system rules, all fields stay null unless the user specifies them (rule 8), and the tool schema allows null values for these fields. The agent should have called 'create_session' with the provided values (1400 devices, 600 kbps uplink) and set unspecified fields to null. Since no primitives were used, no arguments can be evaluated as correct or incorrect, but the agent's failure to call the tool with the available information represents a missed opportunity to pass appropriate arguments. The tool's schema clearly supports null for downStreamRatePerDevice, downStreamDelayBudget, and upStreamDelayBudget, so the agent could have proceeded.
]
"
True,0.5,"[
	The agent did not use any tools. It correctly identified the user's specifications (2000 devices, 180 ms latency) and recognized that throughput values were not provided. However, according to the system rules (rule 8: 'All fields stay null unless the user specifies them, never fabricate values'), the agent could have proceeded to call create_session with the provided values (maxNumOfDevices=2000, downStreamDelayBudget and upStreamDelayBudget with value=180 and unit='Milliseconds') while setting downStreamRatePerDevice and upStreamRatePerDevice to null. The schema allows null values for these fields. Instead of asking for throughput values that the user didn't mention, the agent should have called create_session with the available information and null for unspecified fields. The decision to ask for more information rather than using the tool was a reasonable but suboptimal choice given the rules.
	The agent did not invoke any tools/primitives. Instead, it asked the user for downstream and upstream throughput values. While asking for missing required information can be reasonable, the system rules state 'All fields stay null unless the user specifies them, never fabricate values' and the tool schema allows null for downStreamRatePerDevice and upStreamRatePerDevice. The agent could have called create_session with the known values (maxNumOfDevices=2000, downStreamDelayBudget={value:180, unit:'Milliseconds'}, upStreamDelayBudget={value:180, unit:'Milliseconds'}) and set the rate fields to null. Since no primitives were actually used, there are no arguments to evaluate as incorrect, but the agent failed to make the tool call it should have made with the available information. The score reflects that while no incorrect arguments were passed (no tools were called), the agent missed an opportunity to correctly invoke the tool with appropriate arguments.
]
"
True,0.5,"[
	The agent did not use any tools. While it correctly identified the user's specifications (1100 devices, 700 kbps uplink), it asked for additional parameters (downstream rate, uplink delay budget, downlink delay budget) instead of proceeding with the create_session tool. According to the system rules, 'All fields stay null unless the user specifies them, never fabricate values.' This means the agent should have called create_session with the provided values (maxNumOfDevices=1100, upStreamRatePerDevice={value:700, unit:'kbps'}) and set the unspecified fields (downStreamRatePerDevice, downStreamDelayBudget, upStreamDelayBudget, serviceTime, serviceArea) to null. The correct tool (create_session) was available and should have been used directly without asking for more information.
	The agent did not invoke any tools. Instead, it asked the user for additional parameters (downstream rate, uplink delay budget, downlink delay budget). According to the system rules, all fields stay null unless the user specifies them (rule 8), and the schema allows null values for these fields. The agent could have called 'create_session' with the provided values (1100 devices, 700 kbps uplink) and set the unspecified fields to null. Since no primitives were used, no arguments can be evaluated for correctness, but the agent's failure to call the tool with the available information represents a missed opportunity to correctly pass the known arguments. The score reflects that while no incorrect arguments were passed (since no tool was called), the agent should have proceeded with the tool call using the information provided.
]
"
True,0.5,"[
	The agent did not use any tools. It correctly identified the user's specifications (3200 devices, 100 ms packet delay budget) and asked for missing throughput values (downstream and upstream rates). However, looking at the tool schema, the SliceQosProfile fields including downStreamRatePerDevice and upStreamRatePerDevice accept null values. According to the system rules (rule 8: 'All fields stay null unless the user specifies them, never fabricate values'), the agent could have proceeded to call create_session with null values for the throughput fields rather than asking the user for them. The delay budget was specified (100 ms), devices were specified (3200), and all other unspecified fields should remain null. The agent should have called create_session with the available information instead of asking for more details.
	The agent did not invoke any tools/primitives. Instead, it asked the user for additional information (downstream and upstream throughput rates). While asking for missing required information can be reasonable, the agent could have proceeded by setting the downstream and upstream rate fields to null (since the user didn't specify them and the rules state 'All fields stay null unless the user specifies them'). The agent had enough information to call create_session with maxNumOfDevices=3200, downStreamDelayBudget={value:100, unit:'Milliseconds'}, upStreamDelayBudget={value:100, unit:'Milliseconds'}, and null for the rate fields, serviceTime, and serviceArea. Since no primitives were actually used, there are no arguments to evaluate as correct or incorrect, but the agent's failure to call the tool when it could have represents a missed opportunity to fulfill the user's request.
]
"
False,0.4,"[
	The agent did not use any tools. While it correctly identified the uplink rate (900 kbps) and number of devices (1700), it asked the user for downstream rate, uplink delay budget, and downlink delay budget before proceeding. According to the system rules (rule 8: 'All fields stay null unless the user specifies them, never fabricate values'), the agent should have called create_session with the provided values (maxNumOfDevices=1700, upStreamRatePerDevice={value:900, unit:'kbps'}) and set the unspecified fields (downStreamRatePerDevice, downStreamDelayBudget, upStreamDelayBudget, serviceTime, serviceArea) to null. The schema allows null for all these fields. The agent unnecessarily asked for information the user didn't provide, violating the instructions, and failed to use the create_session tool which was the appropriate tool for this task.
	The agent did not invoke any tools. While it correctly identified the uplink rate (900 kbps) and number of devices (1700), it asked the user for downstream rate, uplink delay budget, and downlink delay budget before proceeding. According to the system rules (rule 8: 'All fields stay null unless the user specifies them, never fabricate values'), the agent should have called create_session with the known values (maxNumOfDevices=1700, upStreamRatePerDevice={value:900, unit:'kbps'}) and set the unspecified fields (downStreamRatePerDevice, downStreamDelayBudget, upStreamDelayBudget, serviceTime, serviceArea) to null. The tool schema allows null for all these fields. By not calling the tool at all and instead asking unnecessary clarifying questions, the agent failed to pass any arguments to any tool, which is a significant shortcoming in argument usage evaluation.
]
"
True,0.5,"[
	The agent did not use any tools. It correctly identified the user's specifications (2600 devices, 200 ms latency) and asked for missing throughput values (downstream and upstream rates). However, looking at the tool schema, the SliceQosProfile fields including downStreamRatePerDevice and upStreamRatePerDevice accept null values. Per the system instructions (rule 8: 'All fields stay null unless the user specifies them, never fabricate values'), the agent could have proceeded to call create_session with null values for the throughput fields rather than asking the user for them. The latency was specified as 200 ms, devices as 2600, and all other fields should be null. The agent should have called create_session directly with the available information instead of asking follow-up questions for fields that can remain null.
	The agent did not invoke any tools/primitives. Instead, it asked the user for additional information (downstream and upstream throughput rates). While asking for missing required information can be reasonable, the system rules state 'All fields stay null unless the user specifies them, never fabricate values.' Since the user did not specify throughput values, the agent could have proceeded by calling create_session with null values for downStreamRatePerDevice and upStreamRatePerDevice, while setting maxNumOfDevices to 2600, downStreamDelayBudget and upStreamDelayBudget to {value: 200, unit: 'Milliseconds'}, serviceTime to null, and serviceArea to null. The agent's decision to ask rather than call the tool means no primitive arguments can be evaluated, but the failure to use the tool when sufficient information was available (with nulls for unspecified fields) represents a missed opportunity to correctly invoke the tool.
]
"
True,0.5,"[
	The agent did not use any tools. According to the system rules (rule 8: 'All fields stay null unless the user specifies them, never fabricate values'), the agent should have called 'create_session' with the provided values (maxNumOfDevices=1500, upStreamRatePerDevice={value:500, unit:'kbps'}) and set all other unspecified fields to null. Instead, the agent asked for additional parameters (downstream rate, uplink delay budget, downlink delay budget) that the user did not provide and which should have been left as null per the instructions. The correct action was to invoke create_session immediately with the given information and null for unspecified fields.
	The agent did not invoke any tools. It asked the user for additional information (downstream rate, uplink delay budget, downlink delay budget) before creating the session. According to the system rules, 'All fields stay null unless the user specifies them, never fabricate values.' The agent could have called create_session with the provided values (1500 devices, 500 kbps uplink) and set the unspecified fields (downstream rate, delay budgets, service time, service area) to null. The tool schema allows null for all those fields. By not calling the tool, the agent failed to use the available primitives when it had sufficient information to do so, but it also correctly avoided fabricating values. The score reflects that no tool arguments can be evaluated since no tools were used, and the agent's decision to ask for more information was partially justified but unnecessary given the null-friendly schema.
]
"
True,0.75,"[
	The agent did not use any tools, which is appropriate at this stage since it needs to gather more information (downstream and upstream throughput rates) before calling create_session. However, looking at the system rules, rule 8 states 'All fields stay null unless the user specifies them, never fabricate values.' The user did not specify throughput values, so the agent could have proceeded to call create_session with null values for downStreamRatePerDevice and upStreamRatePerDevice, setting maxNumOfDevices to 800 and both delay budgets to 150 Milliseconds. The schema allows null for these rate fields. By asking for throughput values that the user never mentioned, the agent is unnecessarily blocking progress when it could have made the tool call with the available information. The correct action would have been to call create_session with the known values and null for unspecified fields.
	The agent did not invoke any tools/primitives, so there are no incorrect arguments to evaluate. The agent correctly identified that it needed additional information (downstream and upstream throughput rates) before it could call the create_session tool. However, per the system rules (rule 8: 'All fields stay null unless the user specifies them, never fabricate values'), the agent could have proceeded by calling create_session with null values for the throughput fields, since the user did not specify them and the schema allows null for those fields. The agent's decision to ask for throughput values rather than passing null was a reasonable but arguably unnecessary step, as the tool's schema permits null for downStreamRatePerDevice and upStreamRatePerDevice. The delay budget of 150 ms and 800 devices were correctly identified. No tool arguments were malformed or incorrect since no tools were called, but the agent should have been able to proceed with the available information.
]
"
True,0.5,"[
	The agent did not use any tools. While it correctly identified the uplink rate (400 kbps) and number of devices (4200), it asked the user for downstream rate, uplink delay budget, and downlink delay budget before proceeding. According to the system rules (rule 8: 'All fields stay null unless the user specifies them, never fabricate values'), the agent should have called create_session with the provided values (maxNumOfDevices=4200, upStreamRatePerDevice={value:400, unit:'kbps'}) and set the unspecified fields (downStreamRatePerDevice, downStreamDelayBudget, upStreamDelayBudget, serviceTime, serviceArea) to null. The schema allows null for these fields. Instead of asking unnecessary clarifying questions, the agent should have proceeded with the create_session tool call directly.
	The agent did not invoke any tools/primitives. Instead, it asked the user for additional information (downstream rate, uplink delay budget, downlink delay budget). While the SliceQosProfile schema lists these as 'required' fields, the system prompt (rule 8) states 'All fields stay null unless the user specifies them, never fabricate values.' Since these fields accept null values, the agent could have proceeded by calling create_session with the known values (maxNumOfDevices=4200, upStreamRatePerDevice={value:400, unit:'kbps'}) and null for the unspecified fields (serviceTime=null, serviceArea=null, downStreamRatePerDevice=null, downStreamDelayBudget=null, upStreamDelayBudget=null). No tool arguments can be evaluated since no tools were called, but the agent's failure to call the tool with appropriate null values for unspecified fields represents a missed opportunity to correctly use the available primitive.
]
"
True,0.5,"[
	The agent did not use any tools. It correctly identified the user's parameters (2300 devices, 180 ms latency) and asked for missing throughput values. However, looking at the tool schema, the SliceQosProfile fields like downStreamRatePerDevice and upStreamRatePerDevice accept null values, and per the system instructions (rule 8: 'All fields stay null unless the user specifies them, never fabricate values'), the agent could have proceeded to call create_session with null values for the throughput fields rather than asking the user for them. The downstream and upstream rate fields are nullable in the schema, so the agent should have called create_session with maxNumOfDevices=2300, downStreamDelayBudget={value:180, unit:'Milliseconds'}, upStreamDelayBudget={value:180, unit:'Milliseconds'}, and null for the rate fields. Not calling the tool when it could have been called is a missed opportunity.
	The agent did not invoke any tools. It correctly identified that it needs downstream and upstream throughput values before creating the session, which is reasonable since those are required fields in the SliceQosProfile schema. However, per the system rules (rule 8: 'All fields stay null unless the user specifies them, never fabricate values'), the agent could have proceeded by calling create_session with null values for downStreamRatePerDevice and upStreamRatePerDevice (since the schema allows null for these fields), while setting maxNumOfDevices to 2300 and both delay budgets to {value: 180, unit: 'Milliseconds'}. The agent's decision to ask for more information rather than making the tool call with null throughput values means no tool arguments can be evaluated, but the approach is debatable given the schema allows nulls and the rules say unspecified fields should stay null.
]
"
True,0.5,"[
	The agent did not use any tools. According to the system rules, fields like upstream rate and number of devices are not required and should stay null unless the user specifies them (rules 1, 3, 7, 8). The user provided downstream rate (250 Mbps) and packet delay budget (12 ms), which is sufficient information to call 'create_session' with the specified values and null for unspecified fields. Instead, the agent asked for upstream rate and number of devices, which contradicts the rules. The agent should have called 'create_session' directly with downstream rate set to 250 Mbps, delay budgets set to 12 Milliseconds, and other fields as null.
	The agent did not invoke any tools. While it correctly identified the downstream rate (250 Mbps) and packet delay budget (12 ms), it asked the user for upstream rate and maximum number of devices before proceeding. According to the system rules, fields not specified by the user should remain null, and the number of devices is not required. The agent could have called create_session with the provided values (downstream rate: 250 Mbps, delay budgets: 12 Milliseconds) and set unspecified fields to null. Since no tools were used, no arguments can be evaluated for correctness, but the agent's failure to proceed with the available information represents a missed opportunity to correctly invoke the tool with appropriate arguments.
]
"
True,0.5,"[
	The agent did not use any tools. While it correctly identified the user's specified parameters (60 devices, 400 Mbps downstream), it asked for upstream rate, uplink delay budget, and downlink delay budget before proceeding. According to the system rules (rule 8: 'All fields stay null unless the user specifies them, never fabricate values'), the agent should have called create_session with the provided values (maxNumOfDevices=60, downStreamRatePerDevice={value:400, unit:'Mbps'}) and set the unspecified fields (upStreamRatePerDevice, downStreamDelayBudget, upStreamDelayBudget, serviceTime, serviceArea) to null. The schema allows null for these fields. The agent unnecessarily asked for information the user didn't provide instead of proceeding with the create_session tool call using null for unspecified parameters.
	The agent did not invoke any tools/primitives. Instead, it asked the user for additional information (upstream rate, uplink delay budget, downlink delay budget). While the SliceQosProfile schema marks these fields as 'required', the tool schema allows null values for all of them. According to the system rules (rule 8: 'All fields stay null unless the user specifies them, never fabricate values'), the agent could have called create_session with the known values (maxNumOfDevices=60, downStreamRatePerDevice={value:400, unit:'Mbps'}) and set the unspecified fields to null. The agent's decision to ask for more information rather than proceeding with the available data means no tool arguments can be evaluated, but the failure to call the tool when it could have been called with appropriate null arguments represents a missed opportunity. Since no primitives were actually used, there are no argument correctness issues to evaluate, but the agent should have attempted the call with the information provided.
]
"
True,0.5,"[
	The agent did not use any tools. While it correctly identified the downstream rate (200 Mbps) and latency (20 ms), it asked the user for upstream rate and number of devices. According to the system rules, fields not specified by the user should stay null (rule 8), and the number of devices is not required (rule 1). The agent should have proceeded to call 'create_session' with the provided values (downstream 200 Mbps, delay budgets of 20 ms) and set unspecified fields to null, rather than asking for additional information. The correct action would have been to use the 'create_session' tool with null values for upstream rate, maxNumOfDevices, serviceTime, and serviceArea.
	The agent did not invoke any tools/primitives. While it correctly identified the downstream rate (200 Mbps) and latency (20 ms), it asked the user for upstream rate and number of devices. According to the system rules, fields not specified by the user should remain null, and the number of devices is not required. The agent should have proceeded to call 'create_session' with the available information (downstream rate: 200 Mbps, delay budgets: 20 Milliseconds) and set unspecified fields to null, rather than asking for additional information. Since no tools were called, no arguments can be evaluated as correct or incorrect, but the failure to call the tool when sufficient information was available represents a missed opportunity to pass appropriate arguments.
]
"
True,0.5,"[
	The agent did not use any tools. According to the system rules, 'All fields stay null unless the user specifies them, never fabricate values.' The user provided maxNumOfDevices (100) and downstream rate (150 Mbps). The remaining fields (upstream rate, uplink/downlink delay budgets, service time, service area) were not specified by the user and should be set to null per the rules. The agent should have called 'create_session' with the provided values and null for unspecified fields, rather than asking the user for additional parameters that the rules say should remain null. The agent's decision to ask follow-up questions instead of proceeding with the tool call was incorrect given the explicit instructions.
	The agent did not invoke any tools/primitives. Instead, it asked the user for additional information (upstream rate, uplink delay budget, downlink delay budget). While the SliceQosProfile schema lists these as 'required' fields, the system prompt rules (rules 7 and 8) state that all fields stay null unless the user specifies them and the agent should never fabricate values. The agent could have called create_session with the provided values (100 devices, 150 Mbps downstream) and set the unspecified fields to null, since the schema allows null for all those fields. The agent's decision to ask for more information rather than proceeding with null values for unspecified fields is debatable but means no tool arguments can be evaluated. Since no primitives were used, there are no argument correctness issues, but the agent should have made the tool call with the available information.
]
"
True,0.5,"[
	The agent did not use any tools, instead asking the user for additional parameters (upstream rate, max devices, uplink/downlink delay budgets). According to the system rules, all fields should stay null unless the user specifies them (rule 8), and the number of devices is not required (rule 1). The agent should have called 'create_session' with the downstream rate set to 90 Mbps and all other unspecified fields set to null, rather than asking for values the user didn't provide. The correct tool (create_session) was available but was not used. The agent's decision to ask clarifying questions contradicts the explicit instructions to leave unspecified fields as null.
	The agent did not invoke any tools. It asked the user for additional parameters (upstream rate, max devices, uplink/downlink delay budgets). According to the system rules, all fields should stay null unless the user specifies them, and the number of devices, service time, and service area are not required values. The agent could have called create_session with the downstream rate set to 90 Mbps and all other unspecified fields set to null. By not calling any tool, the agent neither passed correct nor incorrect arguments, but it failed to act on the information already provided. The score reflects that no tool arguments were evaluated but the agent's behavior of requesting unnecessary information rather than proceeding with available data is a partial failure in fulfilling the task.
]
"
True,0.5,"[
	The agent did not use any tools. It correctly identified that it needs throughput information before calling create_session, since the schema requires downStreamRatePerDevice and upStreamRatePerDevice as required fields. However, looking at the schema more carefully, these fields accept null values (anyOf with null type), so the agent could have proceeded to call create_session with null values for the throughput fields, setting maxNumOfDevices to 500 and both delay budgets to {value: 4, unit: 'Milliseconds'}, with serviceTime and serviceArea as null. The rules state 'All fields stay null unless the user specifies them, never fabricate values,' which means unspecified throughput should remain null. The agent should have called create_session directly rather than asking for additional information that the user didn't provide and that could be left as null.
	The agent did not invoke any tools/primitives. It correctly identified that it needs throughput values before making the API call, since 'downStreamRatePerDevice' and 'upStreamRatePerDevice' are required fields in the SliceQosProfile schema. However, per the system rules (rule 8: 'All fields stay null unless the user specifies them, never fabricate values'), the agent could have proceeded by passing null for the unspecified throughput fields, along with the user-specified values (maxNumOfDevices: 500, downStreamDelayBudget: {value: 4, unit: 'Milliseconds'}, upStreamDelayBudget: {value: 4, unit: 'Milliseconds'}, serviceTime: null, serviceArea: null). Since no primitives were actually used, there are no arguments to evaluate as correct or incorrect, but the agent's failure to call the tool when it arguably could have (with null throughput values) means the task was not completed. The score reflects that no tool arguments were passed at all, which is a partial failure in fulfilling the user's request.
]
"
False,0.4,"[
	The agent did not use any tools. According to the system rules, the number of devices (maxNumOfDevices) and downstream rate are not required values and should stay null unless specified by the user. The user provided uplink rate (35 Mbps) and packet delay budget (3 ms), which is sufficient information to call create_session with the unspecified fields set to null. Instead, the agent incorrectly asked for downstream rate and number of devices, treating them as required parameters when the rules explicitly state they are not. The agent should have called create_session with upStreamRatePerDevice={value:35, unit:'Mbps'}, upStreamDelayBudget={value:3, unit:'Milliseconds'} (and possibly downStreamDelayBudget={value:3, unit:'Milliseconds'} since the user said 'packet delay budget' generically), and null for the remaining fields.
	The agent did not invoke any tools. While it asked clarifying questions about downstream rate and number of devices, the system rules clearly state: 'All fields stay null unless the user specifies them, never fabricate values' and 'The number of devices (UEs), service time, and service area are not required values.' The agent should have called create_session with the provided uplink rate (35 Mbps) and packet delay budget (3 ms), setting unspecified fields to null. By not calling any tool, the agent failed to act on the information already provided. Since no primitives were used, there are no arguments to evaluate as correct or incorrect, but the agent's failure to use the tool when it had sufficient information to do so (with null for unspecified fields) represents a missed opportunity. The score reflects that no tool arguments were passed at all, rather than incorrect arguments being passed.
]
"
True,0.5,"[
	The agent correctly did not call any tools yet, as it needs additional required information (downstream and upstream throughput rates) before it can call create_session. The agent properly identified the parameters it could extract from the user's request (600 devices, 5ms latency) and correctly asked for the missing throughput values. According to the rules, all fields stay null unless specified by the user, and the agent appropriately did not fabricate throughput values. However, one could argue that since the schema allows null values for downStreamRatePerDevice and upStreamRatePerDevice, the agent could have proceeded with null values for those fields and called create_session directly, rather than asking the user. The schema marks them as required but allows null, so this is a judgment call. The agent's approach of asking is reasonable but slightly conservative given the instruction that 'all fields stay null unless the user specifies them.'
	The agent did not invoke any tools/primitives. Instead, it asked the user for additional information (downstream and upstream throughput rates). While the agent correctly identified that the user did not specify throughput values, the system rules state 'All fields stay null unless the user specifies them, never fabricate values.' This means the agent could have proceeded to call create_session with null values for downStreamRatePerDevice and upStreamRatePerDevice, setting maxNumOfDevices to 600 and both delay budgets to {value: 5, unit: 'Milliseconds'}, with serviceTime and serviceArea as null. Since no primitives were actually used, there are no arguments to evaluate as correct or incorrect, but the agent should have made the tool call with the available information rather than asking for unspecified optional parameters.
]
"
False,0.2,"[
	The agent did not use any tools at all. While it correctly identified the downstream rate (70 Mbps) and latency (6 ms), it asked the user for upstream rate and maximum number of devices before proceeding. According to the system rules, these fields are not required — rule 1 states 'The number of devices (UEs), service time, and service area are not required values,' rule 3 says to consider devices 'only when defined by the user,' and rule 8 says 'All fields stay null unless the user specifies them, never fabricate values.' The agent should have called 'create_session' with the provided downstream rate and latency values, setting unspecified fields to null, rather than asking for additional information that wasn't required. The correct tool (create_session) was available and should have been used immediately.
	The agent did not invoke any tools at all. Instead, it asked the user for additional information (upstream rate and maximum number of devices). However, per the system instructions, fields should stay null unless the user specifies them — the user did not mention upstream rate or number of devices, so those should have been left as null. The agent should have proceeded to call 'create_session' with the provided downstream rate (70 Mbps), latency (6 ms applied as delay budget in Milliseconds), and null for unspecified fields (serviceTime, serviceArea, maxNumOfDevices, upStreamRatePerDevice). Since no tool was called, no arguments were passed, and the user's request was not fulfilled. The score is low because the agent failed to use the available tool with the appropriate arguments that could have been constructed from the user's input.
]
"
True,0.5,"[
	The agent correctly did not call any tools yet, which is appropriate because the user did not provide downstream and upstream throughput rates per device. According to the tool schema, 'downStreamRatePerDevice' and 'upStreamRatePerDevice' are required fields in the SliceQosProfile. The agent appropriately asked the user for these missing required parameters before making the create_session call. However, looking more carefully at the schema, these fields accept null values (anyOf with null type), so the agent could have proceeded by setting them to null. The rules state 'All fields stay null unless the user specifies them, never fabricate values,' which suggests the agent could have called create_session with null values for the throughput fields rather than asking. This makes the decision to ask rather than proceed slightly suboptimal, but the agent's caution about required fields is understandable.
	The agent did not invoke any tools/primitives. Instead, it asked the user for additional information (downstream and upstream throughput rates). While asking for missing required information can be reasonable, the agent could have proceeded by calling create_session with the known values (maxNumOfDevices=250, delay budgets of 4ms) and setting the unknown throughput fields to null, since the system rules state 'All fields stay null unless the user specifies them, never fabricate values.' The downstream and upstream rate fields in the schema accept null values. Since no primitives were actually used, there are no arguments to evaluate as correct or incorrect, but the agent's failure to attempt a tool call with the available information represents a missed opportunity. The score reflects that no tool arguments were passed at all, though the agent's clarification request has some justification given that downStreamRatePerDevice and upStreamRatePerDevice are required fields in the schema.
]
"
True,0.5,"[
	The agent did not use any tools. According to the system rules (rule 8: 'All fields stay null unless the user specifies them, never fabricate values'), the agent should have called 'create_session' with the provided values (maxNumOfDevices: 3100, upStreamRatePerDevice: {value: 300, unit: 'kbps'}) and set all other unspecified fields (downStreamRatePerDevice, downStreamDelayBudget, upStreamDelayBudget, serviceTime, serviceArea) to null. Instead, the agent asked the user for downstream rate and delay budgets, which contradicts the instruction that all fields stay null unless the user specifies them. The correct action was to proceed with the create_session tool call using the information provided and null for everything else.
	The agent did not invoke any tools. While it correctly identified the uplink rate (300 kbps) and number of devices (3100), it asked the user for downstream rate, uplink delay budget, and downlink delay budget instead of proceeding with the tool call using null values for unspecified fields. According to the system rules, all fields stay null unless the user specifies them, so the agent should have called create_session with serviceTime=null, serviceArea=null, maxNumOfDevices=3100, upStreamRatePerDevice={value:300, unit:'kbps'}, downStreamRatePerDevice=null, downStreamDelayBudget=null, and upStreamDelayBudget=null. Since no primitives were used, no arguments can be evaluated as correct or incorrect, but the agent's failure to call the tool with the appropriate null values for unspecified fields represents a missed opportunity to correctly use the available tool.
]
"
True,0.5,"[
	The agent did not use any tools, which is appropriate at this stage since it needs to gather more information (throughput values) before calling create_session. However, looking at the system rules, rule 8 states 'All fields stay null unless the user specifies them, never fabricate values.' The downstream and upstream rate fields accept null values according to the schema (they are nullable), so the agent could have proceeded to call create_session with null throughput values, setting maxNumOfDevices to 1900 and both delay budgets to 200 Milliseconds, with null rates. Asking for throughput values that the user didn't mention goes against the instructions. The agent should have called create_session directly with the available information and null for unspecified fields.
	The agent did not invoke any tools. Instead, it asked the user for additional information (downstream and upstream throughput rates). While the tool schema lists 'downStreamRatePerDevice' and 'upStreamRatePerDevice' as required fields in SliceQosProfile, the system prompt rules state 'All fields stay null unless the user specifies them, never fabricate values.' Since the user did not specify throughput values, the agent could have called create_session with null values for those fields (as the schema allows null). The agent's decision to ask for clarification rather than proceeding with null values means no tool arguments can be evaluated, but the agent missed an opportunity to correctly invoke the tool with the available information (1900 devices, 200ms latency for both delay budgets, and null for rates, service time, and service area).
]
"
False,0.4,"[
	The agent did not use any tools. While it correctly identified the uplink rate (800 kbps) and number of devices (2700), it asked the user for downstream rate, uplink delay budget, and downlink delay budget before proceeding. According to the system rules (rule 8: 'All fields stay null unless the user specifies them, never fabricate values'), the agent should have called the 'create_session' tool with the provided values (maxNumOfDevices=2700, upStreamRatePerDevice={value:800, unit:'kbps'}) and set all other unspecified fields (downStreamRatePerDevice, downStreamDelayBudget, upStreamDelayBudget, serviceTime, serviceArea) to null. The schema marks these fields as required but accepts null values. The agent unnecessarily asked for information the user didn't provide, violating the instructions, and failed to invoke the appropriate 'create_session' tool.
	The agent did not invoke any tools. Instead, it asked the user for additional parameters (downstream rate, uplink delay budget, downlink delay budget). According to the system rules, all fields stay null unless the user specifies them (rule 8), and the tool schema allows null values for these fields. The agent should have called 'create_session' with the provided values (maxNumOfDevices=2700, upStreamRatePerDevice={value:800, unit:'kbps'}) and set the unspecified fields (downStreamRatePerDevice, downStreamDelayBudget, upStreamDelayBudget, serviceTime, serviceArea) to null. Since no tool was called, no arguments can be evaluated as correct or incorrect, but the failure to call the tool with the available information represents a missed opportunity to pass appropriate arguments.
]
"
True,0.5,"[
	The agent did not use any tools. It correctly identified the user's parameters (2100 devices, 150 ms packet delay budget) but asked for downstream and upstream throughput rates before proceeding. According to the system rules, 'All fields stay null unless the user specifies them, never fabricate values.' This means the agent should have called create_session with downStreamRatePerDevice and upStreamRatePerDevice set to null, rather than asking the user for values they didn't provide. The agent should have used the create_session tool with the available information (maxNumOfDevices=2100, delay budgets=150ms, and null for rates, service time, and service area). The tool selection was incorrect because no tool was called when create_session should have been used.
	The agent did not invoke any tools/primitives. Instead, it asked the user for additional information (downstream and upstream throughput rates). While the tool schema does list 'downStreamRatePerDevice' and 'upStreamRatePerDevice' as required fields in SliceQosProfile, the system instructions (rule 8) state 'All fields stay null unless the user specifies them, never fabricate values.' Since the user did not specify throughput values, the agent could have proceeded by passing null for those fields (which the schema allows via the 'anyOf' with 'null' type). The agent correctly identified the 2100 devices and 150 ms delay budget, but failed to actually call the create_session tool with the available information. No tool arguments can be evaluated since no tools were used, resulting in a partial score for correctly interpreting the user's parameters but not executing the tool call.
]
"
False,0.4,"[
	The agent did not use any tools. While it correctly identified the uplink rate (600 kbps) and number of devices (1200), it asked the user for downstream rate, uplink delay budget, and downlink delay budget before proceeding. According to the system rules (rule 8: 'All fields stay null unless the user specifies them, never fabricate values'), the agent should have called create_session with the provided values (maxNumOfDevices=1200, upStreamRatePerDevice={value:600, unit:'kbps'}) and set the unspecified fields (downStreamRatePerDevice, downStreamDelayBudget, upStreamDelayBudget, serviceTime, serviceArea) to null. The tool schema allows null for all these fields. The agent unnecessarily asked for information the user didn't provide instead of proceeding with the create_session tool call.
	The agent did not invoke any tools/primitives. Instead, it asked the user for additional information (downstream rate, uplink delay budget, downlink delay budget). While the tool schema marks these fields as 'required' in the SliceQosProfile, the system instructions clearly state that 'All fields stay null unless the user specifies them, never fabricate values.' The agent could have called create_session with the provided values (maxNumOfDevices=1200, upStreamRatePerDevice={value:600, unit:'kbps'}) and set the unspecified fields to null. By not calling any tool, no arguments were passed to evaluate, but the agent's decision to withhold the tool call rather than passing null for unspecified fields is partially misaligned with the instructions. The score reflects that no tool was used when one reasonably could have been invoked with appropriate null arguments for unspecified fields.
]
"
True,0.5,"[
	The agent did not use any tools. According to the system rules, the number of devices (UEs) is not required (rule 1), upstream rate is not required (rule 8 - fields stay null unless specified), and the agent should have proceeded to call 'create_session' with the information provided: 180 Mbps downstream, 15 ms latency (applied to both delay budgets as Milliseconds per rule 6), and null for all unspecified fields (maxNumOfDevices, upStreamRatePerDevice, serviceTime, serviceArea). Instead, the agent incorrectly asked for upstream rate and number of devices, which violates rules 1 and 8. The correct action would have been to call 'create_session' directly with the available information. The agent chose to ask follow-up questions rather than using the appropriate tool, which was unnecessary given the rules.
	The agent did not invoke any tools/primitives. While it correctly identified the downstream rate (180 Mbps) and latency (15 ms), it asked the user for upstream rate and maximum number of devices before proceeding. According to the system rules, fields not specified by the user should remain null, and the number of devices is not required. The agent could have called create_session with the known values (downstream rate: 180 Mbps, downStreamDelayBudget: 15 Milliseconds, upStreamDelayBudget: 15 Milliseconds) and left unspecified fields as null. Since no primitives were actually used, there are no arguments to evaluate as correct or incorrect, but the agent's failure to proceed with the tool call when it had sufficient information to do so (with null for unspecified fields) represents a missed opportunity to correctly use the available tools.
]
"
True,0.5,"[
	The agent did not use any tools. While it correctly identified the user's specified parameters (90 devices, 300 Mbps downstream), it asked for additional parameters (upstream rate, uplink delay budget, downlink delay budget) instead of proceeding with the create_session tool. According to the system rules, 'All fields stay null unless the user specifies them, never fabricate values.' This means the agent should have called create_session with the provided values (maxNumOfDevices=90, downStreamRatePerDevice={value:300, unit:'Mbps'}) and set the unspecified fields (upStreamRatePerDevice, downStreamDelayBudget, upStreamDelayBudget, serviceTime, serviceArea) to null. The agent unnecessarily asked for information that should have defaulted to null, delaying the task completion. The correct action was to invoke create_session immediately with the known values and nulls for the rest.
	The agent did not invoke any tools/primitives. Instead, it asked the user for additional information (upstream rate, uplink delay budget, downlink delay budget). While the tool schema marks these fields as 'required' in the SliceQosProfile, the system prompt (rule 8) states 'All fields stay null unless the user specifies them, never fabricate values.' The agent could have called create_session with the known values (maxNumOfDevices=90, downStreamRatePerDevice={value:300, unit:'Mbps'}) and set the unspecified fields to null. The tool schema allows null for all those fields. By not calling any tool, the agent neither passed correct nor incorrect arguments — it simply didn't act when it arguably could have. This is a partial failure: the agent correctly identified the user-provided values but failed to pass them to the tool with null for unspecified fields.
]
"
True,0.5,"[
	The agent did not use any tools, which is partially appropriate. The user specified 400 devices and 45 Mbps uplink, but did not specify downstream rate or delay budgets. According to the system rules, 'All fields stay null unless the user specifies them, never fabricate values.' The agent could have called create_session with the provided values (maxNumOfDevices=400, upStreamRatePerDevice={value:45, unit:'Mbps'}) and set the unspecified fields (downStreamRatePerDevice, downStreamDelayBudget, upStreamDelayBudget, serviceTime, serviceArea) to null. Instead, the agent asked for additional information (downstream rate, uplink/downlink delay budgets) that the rules say should remain null if not specified. The agent should have proceeded with the create_session tool using only the provided values and null for the rest, rather than asking for information the user didn't provide.
	The agent did not invoke any tools/primitives. Instead, it asked the user for additional information (downstream rate, uplink delay budget, downlink delay budget). While the tool schema marks these fields as required in the SliceQosProfile, the system instructions state 'All fields stay null unless the user specifies them, never fabricate values.' The agent could have called create_session with the user-provided values (maxNumOfDevices=400, upStreamRatePerDevice={value:45, unit:'Mbps'}) and set the unspecified fields to null. Asking for missing information is a reasonable approach but means no tool arguments can be evaluated. The agent correctly identified the user's specified values but failed to proceed with the tool call using null for unspecified fields as instructed.
]
"
False,0.4,"[
	The agent did not use any tools. It correctly identified the uplink rate (250 Mbps) and packet delay budget (18 ms), but then asked the user for downstream rate and maximum number of devices. According to the system rules, fields should stay null unless the user specifies them (rules 1, 3, 7, 8). The downstream rate and number of devices were not mentioned by the user, so they should be set to null. The agent should have proceeded to call 'create_session' with the provided values (upStreamRatePerDevice: {value: 250, unit: 'Mbps'}, upStreamDelayBudget: {value: 18, unit: 'Milliseconds'}, downStreamDelayBudget: {value: 18, unit: 'Milliseconds'}) and null for unspecified fields, rather than asking unnecessary follow-up questions. The correct tool (create_session) was available but was not used.
	The agent did not invoke any tools. Instead, it asked the user for additional information (downstream rate and maximum number of devices). However, per the system rules: (1) the number of devices is not required and should stay null unless specified by the user (rule 1, 3, 8), and (2) downstream rate per device was not mentioned by the user and should also remain null (rule 8). The agent should have proceeded to call 'create_session' with the provided uplink rate (250 Mbps), packet delay budget (18 ms as Milliseconds for both uplink and downlink delay budgets or just as a general packet delay), and null for all unspecified fields (serviceTime, serviceArea, maxNumOfDevices, downStreamRatePerDevice). Since no tools were called, no arguments can be evaluated for correctness, but the agent's failure to call the tool when it had sufficient information to do so (with null for unspecified fields) represents a missed opportunity to pass correct arguments.
]
"
False,0.4,"[
	The agent did not use any tools. While it correctly identified the downstream rate and number of devices from the user's request, it asked for upstream rate, uplink delay budget, and downlink delay budget — values the user did not specify. According to the system rules (rule 8: 'All fields stay null unless the user specifies them, never fabricate values'), the agent should have called the 'create_session' tool with the provided values (700 devices, 85 Mbps downstream) and set unspecified fields to null. The schema allows null for all those fields. The agent unnecessarily blocked on gathering information that should have defaulted to null, and failed to invoke the appropriate tool.
	The agent did not invoke any tools. Instead, it asked the user for additional information (upstream rate, uplink delay budget, downlink delay budget). While the tool schema marks these fields as 'required' in the SliceQosProfile, the system prompt rules (rules 7 and 8) state that all fields stay null unless the user specifies them and the agent should never fabricate values. The agent could have called create_session with the provided values (700 devices, 85 Mbps downstream) and set the unspecified fields to null, since the schema allows null for all those fields. Asking for missing information is a reasonable approach but means no tool arguments can be evaluated. The agent correctly identified the downstream rate value (85) and unit (Mbps) and device count (700), so the intent parsing was correct, but no tool call was made to assess argument correctness.
]
"
True,0.5,"[
	The agent correctly identified that it needs to use the 'create_session' tool and recognized the user's specifications (350 devices, 6ms latency). However, it did not actually call any tool. The agent asked for downstream and upstream throughput values, which is reasonable since those are required fields in the schema. But according to the rules, 'All fields stay null unless the user specifies them, never fabricate values' - meaning the agent could have proceeded with null values for the throughput fields and called create_session with maxNumOfDevices=350, downStreamDelayBudget={value:6, unit:'Milliseconds'}, upStreamDelayBudget={value:6, unit:'Milliseconds'}, and null for the rate fields. The agent's decision to ask for throughput values rather than setting them to null and proceeding with the tool call was incorrect per the stated rules, though the schema marks these as required fields which creates some ambiguity. The agent should have attempted the create_session call with the available information.
	The agent did not invoke any tools/primitives in this turn. Instead, it correctly identified that the user did not provide throughput values (downstream and upstream rates per device), which are required fields in the SliceQosProfile schema. The agent appropriately asked the user for these missing values before making the tool call. The agent correctly extracted the number of devices (350) and latency (6 ms) from the user's request. It also correctly identified the unit as milliseconds. While no tool arguments can be evaluated since no tools were called, the agent's behavior of asking for missing required information before calling the tool is reasonable. However, per the system rules (rule 8: 'All fields stay null unless the user specifies them, never fabricate values'), the agent could have proceeded with the tool call setting downStreamRatePerDevice and upStreamRatePerDevice to null, since the schema allows null values for these fields. The agent's decision to ask rather than proceed with nulls is a minor deviation from the instructions, which slightly reduces the score.
]
"
True,0.5,"[
	The agent did not use any tools. It asked the user for downstream and upstream throughput values before proceeding. However, according to the system rules (rule 8: 'All fields stay null unless the user specifies them, never fabricate values'), the agent should have proceeded to call 'create_session' with the provided values (900 devices, 5ms packet delay budget) and left the unspecified fields (downstream/upstream rates) as null. The schema allows these fields to be null. The agent's decision to ask for throughput values contradicts the instructions, and it should have called create_session with the available information, setting unspecified fields to null.
	The agent did not invoke any tools. Instead, it asked the user for downstream and upstream throughput values. While the agent correctly identified the user's specifications (900 devices, 5 ms packet delay budget), it failed to proceed with creating the session using the available information. According to the system rules, 'All fields stay null unless the user specifies them, never fabricate values' — this means the agent could have called create_session with maxNumOfDevices=900, downStreamDelayBudget={value:5, unit:'Milliseconds'}, upStreamDelayBudget={value:5, unit:'Milliseconds'}, and set downStreamRatePerDevice=null, upStreamRatePerDevice=null, serviceTime=null, serviceArea=null. The tool schema allows null values for these fields. The agent unnecessarily blocked on asking for throughput values that the user didn't provide and which should remain null per the instructions. Since no primitives were actually used, we cannot evaluate argument correctness directly, but the agent's failure to call the tool with the correct null-populated arguments represents a missed opportunity to correctly use the available primitive.
]
"
True,0.5,"[
	The agent did not use any tools. According to the system rules, fields not specified by the user should stay null, and the number of devices and downstream rate are not required values (rules 1, 3, 8). The user provided uplink rate (25 Mbps) and latency (7 ms), which is sufficient to call create_session with the unspecified fields set to null. The agent incorrectly asked for downstream rate and max number of devices as 'required parameters' when the rules explicitly state these are not required and should remain null unless specified by the user. The agent should have proceeded to call create_session with upStreamRatePerDevice={value:25, unit:'Mbps'}, upStreamDelayBudget={value:7, unit:'Milliseconds'}, downStreamDelayBudget={value:7, unit:'Milliseconds'}, and null for the remaining fields.
	The agent did not use any tools/primitives. Instead, it asked the user for additional information (downstream rate and number of devices). According to the system rules, fields not specified by the user should remain null, and the number of devices is not required. The agent could have proceeded to call create_session with the provided uplink rate (25 Mbps) and latency (7 ms), setting unspecified fields to null. Since no tools were invoked, no arguments can be evaluated for correctness, but the agent's failure to call the tool when it had sufficient information to do so (with null for unspecified fields) represents a missed opportunity. The score reflects that while no incorrect arguments were passed (since no tools were used), the agent should have invoked create_session with appropriate arguments based on the available information.
]
"
True,0.5,"[
	The agent did not use any tools. It correctly identified the user's parameters (450 devices, 6ms latency) and recognized that throughput values were not provided. However, according to the system rules (rule 8: 'All fields stay null unless the user specifies them, never fabricate values'), the agent should have proceeded to call create_session with the provided values (maxNumOfDevices=450, downStreamDelayBudget and upStreamDelayBudget set to 6 Milliseconds) and left the throughput fields as null, rather than asking the user for throughput values. The downstream and upstream rate per device are not required by the user and should remain null per the instructions. The agent should have used the create_session tool but didn't.
	The agent did not invoke any tools/primitives. Instead, it asked the user for additional information (downstream and upstream throughput rates). While asking for required missing information can be reasonable, the system rules state 'All fields stay null unless the user specifies them, never fabricate values.' Since the user did not specify throughput values, those fields should be set to null. The agent could have called create_session with the available information (maxNumOfDevices=450, downStreamDelayBudget={value:6, unit:'Milliseconds'}, upStreamDelayBudget={value:6, unit:'Milliseconds'}, serviceTime=null, serviceArea=null, downStreamRatePerDevice=null, upStreamRatePerDevice=null) rather than asking for throughput values the user never mentioned. No primitives were used, so no argument correctness can be evaluated, but the agent should have proceeded with a tool call using the provided parameters.
]
"
True,0.5,"[
	The agent did not use any tools, which is appropriate given that it needs more information (downstream and upstream throughput rates) before it can call create_session. However, the agent's behavior is debatable: according to rule 8 ('All fields stay null unless the user specifies them, never fabricate values'), the agent could have proceeded to call create_session with null values for the throughput fields since the user didn't specify them, and the schema allows null for downStreamRatePerDevice and upStreamRatePerDevice. The agent correctly identified the need for 500 devices and 5ms delay budget, and correctly recognized 'ms' as milliseconds. But asking for throughput values that the user didn't mention, rather than leaving them null, goes against the system instructions. The agent should have called create_session with the provided values and null for unspecified fields.
	The agent did not invoke any tools/primitives. Instead, it asked the user for additional information (downstream and upstream throughput rates). While asking for missing required information can be reasonable, the agent's rules state 'All fields stay null unless the user specifies them, never fabricate values.' Since the user did not specify throughput values, those fields should be set to null. The agent could have called create_session with the known values (maxNumOfDevices=500, downStreamDelayBudget={value:5, unit:'Milliseconds'}, upStreamDelayBudget={value:5, unit:'Milliseconds'}) and null for the unspecified fields (serviceTime, serviceArea, downStreamRatePerDevice, upStreamRatePerDevice). Since no primitives were actually used, there are no arguments to evaluate as correct or incorrect, but the agent should have proceeded with a tool call rather than asking for information the user didn't provide.
]
"
True,0.5,"[
	The agent did not use any tools. While it correctly identified the user's specifications (1000 devices, 700 kbps uplink), it asked for additional parameters (downstream rate, uplink/downlink delay budgets) instead of proceeding with the create_session tool. According to the system rules, 'All fields stay null unless the user specifies them, never fabricate values.' The agent should have called create_session with maxNumOfDevices=1000, upStreamRatePerDevice={value:700, unit:'kbps'}, and set downStreamRatePerDevice, downStreamDelayBudget, upStreamDelayBudget, serviceTime, and serviceArea to null. The tool schema allows null values for these fields. The agent unnecessarily asked for information that should have defaulted to null per the instructions.
	The agent did not use any tools/primitives. Instead, it asked the user for additional information (downstream rate, uplink delay budget, downlink delay budget). While the SliceQosProfile schema lists these as 'required' fields, the system prompt rules (rules 7 and 8) state that all fields stay null unless the user specifies them and the agent should never fabricate values. The agent could have called create_session with the provided values (maxNumOfDevices=1000, upStreamRatePerDevice={value:700, unit:'kbps'}) and set the unspecified fields to null, since the schema allows null for all those fields. By not invoking any tool, the agent failed to act on the information already provided. No tool arguments can be evaluated since no tools were called, but the agent's decision to not call the tool when it could have represents a missed opportunity with partial justification.
]
"
True,0.5,"[
	The agent did not use any tools. It correctly identified that it needs downstream and upstream throughput values before creating the session, which is reasonable since those are required fields in the SliceQosProfile schema. However, looking at the system rules (rule 8: 'All fields stay null unless the user specifies them, never fabricate values'), the agent could have proceeded to call create_session with null values for downStreamRatePerDevice and upStreamRatePerDevice since the user didn't specify them, while setting maxNumOfDevices to 1800 and both delay budgets to 150 Milliseconds. The schema allows null for these rate fields. The agent's decision to ask for throughput values contradicts the instruction that unspecified fields should remain null, so it should have called create_session directly with the available information.
	The agent did not invoke any tools/primitives. Instead, it asked the user for additional information (downstream and upstream throughput rates). While asking for missing required information can be reasonable, the agent could have proceeded by setting the throughput fields to null (since the user didn't specify them and the rules state 'All fields stay null unless the user specifies them, never fabricate values'). The agent had enough information to call create_session with maxNumOfDevices=1800, downStreamDelayBudget={value:150, unit:'Milliseconds'}, upStreamDelayBudget={value:150, unit:'Milliseconds'}, and null for the rate fields, serviceTime, and serviceArea. Since no primitives were actually used, there are no arguments to evaluate as correct or incorrect, but the agent's failure to call the tool when it could have done so with the available information represents a missed opportunity. The score reflects that no tool arguments were incorrect (none were passed), but the agent should have proceeded with the tool call.
]
"
False,0.4,"[
	The agent did not use any tools. According to the system rules, 'All fields stay null unless the user specifies them, never fabricate values.' The user specified 900 devices and 400 kbps uplink. The remaining fields (downstream rate, delay budgets, service time, service area) were not specified and should be set to null. The agent should have called 'create_session' with maxNumOfDevices=900, upStreamRatePerDevice={value:400, unit:'kbps'}, and all other fields as null, rather than asking the user for additional information that the rules say should remain null. The correct tool (create_session) was available but was not used.
	The agent did not use any tools/primitives. While it asked clarifying questions about downstream rate and delay budgets, the system rules state 'All fields stay null unless the user specifies them, never fabricate values.' This means the agent could have called create_session with the provided values (maxNumOfDevices=900, upStreamRatePerDevice={value:400, unit:'kbps'}) and set the unspecified fields (downStreamRatePerDevice, downStreamDelayBudget, upStreamDelayBudget, serviceTime, serviceArea) to null. The SliceQosProfile schema requires these fields but accepts null values. By not invoking any tool, the agent failed to act on the information already available. The score reflects that no tool arguments can be evaluated since no tools were called, and the agent unnecessarily asked for information that should have remained null per the instructions.
]
"
True,0.5,"[
	The agent did not use any tools. It correctly identified the user's specifications (1300 devices, 200 ms packet delay budget) and asked for the missing required throughput parameters (downstream and upstream rates). However, looking at the tool schema, the SliceQosProfile fields like downStreamRatePerDevice and upStreamRatePerDevice accept null values, meaning the agent could have proceeded to call create_session with null values for the throughput fields, since rule 8 states 'All fields stay null unless the user specifies them, never fabricate values.' The agent should have called create_session with maxNumOfDevices=1300, downStreamDelayBudget={value:200, unit:'Milliseconds'}, upStreamDelayBudget={value:200, unit:'Milliseconds'}, and null for the rate fields, rather than asking the user for information they didn't provide. The delay budget unit was correctly assumed as Milliseconds per rule 6. The decision to ask for throughput values contradicts the system instructions which say fields should stay null unless specified by the user.
	The agent did not invoke any tools/primitives. Instead, it asked the user for additional information (downstream and upstream throughput rates). While the user did not provide throughput values, the agent could have proceeded by calling create_session with null values for downStreamRatePerDevice and upStreamRatePerDevice (since the schema allows null for these fields), along with the provided values: maxNumOfDevices=1300, and both downStreamDelayBudget and upStreamDelayBudget set to {value: 200, unit: 'Milliseconds'}, serviceTime=null, serviceArea=null. The system rules state 'All fields stay null unless the user specifies them, never fabricate values,' which means unspecified throughput fields should remain null rather than requiring the user to provide them. Since no primitives were actually used, there are no arguments to evaluate as correct or incorrect, but the agent should have made the tool call with the available information rather than asking for more details.
]
"
True,0.5,"[
	The agent did not use any tools. According to the system rules (rule 8: 'All fields stay null unless the user specifies them, never fabricate values'), the agent should have called 'create_session' with the provided values (maxNumOfDevices=2400, upStreamRatePerDevice={value:500, unit:'kbps'}) and set unspecified fields (downStreamRatePerDevice, downStreamDelayBudget, upStreamDelayBudget, serviceTime, serviceArea) to null. Instead, the agent asked for additional information (downstream rate, uplink delay budget, downlink delay budget) that the user did not provide and which should have been left as null per the instructions. The correct action was to proceed with the create_session tool using the information given and null for everything else.
	The agent did not invoke any tools. While it correctly identified the user's specified parameters (2400 devices, 500 kbps uplink), it asked for additional information (downstream rate, uplink delay budget, downlink delay budget) instead of proceeding with the tool call. According to the rules, all fields stay null unless the user specifies them (rule 8), and the schema allows null values for downStreamRatePerDevice, upStreamRatePerDevice, downStreamDelayBudget, and upStreamDelayBudget. The agent should have called create_session with serviceTime=null, serviceArea=null, and a sliceQosProfile with maxNumOfDevices=2400, upStreamRatePerDevice={value: 500, unit: 'kbps'}, and the remaining QoS fields set to null. Since no tool was called, no arguments can be evaluated for correctness, but the failure to call the tool with the available information represents a missed opportunity to correctly use the primitive.
]
"
False,0.4,"[
	The agent did not use any tools. While it correctly identified the downstream rate (220 Mbps) and latency (15 ms), it asked for upstream rate and maximum number of devices before proceeding. According to the system rules, fields not specified by the user should stay null (rules 1, 3, 7, 8). The agent should have called 'create_session' with the provided downstream rate and latency values, setting unspecified fields (upstream rate, maxNumOfDevices, serviceTime, serviceArea) to null. Instead, it unnecessarily asked for additional information that the rules explicitly say should remain null when not provided by the user.
	The agent did not invoke any tools/primitives. While it correctly identified the downstream rate (220 Mbps) and latency (15 ms), it asked the user for upstream rate and maximum number of devices before proceeding. According to the system rules, fields not specified by the user should remain null (rules 1, 3, 7, 8), meaning the agent could have called create_session with null values for upstream rate and maxNumOfDevices. The agent's decision to ask for these values rather than proceeding with nulls is a behavioral issue, but since no tools were actually called, there are no incorrect arguments to evaluate. The score reflects that the agent failed to use the available tools when it had sufficient information to do so, though no argument errors were made since no calls were attempted.
]
"
True,0.5,"[
	The agent did not use any tools. While it correctly identified the user's specified parameters (300 devices, 140 Mbps downstream), it asked for upstream rate, uplink delay budget, and downlink delay budget before proceeding. According to the system rules (rule 8: 'All fields stay null unless the user specifies them, never fabricate values'), the agent should have called create_session with the provided values (maxNumOfDevices=300, downStreamRatePerDevice={value:140, unit:'Mbps'}) and set the unspecified fields (upStreamRatePerDevice, downStreamDelayBudget, upStreamDelayBudget, serviceTime, serviceArea) to null. The tool schema allows null for all these fields. The agent unnecessarily asked for information the user didn't provide instead of proceeding with the create_session tool call.
	The agent did not invoke any tools/primitives. While it correctly identified the downstream rate (140 Mbps) and number of devices (300) from the user's request, and appropriately asked for missing required parameters (upstream rate, uplink delay budget, downlink delay budget), it could have proceeded by calling create_session with the known values set and the unknown required fields set to null, since the tool schema allows null values for those fields. However, since no primitives were actually used, there are no arguments to evaluate as incorrect or correct. The agent's decision to ask clarifying questions rather than call the tool is a tool selection/strategy issue, but per the instructions we focus only on argument correctness of tools actually used. Since no tools were called, the score reflects that the task was not advanced via tool use despite having sufficient information to at least attempt a partial call.
]
"
True,0.5,"[
	The agent did not use any tools. It correctly identified the user's specifications (500 devices, 25 ms packet delay budget) and asked for missing throughput values (downstream and upstream rates). However, looking at the tool schema, the SliceQosProfile fields including downStreamRatePerDevice and upStreamRatePerDevice accept null values. Per the system instructions (rule 8: 'All fields stay null unless the user specifies them, never fabricate values'), the agent could have proceeded to call create_session with null values for the throughput fields rather than asking the user for them. The downstream and upstream rates are not truly 'required' from the user's perspective since they can be null. The agent should have called create_session with maxNumOfDevices=500, downStreamDelayBudget={value:25, unit:'Milliseconds'}, upStreamDelayBudget={value:25, unit:'Milliseconds'}, and null for the rate fields, serviceTime, and serviceArea.
	The agent did not invoke any tools. Instead, it asked the user for additional information (downstream and upstream throughput rates). While the user did not provide throughput values, the system rules state 'All fields stay null unless the user specifies them, never fabricate values.' This means the agent could have called create_session with null values for downStreamRatePerDevice and upStreamRatePerDevice, along with the specified maxNumOfDevices (500) and delay budgets (25 ms). The agent's decision to ask for clarification rather than proceeding with null throughput values means no tool arguments can be evaluated, but the agent missed an opportunity to correctly invoke the tool with the information already available. Since no primitives were used, there are no argument correctness issues to evaluate, but the agent should have made the tool call with appropriate null values for unspecified fields.
]
"
True,0.5,"[
	The agent correctly identified that it needs to ask for missing throughput values before calling create_session, which is reasonable since downstream and upstream rates are required fields in the schema. However, looking at the system rules (rule 8: 'All fields stay null unless the user specifies them, never fabricate values'), the agent could have proceeded to call create_session with null values for the throughput fields since the user didn't specify them, along with the 700 devices and 4ms latency that were specified. The schema allows null for downStreamRatePerDevice and upStreamRatePerDevice. The agent's decision to ask for throughput rather than setting them to null and proceeding with the tool call was suboptimal given the instructions. No tools were used when create_session could have been called with the available information.
	The agent did not invoke any tools/primitives. It correctly identified the user's specifications (700 devices, 4 ms latency) and appropriately asked for the missing throughput values (downstream and upstream rates per device) before making the tool call. However, since no primitives were actually used, there are no arguments to evaluate for correctness. The agent's decision to ask clarifying questions is reasonable given that the create_session tool's SliceQosProfile requires downStreamRatePerDevice and upStreamRatePerDevice as required fields. The score reflects that while the agent's behavior is defensible, it could have also proceeded by passing null for the throughput fields (since per rule 8, all fields stay null unless specified), rather than asking the user for values they didn't mention.
]
"
False,0.4,"[
	The agent did not use any tools. According to the system rules, the number of devices (maxNumOfDevices) and downstream rate are not required values and should stay null unless the user specifies them (rules 1, 3, 7, 8). The user provided uplink rate (30 Mbps) and packet delay budget (2 ms), which is sufficient information to call create_session with the other fields set to null. The agent incorrectly asked for downstream rate and number of devices as 'required parameters' when the rules explicitly state they are not required and should remain null if unspecified. The agent should have proceeded to call create_session with upStreamRatePerDevice={value:30, unit:'Mbps'}, upStreamDelayBudget={value:2, unit:'Milliseconds'}, and null for the other unspecified fields.
	The agent did not invoke any tools. Instead, it asked the user for additional information (downstream rate and maximum number of devices). According to the system rules, fields should stay null unless the user specifies them (rules 3, 5, 8), and the number of devices and downstream rate are not required values from the user's perspective (rule 1 states UEs are not required). The agent had enough information to call create_session with: upStreamRatePerDevice={value:30, unit:'Mbps'}, upStreamDelayBudget={value:2, unit:'Milliseconds'} (rule 6 applies since 'ms' was given, though Milliseconds is appropriate), and null for all other fields (serviceTime, serviceArea, maxNumOfDevices, downStreamRatePerDevice, downStreamDelayBudget). By not calling the tool at all, the agent failed to pass any arguments, which means we cannot evaluate argument correctness for tool calls that should have been made. The agent's decision to ask for unnecessary information rather than proceeding with the available data represents a failure to use the tools with appropriate arguments when it should have.
]
"
True,0.5,"[
	The agent did not use any tools. It correctly identified the user's specifications (1600 devices, 180 ms latency) and asked for missing throughput values. However, according to the system rules (rule 8: 'All fields stay null unless the user specifies them, never fabricate values'), the agent could have proceeded to call create_session with the provided values (maxNumOfDevices=1600, downStreamDelayBudget and upStreamDelayBudget set to 180 Milliseconds) and left the throughput fields as null, since the user didn't specify them. The downstream and upstream rate fields accept null values according to the schema. Instead of asking unnecessary follow-up questions, the agent should have called create_session with the available information and null for unspecified fields.
	The agent did not use any tools/primitives. Instead, it asked the user for downstream and upstream throughput values. While asking for missing required information can be reasonable, the system rules state 'All fields stay null unless the user specifies them, never fabricate values.' The downstream and upstream rate fields in the SliceQosProfile accept null values, so the agent could have proceeded by calling create_session with null for those rate fields, along with maxNumOfDevices=1600 and delay budgets set to 180 Milliseconds. By not invoking any tool, the agent failed to act on the information already provided. The agent's behavior is partially justified since the tool schema marks these as 'required' fields in SliceQosProfile, but since they accept null, the agent should have proceeded with the available information.
]
"
True,0.5,"[
	The agent did not use any tools. While it correctly identified the uplink rate (600 kbps) and number of devices (1100), it asked the user for downstream rate, uplink delay budget, and downlink delay budget before proceeding. According to the system rules (rule 8: 'All fields stay null unless the user specifies them, never fabricate values'), the agent should have called create_session with the provided values (maxNumOfDevices=1100, upStreamRatePerDevice={value:600, unit:'kbps'}) and set the unspecified fields (downStreamRatePerDevice, downStreamDelayBudget, upStreamDelayBudget, serviceTime, serviceArea) to null. The schema allows null for these fields. The agent unnecessarily asked for information the user didn't provide, instead of proceeding with the create_session tool call using null for unspecified parameters.
	The agent did not use any tools/primitives. Instead, it asked the user for additional information (downstream rate, uplink delay budget, downlink delay budget). While the tool schema marks these fields as required in the SliceQosProfile, the system instructions state 'All fields stay null unless the user specifies them, never fabricate values.' The agent could have called create_session with the provided values (1100 devices, 600 kbps uplink) and set the unspecified fields to null, since the schema allows null for all those fields. The agent's decision to ask for more information rather than proceeding with null values for unspecified fields is debatable but results in no tool being called, so no arguments can be evaluated for correctness. The score reflects that the agent failed to invoke the tool when it had sufficient information to do so per the system rules.
]
"
True,0.5,"[
	The agent did not use any tools, instead asking the user for additional information (downstream rate and number of devices). According to the system rules, fields should stay null unless the user specifies them (rules 1, 3, 7, 8). The user specified uplink rate (350 Mbps) and latency (20 ms). The agent should have proceeded to call 'create_session' with the provided values (upStreamRatePerDevice: {value: 350, unit: 'Mbps'}, delay budgets: {value: 20, unit: 'Milliseconds'}) and set unspecified fields (downStreamRatePerDevice, maxNumOfDevices, serviceTime, serviceArea) to null. Asking for downstream rate and number of devices contradicts the rules that state these are not required and should remain null unless specified by the user. The agent correctly identified the right tool (create_session) conceptually but failed to invoke it when it should have.
	The agent did not invoke any tools. While it correctly identified the uplink rate (350 Mbps) and latency (20 ms), it asked the user for downstream rate and maximum number of devices before proceeding. According to the system rules, fields not specified by the user should remain null, and the number of devices is not required. The agent could have called create_session with the available information (upStreamRatePerDevice: {value: 350, unit: 'Mbps'}, upStreamDelayBudget: {value: 20, unit: 'Milliseconds'}, downStreamDelayBudget: {value: 20, unit: 'Milliseconds'}, and null for unspecified fields like maxNumOfDevices, downStreamRatePerDevice, serviceTime, serviceArea). Since no primitives were actually used, there are no arguments to evaluate as correct or incorrect, but the agent's failure to proceed with the tool call when it had sufficient information represents a missed opportunity. The score reflects that while no incorrect arguments were passed, the agent unnecessarily delayed tool invocation by asking for information that should have been left null per the rules.
]
"
True,0.5,"[
	The agent did not use any tools. It correctly identified the user's specifications (90 devices, 3 ms packet delay budget) and recognized that downstream and upstream rates were not provided. However, according to the system rules (rule 8: 'All fields stay null unless the user specifies them, never fabricate values'), the agent should have proceeded to call 'create_session' with the provided values (maxNumOfDevices=90, downStreamDelayBudget and upStreamDelayBudget with value=3 and unit='Milliseconds') and set the unspecified fields (downStreamRatePerDevice, upStreamRatePerDevice, serviceTime, serviceArea) to null, rather than asking for additional throughput information. The throughput values are not required by the user's request and should remain null per the rules. The agent's decision to ask follow-up questions instead of calling create_session was incorrect.
	The agent did not invoke any tools/primitives. Instead, it asked the user for additional information (downstream and upstream throughput rates). While asking for missing required information can be reasonable, the system rules state 'All fields stay null unless the user specifies them, never fabricate values.' This means the agent could have proceeded by calling create_session with downStreamRatePerDevice and upStreamRatePerDevice set to null, along with maxNumOfDevices=90 and both delay budgets set to {value: 3, unit: 'Milliseconds'}, serviceTime=null, and serviceArea=null. Since no primitives were actually used, there are no arguments to evaluate as correct or incorrect, but the agent should have made the tool call with the available information rather than asking for values the user didn't provide.
]
"
True,0.5,"[
	The agent did not use any tools. While it correctly identified the user's specifications (2000 devices, 500 kbps uplink), it asked for additional parameters (downstream rate, uplink/downlink delay budgets) instead of proceeding with the create_session tool. According to the system rules, 'All fields stay null unless the user specifies them, never fabricate values.' This means the agent should have called create_session with maxNumOfDevices=2000, upStreamRatePerDevice={value:500, unit:'kbps'}, and set downStreamRatePerDevice, downStreamDelayBudget, upStreamDelayBudget, serviceTime, and serviceArea to null. The schema allows null for these fields. The agent unnecessarily asked for information that should have defaulted to null, delaying the task completion and failing to use the appropriate tool.
	The agent did not invoke any tools/primitives. Instead, it asked the user for additional information (downstream rate, uplink delay budget, downlink delay budget). While the schema marks these fields as 'required' in the SliceQosProfile, the system prompt (rule 8) states 'All fields stay null unless the user specifies them, never fabricate values.' The agent could have called create_session with the known values (maxNumOfDevices=2000, upStreamRatePerDevice={value:500, unit:'kbps'}) and set the unspecified fields to null. The user provided enough information for a valid tool call, so the agent's failure to invoke any primitive is a partial shortcoming — no arguments were incorrect since none were passed, but the opportunity to pass correct arguments was missed.
]
"
